atleta_id,nome,clube,posicao,status_id,preco,variacao,media,jogos,pontos_rodada,entrou_em_campo,mandante,adversario,residuo_z,armadilha_label,media_bayesiana,pb_media,confiabilidade,score_confronto_100,condicao_mando,pontos_esperados
144423,Nicolas Pontes,CRU,Lateral,6,1.0,0.0,0.0,0,0.0,False,False,REM,0.898,valor_bom,0.0,0.0,0.0,47.2,neutro,0.0
78850,Reinaldo,MIR,Lateral,7,7.75,-0.3,0.54,8,0.0,True,False,SAO,-1.556,armadilha_forte,2.975,0.54,1.0,29.2,desfavoravel,1.74
141776,Gustavo Henrique,SAN,Meia,6,2.56,-0.13,1.57,6,1.2,True,False,BAH,0.328,neutro,1.188,1.57,0.75,34.7,desfavoravel,0.62
147297,William Fernando,CRU,Lateral,6,1.0,0.0,0.0,0,0.0,False,False,REM,0.898,valor_bom,0.0,0.0,0.0,47.2,neutro,0.0
39148,Hulk,CAM,Atacante,7,11.8,0.16,4.55,12,3.5,True,True,FLA,-0.224,neutro,4.628,2.63,1.0,45.5,neutro,4.21
80287,Luciano,SAO,Atacante,7,14.33,1.15,4.71,10,8.0,True,True,MIR,-0.69,armadilha_leve,4.725,1.81,1.0,56.8,neutro,5.37
100652,Yuri Alberto,COR,Atacante,7,10.84,-0.68,2.68,8,1.2,True,True,VAS,-0.946,armadilha_leve,3.712,1.68,1.0,50.1,neutro,3.72
142049,Bruno Alves,CRU,Zagueiro,6,2.0,0.0,0.0,0,0.0,False,False,REM,-0.502,armadilha_leve,0.0,0.0,0.0,47.4,neutro,0.0
89368,Braithwaite,GRE,Atacante,6,7.74,-0.95,0.68,5,0.8,True,True,CFC,-0.551,armadilha_leve,3.181,0.68,0.625,33.8,neutro,1.34
115025,Miguelito,SAN,Meia,6,4.04,0.0,1.9,4,0.0,False,False,BAH,0.002,neutro,1.898,1.9,0.5,34.7,desfavoravel,0.66
146991,Rhuan Gabriel,CRU,Meia,6,1.39,0.0,1.2,1,0.0,False,False,REM,1.335,valor_bom,0.934,1.2,0.125,60.5,neutro,0.14
133673,Mateus Xavier,SAN,Atacante,6,2.0,0.0,0.0,0,0.0,False,False,BAH,-0.544,armadilha_leve,0.0,0.0,0.0,35.0,desfavoravel,0.0
106104,Enamorado,GRE,Atacante,7,7.91,0.13,3.91,11,6.0,True,True,CFC,0.529,valor_bom,4.261,3.46,1.0,33.8,neutro,2.88
123649,Janderson,CRU,Zagueiro,6,1.0,0.0,0.0,0,0.0,False,False,REM,0.743,valor_bom,0.0,0.0,0.0,47.4,neutro,0.0
86292,Bolasie,CHA,Atacante,7,4.25,1.05,1.25,10,5.0,True,False,FLU,-0.631,armadilha_leve,1.586,0.75,1.0,24.9,desfavoravel,0.79
94583,Pedro,FLA,Atacante,7,16.98,-1.62,8.2,10,7.9,True,False,CAM,0.856,valor_bom,6.664,2.7,1.0,55.0,neutro,7.33
128433,Johan Rojas,VAS,Meia,7,4.11,-0.47,1.73,10,1.3,True,False,COR,-0.149,neutro,1.804,1.23,1.0,47.1,neutro,1.7
91639,Igor Cariús,MIR,Lateral,6,2.94,0.0,1.0,1,0.0,False,False,SAO,0.146,neutro,1.711,1.0,0.125,29.2,desfavoravel,0.12
147287,Kaiquy Luiz,CRU,Zagueiro,6,1.0,0.0,0.0,0,0.0,False,False,REM,0.743,valor_bom,0.0,0.0,0.0,47.4,neutro,0.0
142130,Marcelo Eráclito,CRU,Goleiro,6,1.0,0.0,0.0,0,0.0,False,False,REM,0.689,valor_bom,0.0,0.0,0.0,47.9,neutro,0.0
78946,Dória,SAO,Zagueiro,6,6.45,0.0,0.0,1,0.0,False,True,MIR,0.494,neutro,3.486,0.0,0.125,59.3,neutro,0.52
103445,Kaio Jorge,CRU,Atacante,7,11.76,-0.27,4.26,7,2.1,True,False,REM,-0.331,neutro,4.518,1.97,0.875,59.8,neutro,4.73
114802,Vitor Roque,PAL,Atacante,6,17.01,-0.98,7.6,7,0.9,True,False,RBB,0.231,neutro,6.077,4.17,0.875,52.5,neutro,5.58
145400,Cauê,RBB,Lateral,6,4.87,0.0,5.25,2,0.0,False,True,PAL,0.923,valor_bom,3.833,3.75,0.25,46.8,neutro,0.9
101908,Willian Machado,MIR,Zagueiro,7,5.33,0.93,2.61,8,6.5,True,False,SAO,-0.09,neutro,2.489,2.61,1.0,29.4,desfavoravel,1.46
118655,Saldivia,VAS,Zagueiro,3,4.71,0.0,2.01,8,0.0,False,False,COR,-0.099,neutro,2.189,2.01,1.0,68.1,neutro,2.98
112367,Thalisson Gabriel,REM,Zagueiro,6,3.0,0.0,0.0,0,0.0,False,True,CRU,-1.386,armadilha_leve,0.0,0.0,0.0,63.4,neutro,0.0
108713,Galeano,MIR,Atacante,6,5.54,0.0,1.74,7,0.0,False,False,SAO,-1.01,armadilha_leve,1.882,1.74,0.875,24.8,desfavoravel,0.82
126120,Marcelinho,RBB,Meia,7,3.11,-0.6,2.93,3,-0.7,True,True,PAL,0.162,neutro,1.454,1.26,0.375,48.4,neutro,0.53
131516,JP Chermont,CFC,Lateral,6,5.45,0.0,4.33,7,0.0,False,False,GRE,0.606,valor_bom,3.876,2.33,0.875,44.0,neutro,2.98
130280,Phillipe Gabriel,VAS,Goleiro,6,1.0,0.0,0.0,0,0.0,False,False,COR,0.689,valor_bom,0.0,0.0,0.0,68.6,neutro,0.0
81121,Lucas Mugni,MIR,Meia,6,7.0,0.0,0.0,0,0.0,False,False,SAO,-3.647,armadilha_forte,0.0,0.0,0.0,24.1,desfavoravel,0.0
132412,Román Gómez,BAH,Lateral,6,8.47,0.0,7.1,2,0.0,False,True,SAN,1.165,valor_bom,5.748,5.6,0.25,57.8,neutro,1.66
133696,Wallace Davi,BOT,Meia,6,4.0,0.0,0.0,0,0.0,False,True,INT,-2.12,armadilha_forte,0.0,0.0,0.0,41.0,neutro,0.0
115986,Denilson,MIR,Meia,7,4.29,0.24,1.28,4,2.7,True,False,SAO,-0.39,neutro,1.691,1.28,0.5,24.1,desfavoravel,0.41
51413,Walter,MIR,Goleiro,7,6.3,0.17,3.5,10,5.8,True,False,SAO,0.704,valor_bom,3.804,3.5,1.0,29.9,desfavoravel,2.27
94514,Lucas Oliveira,MIR,Zagueiro,7,6.61,2.7,4.63,3,12.0,True,False,SAO,1.113,valor_bom,4.115,2.63,0.375,29.4,desfavoravel,0.91
141139,Mateus Iseppe,CAM,Meia,6,2.0,0.0,0.0,0,0.0,False,True,FLA,-0.461,neutro,0.0,0.0,0.0,45.6,neutro,0.0
141131,Vitão,CAM,Zagueiro,6,1.0,0.0,0.0,0,0.0,False,True,FLA,0.743,valor_bom,0.0,0.0,0.0,46.4,neutro,0.0
146894,João Bom,CHA,Atacante,6,2.0,0.0,0.0,0,0.0,False,False,FLU,-0.544,armadilha_leve,0.0,0.0,0.0,24.9,desfavoravel,0.0
114040,Minda,CAM,Atacante,5,7.36,0.0,1.93,4,0.0,False,True,FLA,0.249,neutro,3.806,1.93,0.5,45.5,neutro,1.73
90061,Bruno Pacheco,CHA,Lateral,7,5.86,0.93,2.22,4,6.7,True,False,FLU,-0.525,armadilha_leve,3.059,2.22,0.5,28.9,desfavoravel,0.88
147090,Kauã Pascini,CAM,Lateral,6,2.85,0.0,5.0,1,0.0,False,True,FLA,0.722,valor_bom,2.156,2.0,0.125,46.2,neutro,0.25
103183,Andrew,FLA,Goleiro,6,3.0,0.0,0.0,0,0.0,False,False,CAM,-1.184,armadilha_leve,0.0,0.0,0.0,47.8,neutro,0.0
70666,Marllon,REM,Zagueiro,7,5.65,-0.76,3.23,12,2.0,True,True,CRU,0.19,neutro,2.885,2.48,1.0,63.4,favoravel,3.66
94154,Maycon,CAM,Meia,7,5.48,-0.42,2.12,5,1.0,True,True,FLA,0.868,valor_bom,3.385,2.12,0.625,45.6,neutro,1.93
83433,Patrick,REM,Meia,7,3.99,-0.57,2.09,9,0.2,True,True,CRU,0.149,neutro,1.999,2.09,1.0,70.6,favoravel,2.82
116034,Victor Hugo,CAM,Meia,7,7.27,0.34,4.33,12,3.7,True,True,FLA,1.075,valor_bom,4.268,2.66,1.0,45.6,neutro,3.89
102909,Luan,SAO,Meia,2,3.01,0.0,0.5,3,0.0,False,True,MIR,-0.507,armadilha_leve,0.792,0.5,0.375,56.4,neutro,0.34
130048,Noriega,GRE,Zagueiro,7,7.28,-1.12,4.62,9,-0.1,True,True,CFC,1.045,valor_bom,4.291,2.73,1.0,37.8,neutro,3.24
100342,Léo Andrade,REM,Zagueiro,6,4.79,0.0,2.95,4,0.0,False,True,CRU,0.263,neutro,2.561,2.95,0.5,63.4,favoravel,1.62
93988,Breno Lopes,CFC,Atacante,7,9.4,-0.1,4.89,11,7.4,True,False,GRE,0.641,valor_bom,4.828,1.25,1.0,47.5,neutro,4.59
91251,Rodrigues,MIR,Zagueiro,6,4.11,0.0,2.0,1,0.0,False,False,SAO,0.391,neutro,2.326,2.0,0.125,29.4,desfavoravel,0.17
141873,Jacaré,COR,Lateral,6,2.0,0.0,0.0,0,0.0,False,True,VAS,-0.668,armadilha_leve,0.0,0.0,0.0,44.3,neutro,0.0
106302,Preciado,CAM,Lateral,6,7.2,-0.75,4.0,7,0.5,True,True,FLA,-0.49,neutro,3.722,3.14,0.875,46.2,neutro,3.01
70449,Gabriel,VIT,Goleiro,6,5.6,0.0,2.2,2,0.0,False,False,CAP,0.962,valor_bom,3.788,0.0,0.25,31.7,desfavoravel,0.6
106708,Igor Formiga,MIR,Lateral,7,7.76,0.06,4.85,10,3.5,True,False,SAO,0.758,valor_bom,5.099,3.65,1.0,29.2,desfavoravel,2.98
105089,Tetê,GRE,Atacante,6,9.67,-0.23,3.86,10,3.0,True,True,CFC,-0.047,neutro,4.253,3.06,1.0,33.8,neutro,2.88
71536,Luiz Gustavo,CAP,Meia,7,5.61,-0.29,2.75,9,0.9,True,True,VIT,0.845,valor_bom,3.421,2.19,1.0,71.9,favoravel,4.92
69208,Gabriel Paulista,COR,Zagueiro,7,10.43,-0.07,5.49,8,7.0,True,True,VAS,0.506,valor_bom,4.706,3.62,1.0,44.5,neutro,4.19
103388,Emmanuel Martínez,VIT,Meia,7,7.17,0.35,4.02,7,6.4,True,False,CAP,0.928,valor_bom,4.103,4.02,0.875,30.6,desfavoravel,2.2
147864,Rafael Monti,REM,Atacante,6,3.56,0.0,0.0,1,0.0,False,True,CRU,0.021,neutro,1.783,0.0,0.125,69.5,favoravel,0.31
89256,Gerson,CRU,Meia,7,9.71,1.25,3.74,11,12.1,True,False,REM,-0.155,neutro,3.923,3.29,1.0,60.5,neutro,4.75
95362,Cassierra,CAM,Atacante,6,4.83,-0.16,0.38,9,0.0,True,True,FLA,-1.427,armadilha_leve,1.145,0.38,1.0,45.5,neutro,1.04
141614,Paulinho,SAO,Atacante,5,2.0,0.0,0.0,0,0.0,False,True,MIR,-0.544,armadilha_leve,0.0,0.0,0.0,56.8,neutro,0.0
110633,Gustavo,CFC,Meia,6,4.0,0.0,0.0,0,0.0,False,False,GRE,-2.12,armadilha_forte,0.0,0.0,0.0,47.7,neutro,0.0
123689,Milans,COR,Lateral,7,8.96,0.71,6.03,3,7.0,True,True,VAS,0.786,valor_bom,5.579,4.03,0.375,44.3,neutro,1.85
105157,Villagra,INT,Meia,7,6.32,0.72,2.43,7,5.3,True,False,BOT,0.445,neutro,3.361,2.43,0.875,64.5,neutro,3.79
114308,Cufré,REM,Lateral,6,3.45,0.0,-0.3,1,0.0,False,True,CRU,-0.481,neutro,1.567,0.0,0.125,63.2,neutro,0.25
146374,Gilberto,CAP,Lateral,6,7.09,0.0,8.8,2,0.0,False,True,VIT,0.458,neutro,4.543,5.8,0.25,78.1,favoravel,1.77
105842,Edu,VIT,Zagueiro,5,4.13,0.0,1.5,1,0.0,False,False,CAP,0.319,neutro,2.271,1.5,0.125,31.2,desfavoravel,0.18
122554,Freitas,REM,Meia,6,1.0,0.0,0.0,0,0.0,False,True,CRU,0.856,valor_bom,0.0,0.0,0.0,70.6,favoravel,0.0
113125,Picco,REM,Meia,7,7.15,0.0,4.42,9,0.0,False,True,CRU,1.165,valor_bom,4.305,3.86,1.0,70.6,favoravel,6.08
142265,Dell,BAH,Atacante,6,1.82,0.0,0.65,4,0.0,False,True,SAN,0.37,neutro,0.68,0.65,0.5,68.8,favoravel,0.47
89918,Everton Galdino,MIR,Atacante,6,2.85,0.0,0.63,4,0.0,False,False,SAO,-0.619,armadilha_leve,0.673,0.63,0.5,24.8,desfavoravel,0.17
146623,Luis Pacheco,PAL,Meia,6,2.54,0.0,0.0,1,0.0,False,False,RBB,-0.092,neutro,0.801,0.0,0.125,52.9,neutro,0.11
86859,José Welison,REM,Meia,6,2.48,-0.58,1.18,9,-0.3,True,True,CRU,0.244,neutro,1.049,1.18,1.0,70.6,favoravel,1.48
107859,Fintelman,VIT,Goleiro,6,2.0,0.0,0.0,0,0.0,False,False,CAP,-0.407,neutro,0.0,0.0,0.0,31.7,desfavoravel,0.0
97906,Riccieli,VIT,Zagueiro,6,4.85,0.0,3.5,2,0.0,False,False,CAP,0.267,neutro,2.594,2.0,0.25,31.2,desfavoravel,0.4
68952,Marinho,VIT,Atacante,6,5.91,0.0,1.8,2,0.0,False,False,CAP,-1.096,armadilha_leve,1.965,1.8,0.25,31.1,desfavoravel,0.31
90370,Matheus Pereira,COR,Meia,6,3.55,-0.21,0.87,7,-0.3,True,True,VAS,-0.81,armadilha_leve,0.887,0.87,0.875,49.8,neutro,0.77
140496,Tiaguinho,GRE,Meia,6,1.0,0.0,0.0,0,0.0,False,True,CFC,0.856,valor_bom,0.0,0.0,0.0,32.9,neutro,0.0
110598,Marino Hinestroza,VAS,Atacante,6,6.24,0.0,2.25,7,0.0,False,False,COR,0.463,neutro,3.58,2.25,0.875,47.0,neutro,2.94
147088,Cissé,CAM,Meia,6,1.89,0.47,1.4,4,2.3,True,True,FLA,0.868,valor_bom,1.067,1.4,0.5,45.6,neutro,0.49
145436,Belé,PAL,Atacante,6,3.0,0.0,0.0,0,0.0,False,False,RBB,-1.45,armadilha_leve,0.0,0.0,0.0,52.5,neutro,0.0
99789,Brenner,VAS,Atacante,6,7.97,0.46,3.34,8,4.8,True,False,COR,0.277,neutro,4.042,2.34,1.0,47.0,neutro,3.8
141628,Pablo Lúcio,FLA,Meia,6,2.0,0.0,0.0,0,0.0,False,False,CAM,-0.461,neutro,0.0,0.0,0.0,55.5,neutro,0.0
101729,Fabinho,CFC,Atacante,6,1.51,0.0,-0.03,6,0.0,False,False,GRE,0.424,neutro,0.384,0.0,0.75,47.5,neutro,0.27
87552,Vitor Bueno,REM,Meia,7,7.58,-2.46,4.7,8,0.0,True,True,CRU,1.148,valor_bom,4.438,2.83,1.0,70.6,favoravel,6.27
107093,Luciano Juba,BAH,Lateral,7,10.79,-1.18,7.16,11,3.2,True,True,SAN,1.055,valor_bom,6.423,3.43,1.0,57.8,neutro,7.42
141551,Índio,CAM,Meia,6,1.0,0.0,0.0,0,0.0,False,True,FLA,0.856,valor_bom,0.0,0.0,0.0,45.6,neutro,0.0
107075,Yuri Sena,VIT,Goleiro,6,1.0,0.0,0.0,0,0.0,False,False,CAP,0.689,valor_bom,0.0,0.0,0.0,31.7,desfavoravel,0.0
130906,Riquelme,CAP,Meia,6,0.71,0.0,-0.3,1,0.0,False,True,VIT,2.235,valor_oculto,0.768,0.0,0.125,71.9,favoravel,0.14
104134,Fabri,VIT,Atacante,6,5.57,0.0,3.32,5,0.0,False,False,CAP,-0.36,neutro,2.511,2.32,0.625,31.1,desfavoravel,0.98
124270,Allex,INT,Meia,6,2.66,0.89,3.0,2,3.7,True,False,BOT,0.388,neutro,1.321,3.0,0.25,64.5,neutro,0.43
130608,Riquelme Fillipi,PAL,Atacante,6,0.71,0.0,-0.3,1,0.0,False,False,RBB,1.845,valor_oculto,0.585,0.0,0.125,52.5,neutro,0.08
94930,Lucas Paquetá,FLA,Meia,7,15.61,1.35,6.54,9,11.6,True,False,CAM,0.122,neutro,5.427,4.87,1.0,55.5,neutro,6.02
147202,João Bezerra,INT,Atacante,6,1.0,0.0,0.0,0,0.0,False,False,BOT,0.733,valor_bom,0.0,0.0,0.0,63.6,neutro,0.0
130847,Zé Breno,VIT,Meia,6,2.0,0.0,0.0,0,0.0,False,False,CAP,-0.461,neutro,0.0,0.0,0.0,30.6,desfavoravel,0.0
118844,Kaio César,COR,Atacante,6,9.89,-0.94,5.15,2,1.0,True,True,VAS,0.493,neutro,4.825,2.65,0.25,50.1,neutro,1.21
141406,Andrey Fernandes,VAS,Atacante,6,1.41,0.0,1.7,1,0.0,False,False,COR,0.999,valor_bom,0.807,1.7,0.125,47.0,neutro,0.09
142638,João Victor,INT,Atacante,6,1.0,0.0,0.0,0,0.0,False,False,BOT,0.733,valor_bom,0.0,0.0,0.0,63.6,neutro,0.0
146632,Alisson,INT,Lateral,6,1.0,0.0,0.0,0,0.0,False,False,BOT,0.898,valor_bom,0.0,0.0,0.0,35.5,neutro,0.0
141615,Pedro Ferreira,SAO,Meia,6,1.04,0.0,0.5,1,0.0,False,True,MIR,1.761,valor_oculto,0.856,0.5,0.125,56.4,neutro,0.12
130698,Kadu,BOT,Lateral,6,1.0,0.0,0.0,0,0.0,False,True,INT,0.898,valor_bom,0.0,0.0,0.0,55.2,neutro,0.0
147883,João Vitor,VAS,Atacante,6,1.18,0.0,0.67,3,0.0,False,False,COR,1.189,valor_bom,0.688,0.67,0.375,47.0,neutro,0.24
145036,Fernando Pradella,SAN,Atacante,6,0.82,0.0,0.0,1,0.0,False,False,BAH,1.683,valor_oculto,0.618,0.0,0.125,35.0,desfavoravel,0.05
147782,Arthur Novaes,BOT,Meia,6,1.0,0.0,0.0,0,0.0,False,True,INT,0.856,valor_bom,0.0,0.0,0.0,41.0,neutro,0.0
129666,JP,VAS,Meia,6,1.41,0.0,0.95,2,0.0,False,False,COR,1.282,valor_bom,0.911,0.95,0.25,47.1,neutro,0.21
147788,Arthur Izaque,BOT,Atacante,6,1.0,0.0,0.0,0,0.0,False,True,INT,0.733,valor_bom,0.0,0.0,0.0,41.4,neutro,0.0
101715,Alerrandro,INT,Atacante,6,5.74,-0.43,2.38,11,0.0,True,False,BOT,-0.746,armadilha_leve,2.222,1.65,1.0,63.6,neutro,2.83
95550,Pedro Henrique,VIT,Atacante,6,3.0,0.0,0.0,0,0.0,False,False,CAP,-1.45,armadilha_leve,0.0,0.0,0.0,31.1,desfavoravel,0.0
108131,Garcez,CHA,Atacante,6,3.48,-0.56,1.27,4,-0.4,True,False,FLU,0.052,neutro,1.76,1.27,0.5,24.9,desfavoravel,0.44
142086,Kauan Toledo,BOT,Atacante,6,1.0,0.0,0.0,0,0.0,False,True,INT,0.733,valor_bom,0.0,0.0,0.0,41.4,neutro,0.0
148103,Rafael Soares,REM,Meia,6,1.0,0.0,0.0,0,0.0,False,True,CRU,0.856,valor_bom,0.0,0.0,0.0,70.6,favoravel,0.0
90608,Chico da Costa,CRU,Atacante,6,4.47,0.0,1.76,5,0.0,False,False,REM,-0.417,neutro,1.911,0.76,0.625,59.8,neutro,1.43
141126,Pedro Cobra,CAM,Goleiro,6,1.0,0.0,0.0,0,0.0,False,True,FLA,0.689,valor_bom,0.0,0.0,0.0,46.9,neutro,0.0
123738,Herrera,RBB,Atacante,6,4.89,0.0,2.8,8,0.0,False,True,PAL,-0.13,neutro,2.403,1.8,1.0,48.2,neutro,2.32
112939,Catarozzi,REM,Meia,6,5.41,0.0,0.9,1,0.0,False,True,CRU,-0.906,armadilha_leve,1.786,0.9,0.125,70.6,neutro,0.32
141991,Tico,REM,Atacante,6,1.0,0.0,0.0,0,0.0,False,True,CRU,0.733,valor_bom,0.0,0.0,0.0,69.5,favoravel,0.0
148109,Filipe Lima,REM,Atacante,6,1.0,0.0,0.0,0,0.0,False,True,CRU,0.733,valor_bom,0.0,0.0,0.0,69.5,favoravel,0.0
148152,Ararat,CFC,Meia,6,4.0,0.0,0.0,0,0.0,False,False,GRE,-2.12,armadilha_forte,0.0,0.0,0.0,47.7,neutro,0.0
82407,Chico Kim,MIR,Meia,6,4.0,0.0,0.0,0,0.0,False,False,SAO,-2.12,armadilha_forte,0.0,0.0,0.0,24.1,desfavoravel,0.0
122413,Pablo Baianinho,VIT,Meia,6,1.0,0.0,0.0,0,0.0,False,False,CAP,0.856,valor_bom,0.0,0.0,0.0,30.6,desfavoravel,0.0
130438,Diego,INT,Goleiro,6,1.0,0.0,0.0,0,0.0,False,False,BOT,0.689,valor_bom,0.0,0.0,0.0,36.3,neutro,0.0
97911,Lucas Silva,VIT,Atacante,6,3.63,0.0,0.0,1,0.0,False,False,CAP,-0.027,neutro,1.783,0.0,0.125,31.1,desfavoravel,0.14
147546,Roger,GRE,Meia,6,1.5,0.0,1.2,2,0.0,False,True,CFC,1.219,valor_bom,0.961,1.2,0.25,32.9,neutro,0.16
146410,Marquinhos,BOT,Meia,6,0.85,0.0,0.0,1,0.0,False,True,INT,2.016,valor_oculto,0.801,0.0,0.125,41.0,neutro,0.08
143463,Wesley Natã,FLU,Atacante,6,1.0,0.0,0.0,0,0.0,False,True,CHA,0.733,valor_bom,0.0,0.0,0.0,73.6,favoravel,0.0
99815,Arias,PAL,Meia,7,14.73,-1.26,7.4,8,1.2,True,False,RBB,0.707,valor_bom,5.788,5.53,1.0,52.9,neutro,6.12
148215,Djhordney,SAO,Meia,6,0.64,0.0,-1.6,1,0.0,False,True,MIR,2.206,valor_oculto,0.623,0.0,0.125,56.4,neutro,0.09
108162,Nardoni,GRE,Meia,7,7.16,0.15,2.44,9,2.7,True,True,CFC,-0.025,neutro,3.257,1.88,1.0,32.9,neutro,2.14
148124,Vinicius,CHA,Zagueiro,6,2.0,0.0,0.0,0,0.0,False,False,FLU,-0.502,armadilha_leve,0.0,0.0,0.0,29.1,desfavoravel,0.0
127969,Matheus Reis,FLU,Atacante,5,1.0,0.0,0.0,0,0.0,False,True,CHA,0.733,valor_bom,0.0,0.0,0.0,73.6,favoravel,0.0
146430,Justino,BOT,Zagueiro,6,2.74,0.0,1.34,3,0.0,False,True,INT,0.752,valor_bom,1.776,1.34,0.375,55.4,neutro,0.74
110144,Spinelli,VAS,Atacante,6,5.81,0.32,2.41,7,2.8,True,False,COR,-0.808,armadilha_leve,2.194,1.27,0.875,47.0,neutro,1.8
141165,Enzo Vagner,CFC,Atacante,6,1.04,0.0,0.5,1,0.0,False,False,GRE,1.383,valor_bom,0.674,0.5,0.125,47.5,neutro,0.08
148206,Nadson,SAN,Atacante,6,1.0,0.0,0.0,0,0.0,False,False,BAH,0.733,valor_bom,0.0,0.0,0.0,35.0,desfavoravel,0.0
93371,Rodrigo Rodrigues,CFC,Atacante,5,4.0,0.0,0.0,0,0.0,False,False,GRE,-2.153,armadilha_forte,0.0,0.0,0.0,47.5,neutro,0.0
130393,Luiz Gustavo,BAH,Zagueiro,6,1.0,0.0,0.0,0,0.0,False,True,SAN,0.743,valor_bom,0.0,0.0,0.0,58.0,neutro,0.0
143173,Leonel Pérez,GRE,Meia,6,4.42,-0.36,1.67,4,0.9,True,True,CFC,-0.321,neutro,1.821,1.67,0.5,32.9,neutro,0.6
104666,Moisés,SAN,Atacante,7,5.43,-1.45,3.51,8,-0.3,True,False,BAH,-0.031,neutro,2.758,0.88,1.0,35.0,desfavoravel,1.93
131763,Yuri Leles,RBB,Meia,6,2.0,0.0,0.0,0,0.0,False,True,PAL,-0.461,neutro,0.0,0.0,0.0,48.4,neutro,0.0
97899,Matheus Bahia,INT,Lateral,6,6.59,0.0,2.6,4,0.0,False,False,BOT,-0.777,armadilha_leve,3.186,1.1,0.5,35.5,neutro,1.13
131964,Jhoan Hernández,BOT,Lateral,6,3.69,0.0,0.0,1,0.0,False,True,INT,-0.648,armadilha_leve,1.6,0.0,0.125,55.2,neutro,0.22
141595,Gabriel Mec,GRE,Atacante,6,1.27,-0.08,0.7,9,0.0,True,True,CFC,1.072,valor_bom,0.698,0.7,1.0,33.8,neutro,0.47
124386,Kainã,CHA,Goleiro,6,1.0,0.0,0.0,0,0.0,False,False,FLU,0.689,valor_bom,0.0,0.0,0.0,29.6,desfavoravel,0.0
145563,João Ananias,SAN,Zagueiro,6,1.0,0.0,0.0,0,0.0,False,False,BAH,0.743,valor_bom,0.0,0.0,0.0,43.2,neutro,0.0
105048,Jajá,REM,Atacante,6,5.89,0.9,4.27,9,7.3,True,True,CRU,0.222,neutro,3.204,2.83,1.0,69.5,favoravel,4.45
104036,Labyad,COR,Meia,6,4.59,-0.65,1.07,4,0.0,True,True,VAS,-0.648,armadilha_leve,1.621,1.07,0.5,49.8,neutro,0.81
142261,Jeferson,GRE,Atacante,6,1.0,0.0,0.0,0,0.0,False,True,CFC,0.733,valor_bom,0.0,0.0,0.0,33.8,neutro,0.0
133671,Gustavo Reis,RBB,Goleiro,6,1.0,0.0,0.0,0,0.0,False,True,PAL,0.689,valor_bom,0.0,0.0,0.0,47.5,neutro,0.0
132553,Jemmes,FLU,Zagueiro,7,6.66,-0.49,3.51,10,1.1,True,True,CHA,0.634,valor_bom,3.693,2.61,1.0,87.9,favoravel,6.49
101807,Oliva,SAN,Meia,7,7.05,0.0,4.23,6,0.0,False,False,BAH,1.085,valor_bom,4.199,3.4,0.75,34.7,desfavoravel,2.19
139200,Pedro Kauã,INT,Zagueiro,6,1.0,0.0,0.0,0,0.0,False,False,BOT,0.743,valor_bom,0.0,0.0,0.0,35.7,neutro,0.0
147545,Jefinho,GRE,Meia,6,1.46,0.0,1.5,1,0.0,False,True,CFC,1.279,valor_bom,0.968,1.5,0.125,32.9,neutro,0.08
147875,Daniel Silva,FLA,Zagueiro,6,1.0,0.0,0.0,0,0.0,False,False,CAM,0.743,valor_bom,0.0,0.0,0.0,47.3,neutro,0.0
126189,Tomás Pérez,CAM,Meia,6,3.82,0.0,1.63,6,0.0,False,True,FLA,0.016,neutro,1.782,1.63,0.75,45.6,neutro,1.22
142275,Luiz Felipe,FLA,Meia,6,1.0,0.0,0.0,0,0.0,False,False,CAM,0.856,valor_bom,0.0,0.0,0.0,55.5,neutro,0.0
92747,Eduardo Domínguez,CAM,Técnico,7,10.56,-0.19,5.53,8,2.35,True,True,FLA,0.718,valor_bom,5.973,5.53,1.0,47.0,neutro,5.61
143465,Keven Samuel,FLU,Atacante,6,1.0,0.0,0.0,0,0.0,False,True,CHA,0.733,valor_bom,0.0,0.0,0.0,73.6,favoravel,0.0
100804,Tchamba,REM,Zagueiro,7,3.68,-1.45,1.93,8,-4.9,True,True,CRU,0.236,neutro,1.935,1.55,1.0,63.4,favoravel,2.45
93834,Keiller,CFC,Goleiro,6,4.0,0.0,0.0,0,0.0,False,False,GRE,-1.788,armadilha_forte,0.0,0.0,0.0,44.7,neutro,0.0
124219,Millán,FLU,Zagueiro,6,6.0,0.0,0.0,0,0.0,False,True,CHA,-3.105,armadilha_forte,0.0,0.0,0.0,87.9,neutro,0.0
88963,Leonardo Jardim,FLA,Técnico,7,13.81,0.24,7.3,8,8.38,True,False,CAM,0.195,neutro,6.858,7.3,1.0,56.3,neutro,7.72
116137,João Moreira,SAO,Lateral,6,4.0,0.0,0.0,0,0.0,False,True,MIR,-2.642,armadilha_forte,0.0,0.0,0.0,59.1,neutro,0.0
41929,Renato Gaúcho,VAS,Técnico,7,10.39,0.44,5.32,8,6.28,True,False,COR,-1.127,armadilha_leve,5.309,5.32,1.0,48.5,neutro,5.15
37457,Léo Condé,REM,Técnico,7,7.62,-0.29,4.3,8,2.99,True,True,CRU,-0.299,neutro,4.392,4.3,1.0,70.4,neutro,6.18
124424,Rodrigo Castillo,FLU,Atacante,7,9.19,2.24,4.48,8,13.3,True,True,CHA,0.477,neutro,4.612,0.86,1.0,73.6,favoravel,6.79
93368,Lucas Veríssimo,SAN,Zagueiro,7,9.59,-1.55,5.42,5,0.8,True,False,BAH,0.514,valor_bom,4.498,3.62,0.625,43.2,neutro,2.43
79437,Roger Machado,SAO,Técnico,7,10.23,-0.12,4.65,8,2.75,True,True,MIR,-1.971,armadilha_forte,4.974,4.65,1.0,57.2,neutro,5.69
141400,Huguinho,BOT,Meia,6,3.0,0.0,0.0,0,0.0,False,True,INT,-1.396,armadilha_leve,0.0,0.0,0.0,41.0,neutro,0.0
147268,Anderson Pato,VIT,Atacante,6,3.12,0.0,1.38,4,0.0,False,False,CAP,-0.568,armadilha_leve,0.923,1.38,0.5,31.1,desfavoravel,0.29
71898,Gabriel Pires,MIR,Meia,6,5.77,0.0,3.63,6,0.0,False,False,SAO,1.357,valor_bom,3.942,2.8,0.75,24.1,desfavoravel,1.43
142260,Bernardo Zortea,GRE,Meia,6,1.11,0.0,0.5,2,0.0,False,True,CFC,1.612,valor_oculto,0.821,0.5,0.25,32.9,neutro,0.14
81720,Lingard,COR,Atacante,6,4.38,-0.1,0.45,4,2.0,True,True,VAS,-0.813,armadilha_leve,1.487,0.45,0.5,50.1,neutro,0.74
133690,Bruno Lopes,VAS,Atacante,6,1.0,0.0,0.0,0,0.0,False,False,COR,0.733,valor_bom,0.0,0.0,0.0,47.0,neutro,0.0
129661,Wendel,BAH,Meia,6,1.0,0.0,0.0,0,0.0,False,True,SAN,0.856,valor_bom,0.0,0.0,0.0,68.8,favoravel,0.0
140726,David Martins,BAH,Meia,6,0.72,0.0,-0.15,2,0.0,False,True,SAN,2.128,valor_oculto,0.691,0.0,0.25,68.8,favoravel,0.24
148125,Ryan Augusto,RBB,Lateral,6,3.78,-0.57,3.7,5,-0.1,True,True,PAL,0.295,neutro,2.531,3.1,0.625,46.8,neutro,1.48
84268,Georgemy,MIR,Goleiro,6,3.0,0.0,0.0,0,0.0,False,False,SAO,-1.184,armadilha_leve,0.0,0.0,0.0,29.9,desfavoravel,0.0
141752,Caio Valle,BOT,Meia,6,1.0,0.0,0.0,0,0.0,False,True,INT,0.856,valor_bom,0.0,0.0,0.0,41.0,neutro,0.0
115537,Marcos Victor,BAH,Zagueiro,6,3.0,0.0,0.0,0,0.0,False,True,SAN,-1.386,armadilha_leve,0.0,0.0,0.0,58.0,neutro,0.0
141184,Walace Falcão,VAS,Zagueiro,6,1.0,0.0,0.0,0,0.0,False,False,COR,0.743,valor_bom,0.0,0.0,0.0,68.1,neutro,0.0
121823,Kauê,COR,Goleiro,6,2.77,0.0,4.8,1,0.0,False,True,VAS,2.154,valor_oculto,3.44,4.8,0.125,45.0,neutro,0.39
145659,Nicolas,SAO,Lateral,6,2.79,0.0,5.0,1,0.0,False,True,MIR,0.782,valor_bom,2.156,2.0,0.125,59.1,neutro,0.32
130232,Caio Roque,BOT,Lateral,6,5.72,0.0,4.0,3,0.0,False,True,INT,0.169,neutro,3.621,2.33,0.375,55.2,neutro,1.5
107871,Wermeson,CHA,Meia,6,2.0,0.0,0.0,0,0.0,False,False,FLU,-0.461,neutro,0.0,0.0,0.0,24.2,desfavoravel,0.0
122922,Wanderson Aranha,PAL,Goleiro,6,1.0,0.0,0.0,0,0.0,False,False,RBB,0.689,valor_bom,0.0,0.0,0.0,47.8,neutro,0.0
142257,Luis Eduardo,GRE,Zagueiro,6,2.0,0.0,0.0,0,0.0,False,True,CFC,-0.502,armadilha_leve,0.0,0.0,0.0,37.8,neutro,0.0
95131,Gabriel Taliari,REM,Atacante,7,10.88,1.29,7.3,6,9.8,True,True,CRU,1.29,valor_bom,5.839,3.3,0.75,69.5,favoravel,6.09
42411,Cuca,SAN,Técnico,7,10.17,-0.83,5.92,5,4.22,True,False,BAH,-0.172,neutro,5.537,5.92,0.625,36.9,desfavoravel,2.55
141594,Pedro Gabriel,GRE,Lateral,7,4.83,0.83,3.98,4,5.7,True,True,CFC,0.745,valor_bom,3.646,2.48,0.5,37.6,neutro,1.37
147192,Claudinho,CAP,Lateral,6,1.0,0.0,0.0,0,0.0,False,True,VIT,0.898,valor_bom,0.0,0.0,0.0,78.1,favoravel,0.0
102877,Gabriel Poveda,REM,Atacante,6,3.39,-0.62,0.35,4,-0.6,True,True,CRU,-1.13,armadilha_leve,0.58,0.35,0.5,69.5,neutro,0.4
143252,Gean,VIT,Lateral,6,1.0,0.0,0.0,0,0.0,False,False,CAP,0.898,valor_bom,0.0,0.0,0.0,31.0,desfavoravel,0.0
143153,Tarzia,VIT,Atacante,6,1.98,0.03,0.5,6,0.0,True,False,CAP,0.124,neutro,0.612,0.5,0.75,31.1,desfavoravel,0.29
107256,Zé Vitor,VIT,Meia,6,4.06,-0.35,2.12,4,0.9,True,False,CAP,0.072,neutro,1.971,2.12,0.5,30.6,desfavoravel,0.6
110605,Vinícius Balieiro,CHA,Meia,6,4.44,0.83,2.0,2,4.0,True,False,FLU,-0.225,neutro,1.917,2.0,0.25,24.2,desfavoravel,0.23
123005,Sidney,BAH,Meia,6,1.0,0.0,0.0,0,0.0,False,True,SAN,0.856,valor_bom,0.0,0.0,0.0,68.8,favoravel,0.0
147560,Caio Suassuna,BAH,Atacante,6,2.0,0.0,0.0,0,0.0,False,True,SAN,-0.544,armadilha_leve,0.0,0.0,0.0,68.8,neutro,0.0
127273,Artur Jorge,CRU,Técnico,7,13.05,0.34,7.21,4,8.58,True,False,REM,0.34,neutro,6.681,7.21,0.5,60.9,neutro,4.07
149715,Rafael Gonzaga,SAN,Lateral,6,2.79,0.79,2.4,1,2.4,True,False,BAH,0.467,neutro,1.867,2.4,0.125,43.0,neutro,0.2
103347,Matheus Alexandre,REM,Lateral,6,5.52,-0.73,3.35,2,0.2,True,True,CRU,0.102,neutro,3.453,1.85,0.25,63.2,favoravel,1.09
123016,David Braga,REM,Meia,6,4.64,0.0,3.13,3,0.0,False,True,CRU,0.016,neutro,2.233,3.13,0.375,70.6,favoravel,1.18
148717,Tetê,SAO,Atacante,6,0.66,0.0,-0.53,3,-0.3,True,True,MIR,1.702,valor_oculto,0.361,0.0,0.375,56.8,neutro,0.15
130209,Renê,VIT,Atacante,6,5.54,0.02,2.62,4,2.9,True,False,CAP,-0.664,armadilha_leve,2.21,2.62,0.5,31.1,desfavoravel,0.69
97905,Matheus Aurélio,CHA,Goleiro,6,2.0,0.0,0.0,0,0.0,False,False,FLU,-0.407,neutro,0.0,0.0,0.0,29.6,desfavoravel,0.0
94034,Kevin Ramírez,CHA,Atacante,6,3.0,-0.19,0.85,2,0.5,True,False,FLU,-0.683,armadilha_leve,0.726,0.85,0.25,24.9,desfavoravel,0.09
101820,Mayk,REM,Lateral,7,6.69,-0.04,3.8,4,2.5,True,True,CRU,-0.391,neutro,3.586,3.05,0.5,63.2,neutro,2.27
109573,Martinelli,FLU,Meia,3,5.25,0.0,1.97,11,0.0,False,True,CHA,-0.651,armadilha_leve,1.939,1.52,1.0,72.5,neutro,2.81
130309,Rodrigo Falcão,SAN,Goleiro,6,1.0,0.0,0.0,0,0.0,False,False,BAH,0.689,valor_bom,0.0,0.0,0.0,43.7,neutro,0.0
121811,Da Silva,CHA,Meia,6,3.0,0.0,0.0,0,0.0,False,False,FLU,-1.396,armadilha_leve,0.0,0.0,0.0,24.2,desfavoravel,0.0
147089,Cauã Soares,CAM,Atacante,6,1.59,0.0,1.7,1,0.0,False,True,FLA,0.772,valor_bom,0.807,1.7,0.125,45.5,neutro,0.09
141405,Avellar,VAS,Lateral,6,1.49,0.0,1.5,1,0.0,False,False,COR,1.981,valor_oculto,1.767,1.5,0.125,67.9,neutro,0.3
149993,Iago Machado,COR,Zagueiro,6,1.0,0.0,0.0,0,0.0,False,True,VAS,0.743,valor_bom,0.0,0.0,0.0,44.5,neutro,0.0
85465,Alex Santana,COR,Meia,6,4.0,0.0,0.0,0,0.0,False,True,VAS,-2.12,armadilha_forte,0.0,0.0,0.0,49.8,neutro,0.0
124264,Kauan Jesus,INT,Goleiro,6,1.0,0.0,0.0,0,0.0,False,False,BOT,0.689,valor_bom,0.0,0.0,0.0,36.3,neutro,0.0
88717,Celso Rodrigues,CHA,Técnico,6,7.71,0.31,4.14,2,3.99,True,False,FLU,-0.364,neutro,4.415,4.14,0.25,27.0,desfavoravel,0.6
149990,Franclim Carvalho,BOT,Técnico,7,13.9,1.07,6.82,2,8.58,True,True,INT,-0.993,armadilha_leve,6.497,6.82,0.25,42.8,neutro,1.39
107771,Fábio Matias,CHA,Técnico,7,7.98,0.32,3.05,2,3.99,True,False,FLU,-1.433,armadilha_leve,4.197,3.05,0.25,27.0,desfavoravel,0.57
149991,David,CFC,Atacante,6,1.0,0.0,0.0,0,0.0,False,False,GRE,0.733,valor_bom,0.0,0.0,0.0,47.5,neutro,0.0
130399,Igor Felisberto,SAO,Lateral,6,1.0,0.0,0.0,0,0.0,False,True,MIR,0.898,valor_bom,0.0,0.0,0.0,59.1,neutro,0.0
149994,Jhuan Nunes,RBB,Atacante,6,1.83,0.0,2.3,1,0.0,False,True,PAL,0.563,valor_bom,0.874,2.3,0.125,48.2,neutro,0.11
150197,Osorio,SAO,Zagueiro,6,1.0,0.0,0.0,0,0.0,False,True,MIR,0.743,valor_bom,0.0,0.0,0.0,59.3,neutro,0.0
146701,Benjamin Arhin,INT,Meia,6,2.0,0.0,0.0,0,0.0,False,False,BOT,-0.461,neutro,0.0,0.0,0.0,64.5,neutro,0.0
109987,Medina,BOT,Meia,7,6.04,-0.29,1.7,5,3.7,True,True,INT,0.416,neutro,3.223,1.7,0.625,41.0,neutro,1.65
126182,Paulinho,INT,Meia,6,4.71,0.38,2.6,11,2.9,True,False,BOT,0.056,neutro,2.304,2.6,1.0,64.5,neutro,2.97
130233,Iuri,BAH,Goleiro,6,1.0,0.0,0.0,0,0.0,False,True,SAN,0.689,valor_bom,0.0,0.0,0.0,58.5,neutro,0.0
141795,Kauan Coutinho,VIT,Zagueiro,6,1.0,0.0,0.0,0,0.0,False,False,CAP,0.743,valor_bom,0.0,0.0,0.0,31.2,desfavoravel,0.0
145404,Arthur,PAL,Lateral,7,3.97,0.6,3.43,8,6.7,True,False,RBB,0.236,neutro,2.615,2.31,1.0,47.1,neutro,2.46
101254,Alef Manga,REM,Atacante,7,7.64,-1.03,4.68,12,-1.3,True,True,CRU,1.096,valor_bom,4.706,2.1,1.0,69.5,favoravel,6.54
106593,Villalba,CRU,Zagueiro,7,6.84,0.19,2.31,8,-1.0,False,False,REM,-0.065,neutro,3.116,1.56,1.0,47.4,neutro,2.95
130282,Anthony,BOT,Zagueiro,6,3.0,0.0,0.0,0,0.0,False,True,INT,-1.386,armadilha_leve,0.0,0.0,0.0,55.4,neutro,0.0
68685,Alan Patrick,INT,Meia,7,9.33,1.55,5.18,10,11.3,True,False,BOT,0.88,valor_bom,4.734,3.68,1.0,64.5,neutro,6.11
97810,Erick,VIT,Atacante,7,7.95,-0.87,4.05,10,0.5,True,False,CAP,0.618,valor_bom,4.358,2.25,1.0,31.1,desfavoravel,2.71
105949,Rochet,INT,Goleiro,6,7.26,0.0,3.68,10,0.0,False,False,BOT,0.463,neutro,3.904,2.18,1.0,36.3,neutro,2.83
63007,Neymar,SAN,Meia,7,19.84,-0.07,8.82,6,7.5,True,False,BAH,0.221,neutro,6.166,5.49,0.75,34.7,desfavoravel,3.21
69012,Santos,CAP,Goleiro,7,8.23,-1.01,3.81,10,0.3,True,True,VIT,0.229,neutro,3.976,2.31,1.0,78.8,favoravel,6.27
92171,Arthur Cabral,BOT,Atacante,7,9.54,-1.39,5.8,8,2.1,True,True,INT,1.068,valor_bom,5.272,2.17,1.0,41.4,neutro,4.37
42234,Cássio,CRU,Goleiro,5,6.89,0.0,1.32,5,0.0,False,False,REM,-0.172,neutro,3.083,1.32,0.625,47.9,neutro,1.85
104502,Christian,CRU,Meia,7,10.22,0.21,6.56,12,9.5,True,False,REM,1.599,valor_oculto,5.606,4.06,1.0,60.5,neutro,6.78
103056,Gabriel Brazão,SAN,Goleiro,7,5.14,-1.81,2.78,11,-3.0,True,False,BAH,0.772,valor_bom,3.371,1.42,1.0,43.7,neutro,2.95
104758,Enzo Díaz,SAO,Lateral,2,9.03,-0.03,4.49,9,2.6,True,True,MIR,0.043,neutro,4.923,3.6,1.0,59.1,neutro,5.82
68928,Rafael,SAO,Goleiro,7,8.06,-0.29,3.96,12,1.9,True,True,MIR,0.348,neutro,4.05,2.71,1.0,59.8,neutro,4.84
72294,Everson,CAM,Goleiro,7,9.2,-0.58,4.81,12,-1.5,True,True,FLA,0.499,neutro,4.56,3.14,1.0,46.9,neutro,4.28
87008,Léo Jardim,VAS,Goleiro,7,5.72,-0.54,1.96,12,-1.0,True,False,COR,0.047,neutro,2.85,1.96,1.0,68.6,neutro,3.91
61987,Alex Sandro,FLA,Lateral,7,9.58,0.53,4.04,8,4.4,True,False,CAM,-0.38,neutro,4.725,2.54,1.0,47.1,neutro,4.45
85425,João Paulo,BAH,Goleiro,6,6.19,0.0,1.7,1,0.0,False,True,SAN,0.842,valor_bom,3.908,1.7,0.125,58.5,neutro,0.57
100898,Vitinho,BOT,Lateral,7,10.93,0.79,5.87,10,9.5,True,True,INT,0.183,neutro,5.666,4.57,1.0,55.2,neutro,6.26
96591,Renan Lodi,CAM,Lateral,3,9.77,-0.41,4.65,12,0.5,True,True,FLA,-0.199,neutro,4.954,3.48,1.0,46.2,neutro,4.58
105436,Carrascal,FLA,Meia,3,9.54,0.0,4.19,9,0.0,False,False,CAM,0.191,neutro,4.183,3.08,1.0,55.5,neutro,4.64
101727,Matheuzinho,COR,Lateral,3,9.42,0.0,3.91,9,0.0,False,True,VAS,-0.44,neutro,4.616,2.91,1.0,44.3,neutro,4.09
37656,Fábio,FLU,Goleiro,7,9.57,-0.66,4.55,12,1.9,True,True,CHA,0.258,neutro,4.404,3.3,1.0,88.4,favoravel,7.79
99274,Alexander Barboza,BOT,Zagueiro,7,10.83,0.21,5.31,8,4.5,True,True,INT,0.302,neutro,4.616,2.93,1.0,55.4,neutro,5.11
90768,Fabrício Bruno,CRU,Zagueiro,3,7.21,0.36,2.46,12,4.2,True,False,REM,-0.284,neutro,3.045,1.71,1.0,47.4,neutro,2.89
80196,Yago Pikachu,REM,Meia,7,4.91,-0.02,1.76,11,0.8,True,True,CRU,-0.606,armadilha_leve,1.818,1.31,1.0,70.6,neutro,2.57
109401,Erick Pulga,BAH,Atacante,7,7.24,-0.62,3.3,11,1.6,True,True,SAN,0.402,neutro,3.908,3.3,1.0,68.8,favoravel,5.38
123717,Zé Guilherme,BAH,Lateral,6,3.0,0.0,0.0,0,0.0,False,True,SAN,-1.78,armadilha_forte,0.0,0.0,0.0,57.8,neutro,0.0
91772,David Duarte,BAH,Zagueiro,7,5.91,0.51,3.63,6,3.0,True,True,SAN,0.097,neutro,2.908,2.13,0.75,58.0,neutro,2.53
91101,Ronaldo,BAH,Goleiro,5,7.57,0.0,5.03,7,0.0,False,True,SAN,0.987,valor_bom,4.579,2.89,0.875,58.5,neutro,4.69
80313,Gilberto,BAH,Lateral,6,6.45,-0.71,2.55,4,0.5,True,True,SAN,-0.723,armadilha_leve,3.169,1.3,0.5,57.8,neutro,1.83
68996,Willian José,BAH,Atacante,6,8.12,-0.17,2.46,10,0.2,True,True,SAN,-0.375,neutro,3.475,0.36,1.0,68.8,neutro,4.78
104783,Acevedo,BAH,Meia,7,7.12,0.17,4.41,10,5.8,True,True,SAN,1.178,valor_bom,4.306,4.41,1.0,68.8,favoravel,5.93
101314,Ademir,BAH,Atacante,6,5.64,-0.31,1.92,11,0.0,True,True,SAN,-0.98,armadilha_leve,1.956,1.92,1.0,68.8,neutro,2.69
98022,Erick,BAH,Meia,6,5.71,0.0,3.27,9,0.0,False,True,SAN,1.107,valor_bom,3.696,2.71,1.0,68.8,favoravel,5.09
98517,Jean Lucas,BAH,Meia,7,11.1,1.42,6.06,11,12.2,True,True,SAN,0.969,valor_bom,5.266,4.24,1.0,68.8,favoravel,7.25
113397,Cristian Olivera,BAH,Atacante,7,8.37,-0.15,5.34,11,3.9,True,True,SAN,1.245,valor_bom,5.089,4.16,1.0,68.8,favoravel,7.0
77485,Carrillo,COR,Meia,7,5.16,0.55,1.55,8,3.4,True,True,VAS,-0.848,armadilha_leve,1.723,1.55,1.0,49.8,neutro,1.72
106323,Caio Alexandre,BAH,Meia,7,3.96,-0.18,1.05,9,-0.3,True,True,SAN,-0.455,neutro,1.448,1.05,1.0,68.8,neutro,1.99
97868,Iago,BAH,Lateral,6,5.57,0.0,5.0,1,0.0,False,True,SAN,0.285,neutro,3.648,2.0,0.125,57.8,neutro,0.53
105990,Santiago Mingo,BAH,Zagueiro,7,4.4,-0.23,2.09,11,0.0,True,True,SAN,0.092,neutro,2.207,1.0,1.0,58.0,neutro,2.56
123360,Cauly,SAO,Meia,6,6.07,0.0,2.64,8,0.0,False,True,MIR,0.611,valor_bom,3.408,2.02,1.0,56.4,neutro,3.84
105373,Gabriel Xavier,BAH,Zagueiro,6,7.1,0.0,4.5,5,0.0,False,True,SAN,0.953,valor_bom,4.144,2.7,0.625,58.0,neutro,3.0
68806,Neto,BOT,Goleiro,2,8.29,-0.33,3.72,4,1.6,True,True,INT,0.262,neutro,4.03,2.47,0.5,55.9,neutro,2.25
97341,Rogério Ceni,BAH,Técnico,7,10.84,-0.35,5.82,11,3.92,True,True,SAN,0.706,valor_bom,6.071,5.82,1.0,68.8,favoravel,8.35
107173,Michel Araújo,BAH,Meia,6,2.81,0.24,0.4,8,2.2,True,True,SAN,-0.502,armadilha_leve,0.65,0.4,1.0,68.8,neutro,0.89
72493,Alex Telles,BOT,Lateral,7,10.36,0.41,4.9,9,5.0,True,True,INT,-0.202,neutro,5.14,2.68,1.0,55.2,neutro,5.67
111829,Kayky,INT,Atacante,5,3.98,-0.16,1.52,5,1.2,True,False,BOT,-0.218,neutro,1.819,1.52,0.625,63.6,neutro,1.45
122994,Victor Nascimento,BAH,Goleiro,6,1.0,0.0,0.0,0,0.0,False,True,SAN,0.689,valor_bom,0.0,0.0,0.0,58.5,neutro,0.0
145379,Kauê Furquim,BAH,Atacante,6,2.0,0.0,0.0,0,0.0,False,True,SAN,-0.544,armadilha_leve,0.0,0.0,0.0,68.8,neutro,0.0
129663,Ruan Pablo,BAH,Atacante,5,2.0,0.0,0.0,0,0.0,False,True,SAN,-0.544,armadilha_leve,0.0,0.0,0.0,68.8,neutro,0.0
106822,Rodrigo Nestor,BAH,Meia,6,4.2,0.0,0.77,6,0.0,False,True,SAN,-0.647,armadilha_leve,1.414,0.77,0.75,68.8,neutro,1.46
136955,Sanabria,BAH,Atacante,6,6.25,-1.18,3.08,6,0.8,True,True,SAN,0.936,valor_bom,4.031,0.91,0.75,68.8,favoravel,4.16
141419,Fredi Lippert,BAH,Zagueiro,6,2.0,0.0,0.0,0,0.0,False,True,SAN,-0.502,armadilha_leve,0.0,0.0,0.0,58.0,neutro,0.0
96353,Joaquín Correa,BOT,Atacante,6,7.68,0.24,2.7,3,5.0,True,True,INT,0.532,valor_bom,4.186,1.03,0.375,41.4,neutro,1.3
97468,Marçal,BOT,Lateral,5,5.11,0.0,7.0,1,0.0,False,True,INT,0.808,valor_bom,3.87,4.0,0.125,55.2,neutro,0.53
111831,Matheus Martins,BOT,Atacante,7,9.76,3.67,5.25,10,21.6,True,True,INT,0.742,valor_bom,5.025,2.05,1.0,41.4,neutro,4.16
98280,Bastos,BOT,Zagueiro,6,4.55,0.0,1.0,4,0.0,False,True,INT,-0.314,neutro,1.911,1.0,0.5,55.4,neutro,1.06
107183,Léo Linck,BOT,Goleiro,6,6.0,0.0,0.0,0,0.0,False,True,INT,-2.697,armadilha_forte,0.0,0.0,0.0,55.9,neutro,0.0
108274,David Ricardo,BOT,Zagueiro,6,7.0,0.0,0.0,0,0.0,False,True,INT,-3.515,armadilha_forte,0.0,0.0,0.0,55.4,neutro,0.0
129930,Cristhian Loor,BOT,Goleiro,6,2.0,0.0,0.0,0,0.0,False,True,INT,-0.407,neutro,0.0,0.0,0.0,55.9,neutro,0.0
126013,Ythallo,BOT,Zagueiro,6,3.5,0.0,0.2,1,0.0,False,True,INT,0.152,neutro,1.747,0.2,0.125,55.4,neutro,0.24
124481,Mateo Ponte,BOT,Lateral,6,5.42,0.0,2.35,4,0.0,False,True,INT,-0.22,neutro,3.103,1.6,0.5,55.2,neutro,1.71
107231,Danilo,BOT,Meia,7,15.83,0.0,9.08,9,10.0,True,True,INT,1.601,valor_oculto,6.772,4.64,1.0,41.0,neutro,5.55
104693,Newton,BOT,Meia,6,4.7,0.0,2.42,5,0.0,False,True,INT,-0.172,neutro,2.098,2.42,0.625,41.0,neutro,1.08
104191,Raul,BOT,Goleiro,2,4.55,0.0,3.15,6,0.0,False,True,INT,0.905,valor_bom,3.219,3.15,0.75,55.9,neutro,2.7
91158,Kaio,BOT,Zagueiro,5,7.0,0.0,0.0,0,0.0,False,True,INT,-3.515,armadilha_forte,0.0,0.0,0.0,55.4,neutro,0.0
69140,Allan,BOT,Meia,7,4.7,-0.58,2.14,8,1.5,True,True,INT,-0.262,neutro,2.018,2.14,1.0,41.0,neutro,1.65
105214,Santi Rodríguez,BOT,Meia,6,6.07,0.0,2.08,6,0.0,False,True,INT,0.463,neutro,3.277,2.08,0.75,41.0,neutro,2.02
98672,Savarino,FLU,Meia,7,10.29,0.24,5.38,10,9.0,True,True,CHA,0.717,valor_bom,4.845,3.38,1.0,72.5,favoravel,7.03
103179,Chris Ramos,BOT,Atacante,6,7.09,0.0,1.6,1,0.0,False,True,INT,0.974,valor_bom,4.394,1.6,0.125,41.4,neutro,0.45
124757,Nathan Fernandes,BOT,Atacante,6,5.61,0.0,3.17,3,0.0,False,True,INT,-0.578,armadilha_leve,2.323,1.5,0.375,41.4,neutro,0.72
142890,Montoro,BOT,Meia,6,8.43,0.0,4.1,8,0.0,False,True,INT,0.502,valor_bom,4.138,2.22,1.0,41.0,neutro,3.39
146375,Kadir,BOT,Atacante,6,4.46,-0.71,1.27,3,-0.1,True,True,INT,-0.523,armadilha_leve,1.805,1.27,0.375,41.4,neutro,0.56
95799,Artur,SAO,Atacante,7,8.97,0.18,4.8,8,6.0,True,True,MIR,0.715,valor_bom,4.772,3.17,1.0,56.8,neutro,5.42
142877,Villalba,BOT,Atacante,6,5.05,0.0,2.78,5,0.0,False,True,INT,-0.319,neutro,2.304,1.18,0.625,41.4,neutro,1.19
143072,Gabriel Abdias,BOT,Lateral,5,3.0,0.0,0.0,0,0.0,False,True,INT,-1.78,armadilha_forte,0.0,0.0,0.0,55.2,neutro,0.0
39850,Vagner Mancini,RBB,Técnico,7,8.54,0.17,5.51,12,5.25,True,True,PAL,1.547,valor_oculto,5.425,5.51,1.0,49.7,neutro,5.39
142484,Barrera,BOT,Meia,6,4.55,-0.46,1.71,8,-0.3,True,True,INT,-0.419,neutro,1.803,1.71,1.0,41.0,neutro,1.48
87225,Pedro Henrique,RBB,Zagueiro,7,6.85,-0.18,3.44,8,3.5,True,True,PAL,0.545,valor_bom,3.681,2.31,1.0,47.0,neutro,3.46
70360,Eduardo Sasha,RBB,Atacante,6,5.18,-0.21,1.86,8,1.2,True,True,PAL,-0.778,armadilha_leve,1.933,1.86,1.0,48.2,neutro,1.86
100695,Fernando,RBB,Atacante,5,2.51,0.16,0.6,3,1.6,True,True,PAL,-0.332,neutro,0.669,0.6,0.375,48.2,neutro,0.24
78605,Gabriel,RBB,Meia,7,5.75,0.76,3.0,10,6.4,True,True,PAL,0.891,valor_bom,3.522,2.5,1.0,48.4,neutro,3.41
94067,Matheus Fernandes,RBB,Meia,7,5.18,0.62,2.82,10,5.2,True,True,PAL,-0.081,neutro,2.41,2.32,1.0,48.4,neutro,2.33
100848,Luan Cândido,VIT,Lateral,7,6.82,1.22,4.4,4,9.7,True,False,CAP,-0.237,neutro,3.786,2.9,0.5,31.0,desfavoravel,1.17
107170,Jeffinho,BOT,Atacante,6,5.0,0.0,0.0,0,0.0,False,True,INT,-2.727,armadilha_forte,0.0,0.0,0.0,41.4,neutro,0.0
93882,Cleiton,RBB,Goleiro,6,6.19,0.0,2.56,7,0.0,False,True,PAL,0.396,neutro,3.426,1.13,0.875,47.5,neutro,2.85
106434,Eduardo Santos,RBB,Zagueiro,5,4.6,0.0,1.4,3,0.0,False,True,PAL,-0.133,neutro,2.103,1.4,0.375,47.0,neutro,0.74
94968,Juninho Capixaba,RBB,Lateral,7,13.05,-1.16,7.85,11,0.1,True,True,PAL,0.815,valor_bom,6.823,4.76,1.0,46.8,neutro,6.39
105213,Sant Anna,RBB,Lateral,6,9.23,0.0,9.0,3,0.0,False,True,PAL,1.567,valor_oculto,6.389,4.33,0.375,46.8,neutro,2.24
107236,Vanderlan,RBB,Lateral,5,5.0,0.0,0.0,0,0.0,False,True,PAL,-3.346,armadilha_forte,0.0,0.0,0.0,46.8,neutro,0.0
104588,Fabrício,RBB,Goleiro,5,2.0,0.0,0.0,0,0.0,False,True,PAL,-0.407,neutro,0.0,0.0,0.0,47.5,neutro,0.0
103295,Eric Ramires,RBB,Meia,6,2.75,0.0,0.45,6,0.0,False,True,PAL,-0.385,neutro,0.708,0.45,0.75,48.4,neutro,0.51
107744,Praxedes,RBB,Meia,6,4.0,0.0,0.0,0,0.0,False,True,PAL,-2.12,armadilha_forte,0.0,0.0,0.0,48.4,neutro,0.0
122897,Guzmán Rodríguez,RBB,Zagueiro,5,6.0,0.0,0.0,0,0.0,False,True,PAL,-3.105,armadilha_forte,0.0,0.0,0.0,47.0,neutro,0.0
110750,Gustavo Marques,RBB,Zagueiro,6,6.97,-0.52,4.7,10,0.0,True,True,PAL,1.231,valor_bom,4.354,3.5,1.0,47.0,neutro,4.09
112886,Lucas Barbosa,RBB,Atacante,7,9.11,-0.31,6.04,11,1.8,True,True,PAL,1.434,valor_bom,5.494,4.13,1.0,48.2,neutro,5.3
122755,Lucas Cunha,RBB,Zagueiro,6,3.0,0.0,0.0,0,0.0,False,True,PAL,-1.386,armadilha_leve,0.0,0.0,0.0,47.0,neutro,0.0
78248,Gustavo Henrique,COR,Zagueiro,7,9.07,-0.17,3.71,9,4.9,True,True,VAS,-0.079,neutro,3.81,2.71,1.0,44.5,neutro,3.39
111246,Alix Vinicius,RBB,Zagueiro,3,4.91,-0.23,2.43,10,0.4,True,True,PAL,0.027,neutro,2.402,1.23,1.0,47.0,neutro,2.26
108133,Isidro Pitta,RBB,Atacante,7,7.5,2.36,4.04,11,18.0,True,True,PAL,0.757,valor_bom,4.336,0.68,1.0,48.2,neutro,4.18
113157,Nathan Mendes,VIT,Lateral,7,7.09,-0.5,5.03,9,6.7,True,False,CAP,0.193,neutro,4.3,3.14,1.0,31.0,desfavoravel,2.67
111760,Fabinho,RBB,Meia,6,2.04,0.0,-0.08,5,0.0,False,True,PAL,0.089,neutro,0.524,0.0,0.625,48.4,neutro,0.32
140906,Davi Gomes,RBB,Atacante,5,5.19,0.0,4.25,2,0.0,False,True,PAL,-0.232,neutro,2.455,4.25,0.25,48.2,neutro,0.59
132580,Vinicinho,RBB,Atacante,7,5.0,0.6,2.69,7,6.1,True,True,PAL,-0.271,neutro,2.325,2.69,0.875,48.2,neutro,1.96
122394,Gustavinho,RBB,Meia,6,6.19,0.0,3.38,9,0.0,False,True,PAL,0.948,valor_bom,3.754,2.82,1.0,48.4,neutro,3.63
72605,Vitor Hugo,CAM,Zagueiro,6,7.17,0.0,3.0,3,0.0,False,True,FLA,0.411,neutro,3.67,2.0,0.375,46.4,neutro,1.28
138021,Palacios,RBB,Zagueiro,6,3.0,0.0,0.0,0,0.0,False,True,PAL,-1.386,armadilha_leve,0.0,0.0,0.0,47.0,neutro,0.0
68920,Dudu,CAM,Atacante,6,7.15,0.65,2.91,11,4.7,True,True,FLA,0.198,neutro,3.682,1.46,1.0,45.5,neutro,3.35
98909,Cuello,CAM,Atacante,7,9.52,0.38,6.21,12,6.1,True,True,FLA,1.446,valor_bom,5.624,4.46,1.0,45.5,neutro,5.12
39656,Alan Franco,CAM,Meia,7,4.89,-0.68,2.44,11,-0.6,True,True,FLA,-0.15,neutro,2.211,1.99,1.0,45.6,neutro,2.02
124239,Henry Mosquera,RBB,Atacante,5,6.27,0.0,4.16,10,0.0,False,True,PAL,1.337,valor_bom,4.419,3.16,1.0,48.2,neutro,4.26
100084,Igor Gomes,CAM,Meia,6,3.72,0.0,-0.14,5,0.0,False,True,FLA,-0.674,armadilha_leve,1.113,0.0,0.625,45.6,neutro,0.63
87999,Gustavo Scarpa,CAM,Meia,6,7.52,0.0,2.98,9,0.0,False,True,FLA,0.158,neutro,3.543,1.87,1.0,45.6,neutro,3.23
132274,Ignacio Sosa,RBB,Meia,6,3.75,0.37,1.3,9,2.7,True,True,PAL,-0.164,neutro,1.581,1.3,1.0,48.4,neutro,1.53
88312,Junior Alonso,CAM,Zagueiro,6,6.04,0.0,3.32,6,0.0,False,True,FLA,-0.104,neutro,2.776,2.82,0.75,46.4,neutro,1.93
92087,Lyanco,CAM,Zagueiro,7,9.28,-0.72,3.77,4,0.6,True,True,FLA,-0.076,neutro,3.871,2.27,0.5,46.4,neutro,1.8
91607,Rony,SAN,Atacante,6,5.93,0.0,2.26,8,0.0,False,False,BAH,-0.928,armadilha_leve,2.133,2.26,1.0,35.0,desfavoravel,1.49
118774,Alexsander,CAM,Meia,6,6.76,0.0,0.85,2,0.0,False,True,FLA,0.424,neutro,3.51,0.85,0.25,45.6,neutro,0.8
103767,Gabriel Menino,SAN,Meia,5,9.21,0.0,5.24,7,0.0,False,False,BAH,0.848,valor_bom,4.672,4.53,0.875,34.7,desfavoravel,2.84
72460,Bernard,CAM,Meia,6,3.81,-0.15,1.56,9,0.0,True,True,FLA,-0.05,neutro,1.718,1.0,1.0,45.6,neutro,1.57
107554,Natanael,CAM,Lateral,7,9.2,0.22,6.06,5,3.6,True,True,FLA,0.782,valor_bom,5.66,3.46,0.625,46.2,neutro,3.27
101002,Júnior Santos,BOT,Atacante,7,5.02,-0.44,2.78,6,1.2,True,True,INT,-0.268,neutro,2.338,1.45,0.75,41.4,neutro,1.45
98484,Kanu,BAH,Zagueiro,6,4.67,0.0,3.4,1,0.0,False,True,SAN,0.241,neutro,2.482,0.4,0.125,58.0,neutro,0.36
130889,Riquelme,GRE,Meia,6,4.0,0.0,0.0,0,0.0,False,True,CFC,-2.12,armadilha_forte,0.0,0.0,0.0,32.9,neutro,0.0
105068,Reinier,CAM,Meia,7,4.41,-0.36,2.95,11,1.7,True,True,FLA,0.461,neutro,2.507,2.04,1.0,45.6,neutro,2.29
95556,Raniele,COR,Meia,7,6.83,-0.85,3.16,9,-1.2,True,True,VAS,0.54,valor_bom,3.638,3.16,1.0,49.8,neutro,3.62
100842,Ruan,CAM,Zagueiro,7,5.07,-0.8,3.15,11,-0.3,True,True,FLA,0.399,neutro,2.82,2.06,1.0,46.4,neutro,2.62
115674,Gabriel Delfim,CAM,Goleiro,6,2.0,0.0,0.0,0,0.0,False,True,FLA,-0.407,neutro,0.0,0.0,0.0,46.9,neutro,0.0
78435,Vitinho,COR,Atacante,6,4.49,0.0,1.77,6,0.0,False,True,VAS,-0.435,neutro,1.905,1.77,0.75,50.1,neutro,1.43
124661,Iván Román,CAM,Zagueiro,6,8.47,0.0,6.4,4,0.0,False,True,FLA,1.129,valor_bom,4.748,3.4,0.5,46.4,neutro,2.2
110715,Andrés Hurtado,RBB,Lateral,7,5.25,-1.36,3.52,10,0.0,True,True,PAL,0.319,neutro,3.502,2.02,1.0,46.8,neutro,3.28
85048,Memphis Depay,COR,Atacante,5,9.81,0.0,2.15,6,0.0,False,True,VAS,-0.744,armadilha_leve,3.632,0.82,0.75,50.1,neutro,2.73
122990,Patrick,CAM,Meia,5,4.0,0.0,0.0,0,0.0,False,True,FLA,-2.12,armadilha_forte,0.0,0.0,0.0,45.6,neutro,0.0
92440,André Ramalho,COR,Zagueiro,3,6.08,0.0,2.6,3,0.0,False,True,VAS,0.732,valor_bom,3.561,1.6,0.375,44.5,neutro,1.19
98225,Pedro Raul,COR,Atacante,6,3.06,0.0,0.1,5,0.0,False,True,VAS,-1.005,armadilha_leve,0.466,0.1,0.625,50.1,neutro,0.29
96342,Charles,COR,Meia,5,3.53,0.0,1.03,3,0.0,False,True,VAS,-0.74,armadilha_leve,0.936,1.03,0.375,49.8,neutro,0.35
98720,Angileri,COR,Lateral,6,4.04,0.0,1.94,5,0.0,False,True,VAS,-0.649,armadilha_leve,1.854,1.34,0.625,44.3,neutro,1.03
102340,Cacá,VIT,Zagueiro,7,6.9,-0.74,4.2,8,5.5,True,False,CAP,0.939,valor_bom,4.061,1.95,1.0,31.2,desfavoravel,2.53
107908,Hugo,COR,Lateral,5,4.0,0.0,0.0,0,0.0,False,True,VAS,-2.642,armadilha_forte,0.0,0.0,0.0,44.3,neutro,0.0
105531,Matheus Bidu,COR,Lateral,7,13.46,0.36,8.19,8,11.7,True,True,VAS,0.678,valor_bom,6.8,5.69,1.0,44.3,neutro,6.02
101574,Hugo Souza,COR,Goleiro,7,10.51,-0.42,5.13,10,6.3,True,True,VAS,0.311,neutro,4.71,3.13,1.0,45.0,neutro,4.24
107179,Matheus Donelli,COR,Goleiro,6,3.0,0.0,0.0,0,0.0,False,True,VAS,-1.184,armadilha_leve,0.0,0.0,0.0,45.0,neutro,0.0
97642,Félix Torres,INT,Zagueiro,7,3.86,-0.42,2.57,9,1.7,True,False,BOT,0.488,neutro,2.274,1.9,1.0,35.7,neutro,1.62
121824,Kayke,COR,Atacante,7,3.64,-0.38,1.65,6,1.5,True,True,VAS,0.04,neutro,1.853,1.65,0.75,50.1,neutro,1.39
117632,Garro,COR,Meia,7,9.79,-0.39,3.75,11,0.3,True,True,VAS,-0.172,neutro,3.929,2.39,1.0,49.8,neutro,3.91
117910,Breno Bidon,COR,Meia,7,8.98,-0.27,3.39,10,2.2,True,True,VAS,-0.134,neutro,3.739,2.89,1.0,49.8,neutro,3.72
131753,Felipe Longo,COR,Goleiro,6,2.0,0.0,0.0,0,0.0,False,True,VAS,-0.407,neutro,0.0,0.0,0.0,45.0,neutro,0.0
42500,Fagner,CRU,Lateral,7,5.98,-0.31,3.08,8,4.4,True,False,REM,-0.351,neutro,3.279,1.71,1.0,47.2,neutro,3.1
79701,Lucas Silva,CRU,Meia,3,3.63,-0.57,0.37,11,-1.3,True,False,REM,-0.724,armadilha_leve,1.013,0.37,1.0,60.5,neutro,1.23
89275,William,CRU,Lateral,6,8.51,0.0,3.57,8,0.0,False,False,REM,-0.224,neutro,4.49,2.82,1.0,47.2,neutro,4.24
88479,Walace,CRU,Meia,6,4.0,0.0,0.0,0,0.0,False,False,REM,-2.12,armadilha_forte,0.0,0.0,0.0,60.5,neutro,0.0
122396,Ryan,COR,Meia,6,3.0,0.0,0.0,0,0.0,False,True,VAS,-1.396,armadilha_leve,0.0,0.0,0.0,49.8,neutro,0.0
125488,João Pedro,COR,Zagueiro,6,8.84,0.0,7.7,2,0.0,False,True,VAS,0.934,valor_bom,4.677,3.2,0.25,44.5,neutro,1.04
133543,Gui Negão,COR,Atacante,5,3.97,0.0,1.35,4,0.0,False,True,VAS,-0.246,neutro,1.787,1.35,0.5,50.1,neutro,0.9
127242,Bahia,COR,Meia,6,2.0,0.0,0.0,0,0.0,False,True,VAS,-0.461,neutro,0.0,0.0,0.0,49.8,neutro,0.0
88136,Ivan,REM,Goleiro,6,4.0,0.0,0.0,0,0.0,False,True,CRU,-1.788,armadilha_forte,0.0,0.0,0.0,63.9,neutro,0.0
84558,Lucas Romero,CRU,Meia,7,9.71,2.21,4.42,6,11.4,True,False,REM,0.249,neutro,4.28,1.92,0.75,60.5,neutro,3.88
141995,Dieguinho,COR,Meia,6,3.18,0.0,0.73,4,0.0,False,True,VAS,-0.583,armadilha_leve,0.844,0.73,0.5,49.8,neutro,0.42
113158,Marquinhos,CRU,Atacante,5,4.0,0.0,0.0,0,0.0,False,False,REM,-2.153,armadilha_forte,0.0,0.0,0.0,59.8,neutro,0.0
96610,Matheus Pereira,CRU,Meia,3,15.06,0.47,5.9,11,9.6,True,False,REM,-0.055,neutro,5.174,4.08,1.0,60.5,neutro,6.26
114405,Sinisterra,CRU,Atacante,5,5.76,0.0,1.7,1,0.0,False,False,REM,-1.019,armadilha_leve,1.972,1.7,0.125,59.8,neutro,0.29
93478,Wanderson,CRU,Atacante,6,3.94,-0.24,1.26,11,-0.3,True,False,REM,-0.452,neutro,1.574,0.53,1.0,59.8,neutro,1.88
100742,Matheus Henrique,CRU,Meia,7,4.91,-0.35,1.66,12,-0.3,True,False,REM,-0.677,armadilha_leve,1.755,1.66,1.0,60.5,neutro,2.12
105047,João Marcelo,CRU,Zagueiro,6,3.75,0.0,0.9,3,0.0,False,False,REM,-0.113,neutro,1.656,0.9,0.375,47.4,neutro,0.59
111690,Matheus Cunha,CRU,Goleiro,7,4.46,0.76,2.91,8,6.3,True,False,REM,0.83,valor_bom,3.09,0.41,1.0,47.9,neutro,2.96
139345,Kauã Prates,CRU,Lateral,6,3.39,0.0,0.0,1,0.0,False,False,REM,-0.393,neutro,1.6,0.0,0.125,47.2,neutro,0.19
143600,Kauã Moraes,CRU,Lateral,6,6.33,0.0,4.84,5,0.0,False,False,REM,0.249,neutro,4.002,2.04,0.625,47.2,neutro,2.36
124912,Jonathan Jesus,CRU,Zagueiro,7,5.23,0.49,1.87,4,5.0,True,False,REM,-0.354,neutro,2.201,1.12,0.5,47.4,neutro,1.04
131967,Villarreal,CRU,Atacante,6,9.32,-1.2,6.73,7,5.2,True,False,REM,1.556,valor_oculto,5.671,3.3,0.875,59.8,neutro,5.93
132264,Arroyo,CRU,Atacante,7,5.7,0.93,2.68,11,6.6,True,False,REM,-0.543,armadilha_leve,2.396,2.23,1.0,59.8,neutro,2.87
146807,Rayan Lelis,CRU,Atacante,6,2.0,0.0,0.0,0,0.0,False,False,REM,-0.544,armadilha_leve,0.0,0.0,0.0,59.8,neutro,0.0
83528,Léo Pereira,FLA,Zagueiro,7,9.83,-0.13,4.44,8,3.7,True,False,CAM,0.101,neutro,4.181,2.19,1.0,47.3,neutro,3.96
117404,Otávio,CRU,Goleiro,6,2.0,0.0,0.0,0,0.0,False,False,REM,-0.407,neutro,0.0,0.0,0.0,47.9,neutro,0.0
122660,Japa,CRU,Meia,6,5.93,0.0,5.2,3,0.0,False,False,REM,1.861,valor_oculto,4.455,3.53,0.375,60.5,neutro,2.02
137542,Kaique Kenji,CRU,Atacante,6,1.95,0.0,0.0,3,0.0,False,False,REM,0.044,neutro,0.506,0.0,0.375,59.8,neutro,0.23
137543,Tevis,CRU,Atacante,6,2.0,0.0,0.0,0,0.0,False,False,REM,-0.544,armadilha_leve,0.0,0.0,0.0,59.8,neutro,0.0
69783,Danilo,FLA,Zagueiro,6,6.23,0.0,0.5,3,0.0,False,False,CAM,0.045,neutro,2.988,0.5,0.375,47.3,neutro,1.06
92854,Borré,INT,Atacante,7,8.13,1.93,3.27,12,12.0,True,False,BOT,0.029,neutro,3.86,2.19,1.0,63.6,neutro,4.91
82627,Luiz Araújo,FLA,Atacante,6,7.78,-0.46,3.21,7,0.0,True,False,CAM,0.329,neutro,4.028,1.35,0.875,55.0,neutro,3.88
80061,Saúl,FLA,Meia,6,9.02,2.02,6.5,1,6.5,True,False,CAM,0.64,valor_bom,4.434,1.5,0.125,55.5,neutro,0.62
143350,Murilo Rhikman,CRU,Meia,6,2.95,0.0,0.5,1,0.0,False,False,REM,-0.386,neutro,0.856,0.5,0.125,60.5,neutro,0.13
90285,Bruno Henrique,FLA,Atacante,6,5.63,-0.44,1.1,5,1.0,True,False,CAM,-1.291,armadilha_leve,1.657,1.1,0.625,55.0,neutro,1.14
84735,Jorginho,FLA,Meia,5,10.36,0.0,3.31,7,0.0,False,False,CAM,-0.517,armadilha_leve,3.772,2.6,0.875,55.5,neutro,3.66
84816,Varela,FLA,Lateral,7,8.71,0.03,5.12,9,5.0,True,False,CAM,0.531,valor_bom,5.256,3.23,1.0,47.1,neutro,4.95
86757,Everton,FLA,Atacante,6,6.12,-0.2,1.63,6,0.8,True,False,CAM,0.335,neutro,3.409,1.63,0.75,55.0,neutro,2.81
98873,Samuel Lino,FLA,Atacante,7,9.93,-1.75,5.97,10,1.7,True,False,CAM,1.115,valor_bom,5.425,2.87,1.0,55.0,neutro,5.97
122318,Dyogo Alves,FLA,Goleiro,6,3.0,0.0,0.0,0,0.0,False,False,CAM,-1.184,armadilha_leve,0.0,0.0,0.0,47.8,neutro,0.0
96870,Emerson Royal,FLA,Lateral,6,6.12,0.0,3.92,4,0.0,False,False,CAM,-0.049,neutro,3.626,2.42,0.5,47.1,neutro,1.71
97867,Léo Ortiz,FLA,Zagueiro,7,9.88,0.92,4.33,10,7.4,True,False,CAM,0.051,neutro,4.148,2.53,1.0,47.3,neutro,3.92
91473,Erick Pulgar,FLA,Meia,3,6.08,0.0,1.53,6,0.0,False,False,CAM,0.193,neutro,3.042,1.53,0.75,55.5,neutro,2.53
87863,Arrascaeta,FLA,Meia,7,16.89,1.72,5.94,8,13.0,True,False,CAM,-0.537,armadilha_leve,5.058,4.07,1.0,55.5,neutro,5.61
122320,Daniel Sales,FLA,Lateral,6,2.0,0.0,0.0,0,0.0,False,False,CAM,-0.668,armadilha_leve,0.0,0.0,0.0,47.1,neutro,0.0
88393,Ayrton Lucas,FLA,Lateral,6,7.7,0.0,3.04,5,0.0,False,False,CAM,0.128,neutro,4.498,1.84,0.625,47.1,neutro,2.65
109096,Plata,FLA,Atacante,7,10.78,-1.14,7.42,5,4.5,True,False,CAM,1.247,valor_bom,5.773,4.82,0.625,55.0,neutro,3.97
115914,Evertton Araújo,FLA,Meia,7,2.44,-0.55,0.64,7,-0.6,True,False,CAM,-0.024,neutro,0.779,0.64,0.875,55.5,neutro,0.76
96652,Allan,COR,Meia,6,3.04,0.19,0.75,7,0.0,True,True,VAS,-0.487,neutro,0.831,0.75,0.875,49.8,neutro,0.72
99228,De la Cruz,FLA,Meia,6,5.73,-0.29,1.55,6,1.5,True,False,CAM,0.366,neutro,3.05,1.55,0.75,55.5,neutro,2.54
62977,Ganso,FLU,Meia,6,3.58,-0.08,1.03,11,0.0,True,True,CHA,-0.731,armadilha_leve,0.976,1.03,1.0,72.5,neutro,1.42
145705,Douglas Telles,FLA,Atacante,6,2.0,0.0,0.0,0,0.0,False,False,CAM,-0.544,armadilha_leve,0.0,0.0,0.0,55.0,neutro,0.0
140492,João Victor,FLA,Zagueiro,6,2.0,0.0,0.0,0,0.0,False,False,CAM,-0.502,armadilha_leve,0.0,0.0,0.0,47.3,neutro,0.0
130382,Guilherme Gomes,FLA,Meia,6,3.0,0.0,0.0,0,0.0,False,False,CAM,-1.396,armadilha_leve,0.0,0.0,0.0,55.5,neutro,0.0
73384,Samuel Xavier,FLU,Lateral,6,8.23,0.0,4.22,8,0.0,False,True,CHA,0.246,neutro,4.815,3.47,1.0,87.8,favoravel,8.46
130189,Léo Nannetti,FLA,Goleiro,6,2.0,0.0,0.0,0,0.0,False,False,CAM,-0.407,neutro,0.0,0.0,0.0,47.8,neutro,0.0
140303,Da Mata,FLA,Zagueiro,6,2.0,0.0,0.0,0,0.0,False,False,CAM,-0.502,armadilha_leve,0.0,0.0,0.0,47.3,neutro,0.0
122573,Wallace Yan,FLA,Atacante,6,3.64,0.0,0.27,3,0.0,False,False,CAM,-0.299,neutro,1.532,0.27,0.375,55.0,neutro,0.63
86485,Keno,CFC,Atacante,5,4.12,0.0,0.73,4,0.0,False,False,GRE,-0.558,armadilha_leve,1.58,0.73,0.5,47.5,neutro,0.75
82463,Otávio,FLU,Meia,6,2.51,-0.7,0.32,5,-1.3,True,True,CHA,-0.204,neutro,0.678,0.32,0.625,72.5,neutro,0.61
92182,Juninho,INT,Zagueiro,6,6.58,0.0,5.0,1,0.0,False,False,BOT,1.044,valor_bom,4.041,2.0,0.125,35.7,neutro,0.36
78117,Everaldo,BAH,Atacante,7,6.68,-0.22,5.04,9,1.7,True,True,SAN,1.673,valor_oculto,4.901,2.37,1.0,68.8,favoravel,6.74
78445,Renê,FLU,Lateral,6,9.53,-0.72,6.22,8,1.5,True,True,CHA,0.828,valor_bom,5.815,4.22,1.0,87.8,favoravel,10.21
78855,Thiago Santos,CFC,Zagueiro,6,3.9,0.7,2.58,6,4.0,True,False,GRE,0.398,neutro,2.214,1.08,0.75,44.2,neutro,1.47
143295,Joshua,FLA,Meia,6,3.0,0.0,0.0,0,0.0,False,False,CAM,-1.396,armadilha_leve,0.0,0.0,0.0,55.5,neutro,0.0
101319,Guga,FLU,Lateral,7,7.95,2.95,3.93,7,15.7,True,True,CHA,0.26,neutro,4.719,1.64,0.875,87.8,favoravel,7.25
79631,Cano,FLU,Atacante,5,5.37,0.0,0.8,2,0.0,False,True,CHA,-1.051,armadilha_leve,1.765,0.8,0.25,73.6,neutro,0.65
102137,Vitor Eudes,FLU,Goleiro,6,2.0,0.0,0.0,0,0.0,False,True,CHA,-0.407,neutro,0.0,0.0,0.0,88.4,neutro,0.0
101478,Marcelo Pitaluga,FLU,Goleiro,6,3.0,0.0,0.0,0,0.0,False,True,CHA,-1.184,armadilha_leve,0.0,0.0,0.0,88.4,neutro,0.0
100987,Nonato,FLU,Meia,5,7.28,0.0,5.3,2,0.0,False,True,CHA,1.221,valor_bom,4.4,0.3,0.25,72.5,favoravel,1.6
116447,Hércules,FLU,Meia,7,9.04,1.0,5.62,10,10.1,True,True,CHA,1.249,valor_bom,4.978,4.12,1.0,72.5,favoravel,7.22
87258,Soteldo,FLU,Atacante,6,4.37,0.0,1.07,6,0.0,False,True,CHA,-0.682,armadilha_leve,1.605,1.07,0.75,73.6,neutro,1.77
103523,Ignácio,FLU,Zagueiro,6,6.14,0.0,2.77,4,0.0,False,True,CHA,0.681,valor_bom,3.538,2.77,0.5,87.9,favoravel,3.11
89493,Igor Rabello,FLU,Zagueiro,6,5.0,0.0,0.0,0,0.0,False,True,CHA,-2.631,armadilha_forte,0.0,0.0,0.0,87.9,neutro,0.0
110759,John Kennedy,FLU,Atacante,6,10.05,0.91,6.71,11,8.0,True,True,CHA,1.564,valor_oculto,5.882,3.07,1.0,73.6,favoravel,8.66
113034,Freytes,FLU,Zagueiro,7,4.91,-0.05,2.75,11,1.5,True,True,CHA,0.23,neutro,2.589,1.93,1.0,87.9,favoravel,4.55
105807,Luan Freitas,FLU,Zagueiro,6,3.0,0.0,0.0,0,0.0,False,True,CHA,-1.386,armadilha_leve,0.0,0.0,0.0,87.9,neutro,0.0
140484,Riquelme Felipe,FLU,Atacante,6,4.36,0.36,1.7,1,1.7,True,True,CHA,-0.288,neutro,1.972,1.7,0.125,73.6,neutro,0.36
102928,Canobbio,FLU,Atacante,3,10.64,0.0,7.47,8,0.0,False,True,CHA,1.638,valor_oculto,6.107,3.84,1.0,73.6,favoravel,8.99
99366,Luis Zubeldía,FLU,Técnico,7,10.74,0.68,6.0,12,7.87,True,True,CHA,1.111,valor_bom,6.167,6.0,1.0,72.2,favoravel,8.91
132071,Serna,FLU,Atacante,7,5.95,0.26,2.4,12,3.3,True,True,CHA,-0.821,armadilha_leve,2.242,1.98,1.0,73.6,neutro,3.3
87887,Balbuena,GRE,Zagueiro,6,6.3,0.0,3.18,5,0.0,False,True,CFC,0.72,valor_bom,3.636,2.58,0.625,37.8,neutro,1.72
127932,Júlio Fidelis,FLU,Lateral,6,2.0,0.0,0.0,0,0.0,False,True,CHA,-0.668,armadilha_leve,0.0,0.0,0.0,87.8,neutro,0.0
63013,Marcos Rocha,GRE,Lateral,6,7.36,0.0,0.0,1,0.0,False,True,CFC,-1.253,armadilha_leve,3.092,0.0,0.125,37.6,neutro,0.29
91706,Marlon,GRE,Lateral,5,10.32,0.0,6.62,6,0.0,False,True,CFC,0.673,valor_bom,5.929,4.29,0.75,37.6,neutro,3.34
42135,Willian,GRE,Meia,5,3.93,0.0,1.25,6,0.0,False,True,CFC,-0.241,neutro,1.62,1.25,0.75,32.9,neutro,0.8
130650,Bernal,FLU,Meia,7,4.4,1.5,1.76,5,7.6,True,True,CHA,-0.283,neutro,1.844,1.76,0.625,72.5,neutro,1.67
87342,Kannemann,GRE,Zagueiro,6,5.0,0.0,0.0,0,0.0,False,True,CFC,-2.631,armadilha_forte,0.0,0.0,0.0,37.8,neutro,0.0
63289,Edenílson,BOT,Meia,6,9.3,2.33,4.79,9,18.4,True,True,INT,0.626,valor_bom,4.501,2.01,1.0,41.0,neutro,3.69
102318,Caio Paulista,GRE,Lateral,6,6.4,0.0,3.86,5,0.0,False,True,CFC,-0.198,neutro,3.626,2.66,0.625,37.6,neutro,1.7
91908,Pavón,GRE,Atacante,7,6.0,-0.16,3.56,12,2.3,True,True,CFC,1.049,valor_bom,4.034,3.56,1.0,33.8,neutro,2.73
72018,Tiago Volpi,RBB,Goleiro,7,9.38,-1.23,5.22,5,0.6,True,True,PAL,0.473,neutro,4.583,3.22,0.625,47.5,neutro,2.72
88037,Luís Castro,GRE,Técnico,7,9.44,-0.18,4.74,12,3.37,True,True,CFC,-1.051,armadilha_leve,4.963,4.74,1.0,35.2,neutro,3.49
89273,João Pedro,GRE,Lateral,5,3.33,0.0,0.6,4,0.0,False,True,CFC,-0.558,armadilha_leve,1.4,0.6,0.5,37.6,neutro,0.53
89883,Dodi,GRE,Meia,6,3.04,0.0,0.13,6,0.0,False,True,CFC,-0.782,armadilha_leve,0.571,0.13,0.75,32.9,neutro,0.28
90532,Arthur Melo,GRE,Meia,7,9.0,0.16,3.8,7,4.5,True,True,CFC,0.155,neutro,4.0,3.8,0.875,32.9,neutro,2.3
105563,Carlos Vinícius,GRE,Atacante,7,14.62,-0.34,6.02,12,-0.3,True,True,CFC,0.08,neutro,5.51,1.35,1.0,33.8,neutro,3.72
111309,Gustavo Martins,GRE,Zagueiro,7,5.83,-0.7,2.81,9,-0.3,True,True,CFC,-0.2,neutro,2.602,1.03,1.0,37.8,neutro,1.97
97145,Villasanti,GRE,Meia,6,7.0,0.0,0.0,0,0.0,False,True,CFC,-3.647,armadilha_forte,0.0,0.0,0.0,32.9,neutro,0.0
109966,Monsalve,GRE,Meia,6,3.12,0.41,0.64,7,3.0,True,True,CFC,-0.61,armadilha_leve,0.779,0.64,0.875,32.9,neutro,0.45
104994,Wagner Leonardo,GRE,Zagueiro,7,6.17,0.44,2.87,4,2.7,True,True,CFC,0.704,valor_bom,3.571,2.87,0.5,37.8,neutro,1.35
112616,Gabriel Grando,GRE,Goleiro,6,4.0,0.0,0.0,0,0.0,False,True,CFC,-1.788,armadilha_forte,0.0,0.0,0.0,38.3,neutro,0.0
116067,Thiago Beltrame,GRE,Goleiro,6,2.0,0.0,0.0,0,0.0,False,True,CFC,-0.407,neutro,0.0,0.0,0.0,38.3,neutro,0.0
121792,André,GRE,Atacante,6,3.21,0.0,1.2,3,0.0,False,True,CFC,-0.731,armadilha_leve,0.833,1.2,0.375,33.8,neutro,0.21
125467,Viery,GRE,Zagueiro,3,3.78,0.0,2.49,8,0.0,False,True,CFC,0.475,neutro,2.215,1.37,1.0,37.8,neutro,1.67
70944,Bruno Henrique,INT,Meia,7,3.78,0.0,0.98,9,0.0,False,False,BOT,-0.377,neutro,1.411,0.98,1.0,64.5,neutro,1.82
118238,Ronald,GRE,Meia,6,3.0,0.0,0.0,0,0.0,False,True,CFC,-1.396,armadilha_leve,0.0,0.0,0.0,32.9,neutro,0.0
145744,André,COR,Meia,3,5.84,0.0,4.14,9,0.0,False,True,VAS,1.567,valor_oculto,4.157,3.58,1.0,49.8,neutro,4.14
142004,Amuzu,GRE,Atacante,7,7.81,0.25,4.81,11,3.0,True,True,CFC,1.115,valor_bom,4.782,3.17,1.0,33.8,neutro,3.23
92180,Jair Ventura,VIT,Técnico,7,8.54,-0.58,5.37,10,4.63,True,False,CAP,1.28,valor_bom,5.338,5.37,1.0,33.0,desfavoravel,3.52
72951,Mercado,INT,Zagueiro,7,7.21,0.0,5.21,8,0.0,False,False,BOT,1.37,valor_bom,4.566,3.33,1.0,35.7,neutro,3.26
107989,Carbonero,INT,Atacante,7,7.81,-0.14,3.66,12,1.8,True,False,BOT,0.388,neutro,4.094,2.58,1.0,63.6,neutro,5.21
110510,Aguirre,INT,Lateral,6,5.3,-0.35,3.24,10,2.3,True,False,BOT,0.118,neutro,3.346,2.44,1.0,35.5,neutro,2.38
92981,Ronaldo,INT,Meia,6,3.89,0.0,2.85,7,0.0,False,False,BOT,0.603,valor_bom,2.342,2.14,0.875,64.5,neutro,2.64
89637,Thiago Maia,INT,Meia,6,3.84,-0.11,0.94,7,1.5,True,False,BOT,-0.374,neutro,1.45,0.94,0.875,64.5,neutro,1.64
87228,Guilherme Arana,FLU,Lateral,7,8.08,-0.3,3.72,8,0.8,True,True,CHA,0.036,neutro,4.565,2.22,1.0,87.8,favoravel,8.02
101597,Ramon,VIT,Lateral,7,8.95,-1.12,6.09,10,4.9,True,False,CAP,1.018,valor_bom,5.788,3.39,1.0,31.0,desfavoravel,3.59
86711,Richard,INT,Meia,6,4.0,0.0,0.0,0,0.0,False,False,BOT,-2.12,armadilha_forte,0.0,0.0,0.0,64.5,neutro,0.0
107174,Bruno Tabata,INT,Meia,6,3.62,0.08,1.04,5,2.5,True,False,BOT,-0.784,armadilha_leve,0.954,1.04,0.625,64.5,neutro,0.77
71684,Gustavo Gómez,PAL,Zagueiro,7,12.67,1.93,5.69,11,15.5,True,False,RBB,0.216,neutro,4.945,2.51,1.0,47.3,neutro,4.68
111466,Victor Gabriel,INT,Zagueiro,6,4.84,0.29,2.61,10,4.8,True,False,BOT,0.172,neutro,2.502,2.01,1.0,35.7,neutro,1.79
101960,Vitinho,INT,Atacante,7,7.47,-0.54,4.52,11,3.8,True,False,BOT,1.062,valor_bom,4.614,3.16,1.0,63.6,neutro,5.87
106202,Bruno Gomes,INT,Meia,7,6.82,0.02,3.41,12,3.7,True,False,BOT,0.632,valor_bom,3.716,3.41,1.0,64.5,neutro,4.79
111683,Anthoni,INT,Goleiro,7,2.77,-0.57,0.45,2,-0.7,True,False,BOT,1.476,valor_bom,2.706,0.45,0.25,36.3,neutro,0.49
93790,Marlon Freitas,PAL,Meia,3,6.38,0.0,3.35,11,0.0,False,False,RBB,0.8,valor_bom,3.698,1.99,1.0,52.9,neutro,3.91
115479,Paulo Pezzolano,INT,Técnico,7,7.56,0.18,4.71,12,5.25,True,False,BOT,0.493,neutro,4.62,4.71,1.0,64.7,neutro,5.98
68872,Marcelo Lomba,PAL,Goleiro,6,4.0,0.0,0.0,0,0.0,False,False,RBB,-1.788,armadilha_forte,0.0,0.0,0.0,47.8,neutro,0.0
137618,Clayton Sampaio,INT,Zagueiro,6,3.0,0.0,0.0,0,0.0,False,False,BOT,-1.386,armadilha_leve,0.0,0.0,0.0,35.7,neutro,0.0
143488,Raykkonen,INT,Atacante,6,2.63,0.0,0.5,1,0.0,False,False,BOT,-0.432,neutro,0.674,0.5,0.125,63.6,neutro,0.11
70592,Felipe Anderson,PAL,Meia,6,5.81,-0.41,1.8,9,0.0,True,False,RBB,0.178,neutro,2.918,1.8,1.0,52.9,neutro,3.09
102130,Piquerez,PAL,Lateral,5,11.43,0.0,6.43,6,0.0,False,False,RBB,0.222,neutro,5.847,4.6,0.75,47.1,neutro,4.13
105647,Maurício,PAL,Meia,6,6.79,0.0,3.08,10,0.0,False,False,RBB,0.476,neutro,3.567,2.08,1.0,52.9,neutro,3.77
84674,Lucas Evangelista,PAL,Meia,6,4.74,-0.08,1.37,10,1.0,True,False,RBB,-0.753,armadilha_leve,1.604,0.87,1.0,52.9,neutro,1.7
97653,Murilo,PAL,Zagueiro,7,7.03,-0.71,3.77,10,1.4,True,False,RBB,0.645,valor_bom,3.837,1.77,1.0,47.3,neutro,3.63
111832,Jefté,PAL,Lateral,5,3.01,0.0,0.33,3,0.0,False,False,RBB,-0.262,neutro,1.399,0.33,0.375,47.1,neutro,0.49
104085,Bruno Fuchs,PAL,Zagueiro,6,8.15,0.15,3.75,4,5.0,True,False,RBB,0.274,neutro,3.864,2.25,0.5,47.3,neutro,1.83
71631,Weverton,GRE,Goleiro,7,7.56,-0.81,4.38,12,3.2,True,True,CFC,0.734,valor_bom,4.302,2.71,1.0,38.3,neutro,3.3
105175,Khellven,PAL,Lateral,6,5.97,0.0,2.4,8,0.0,False,False,RBB,-0.717,armadilha_leve,2.939,2.02,1.0,47.1,neutro,2.77
99818,Paulinho,PAL,Atacante,6,15.0,0.0,0.0,0,0.0,False,False,RBB,-5.817,armadilha_forte,0.0,0.0,0.0,52.5,neutro,0.0
130612,Luighi,PAL,Atacante,6,2.83,0.0,0.97,6,0.0,False,False,RBB,-0.454,neutro,0.813,0.97,0.75,52.5,neutro,0.64
110506,Abel Ferreira,PAL,Técnico,7,12.47,0.28,6.64,12,7.51,True,False,RBB,0.493,neutro,6.551,6.64,1.0,53.9,neutro,7.06
92811,Bruno Rodrigues,CRU,Atacante,6,2.73,0.42,0.68,6,2.5,True,False,REM,-0.502,armadilha_leve,0.689,0.68,0.75,59.8,neutro,0.62
108683,Emiliano Martínez,PAL,Meia,7,4.9,0.27,1.8,3,3.5,True,False,RBB,-0.542,armadilha_leve,1.87,1.8,0.375,52.9,neutro,0.74
104084,Carlos Miguel,PAL,Goleiro,7,8.83,0.08,5.0,12,8.9,True,False,RBB,0.704,valor_bom,4.674,3.33,1.0,47.8,neutro,4.47
112863,Ramón Sosa,PAL,Atacante,7,5.37,0.2,1.76,11,2.7,True,False,RBB,-0.947,armadilha_leve,1.863,1.03,1.0,52.5,neutro,1.96
124526,Giay,PAL,Lateral,7,7.46,0.58,4.3,11,9.5,True,False,RBB,0.53,valor_bom,4.767,3.21,1.0,47.1,neutro,4.49
141451,Allan,PAL,Meia,7,13.17,-0.06,6.0,12,5.0,True,False,RBB,0.46,neutro,5.27,4.75,1.0,52.9,neutro,5.58
113103,Flaco López,PAL,Atacante,7,13.97,-0.65,6.32,12,3.8,True,False,RBB,0.405,neutro,5.69,3.49,1.0,52.5,neutro,5.97
133679,Benedetti,PAL,Zagueiro,6,4.62,1.62,4.7,1,4.7,True,False,RBB,0.425,neutro,2.626,1.7,0.125,47.3,neutro,0.31
136156,Larson,PAL,Meia,6,2.44,0.0,0.47,3,0.0,False,False,RBB,-0.019,neutro,0.783,0.47,0.375,52.9,neutro,0.31
81005,André Luis,MIR,Atacante,7,4.43,1.47,1.38,6,7.3,True,False,SAO,-0.577,armadilha_leve,1.738,0.05,0.75,24.8,desfavoravel,0.65
72279,Thomazella,MIR,Goleiro,6,2.0,0.0,0.0,0,0.0,False,False,SAO,-0.407,neutro,0.0,0.0,0.0,29.9,desfavoravel,0.0
73318,Daniel Borges,MIR,Lateral,6,4.18,0.0,1.3,1,0.0,False,False,SAO,-0.875,armadilha_leve,1.744,1.3,0.125,29.2,desfavoravel,0.13
97460,João Victor,MIR,Zagueiro,7,5.1,0.47,2.12,10,4.5,True,False,SAO,-0.257,neutro,2.23,1.62,1.0,29.4,desfavoravel,1.31
79066,Alex Muralha,MIR,Goleiro,6,2.64,-0.36,-1.0,0,-1.0,False,False,SAO,-0.929,armadilha_leve,0.0,0.0,0.0,29.9,desfavoravel,0.0
82775,Lucas Ramon,SAO,Lateral,7,10.1,0.0,6.26,7,0.0,False,True,MIR,0.616,valor_bom,5.807,4.69,0.875,59.1,neutro,6.01
97321,Alesson,MIR,Atacante,7,9.73,1.97,4.91,10,12.7,True,False,SAO,0.551,valor_bom,4.836,3.41,1.0,24.8,desfavoravel,2.4
83263,Yuri Lara,MIR,Meia,5,4.85,0.0,2.02,5,0.0,False,False,SAO,-0.43,neutro,1.944,2.02,0.625,24.1,desfavoravel,0.59
87742,Neto Moura,MIR,Meia,7,3.46,-0.32,1.54,8,0.0,True,False,SAO,-0.368,neutro,1.22,1.54,1.0,24.1,desfavoravel,0.59
90917,Carlos Eduardo,MIR,Atacante,6,3.95,-0.03,1.4,5,2.4,True,False,SAO,-0.248,neutro,1.773,1.4,0.625,24.8,desfavoravel,0.55
102667,Nathan Fogaça,MIR,Atacante,6,5.41,-0.4,3.65,7,1.1,True,False,SAO,-0.006,neutro,2.773,1.36,0.875,24.8,desfavoravel,1.2
98384,Negueba,MIR,Atacante,5,8.57,0.0,5.23,8,0.0,False,False,SAO,1.071,valor_bom,4.987,4.23,1.0,24.8,desfavoravel,2.47
104027,Rafael Guanaes,MIR,Técnico,7,7.42,0.71,3.99,10,6.54,True,False,SAO,-0.551,armadilha_leve,4.21,3.99,1.0,26.9,desfavoravel,2.26
97520,Shaylon,MIR,Meia,7,4.83,0.77,2.43,7,4.5,True,False,SAO,-0.19,neutro,2.146,1.72,0.875,24.1,desfavoravel,0.91
101708,Felipe Jonatan,CFC,Lateral,6,6.02,1.12,2.92,7,8.0,True,False,GRE,-0.44,neutro,3.218,2.06,0.875,44.0,neutro,2.48
117403,Renato Marques,CFC,Atacante,3,2.76,-1.25,-0.03,3,-3.0,True,False,GRE,-0.73,armadilha_leve,0.497,0.0,0.375,47.5,neutro,0.18
81150,Mayke,SAN,Lateral,7,4.67,0.0,1.2,1,0.0,False,False,BAH,0.394,neutro,3.226,1.2,0.125,43.0,neutro,0.35
83257,Gabriel,SAN,Atacante,6,10.54,1.78,5.43,6,13.3,True,False,BAH,0.535,valor_bom,5.038,1.1,0.75,35.0,desfavoravel,2.64
77777,João Schmidt,SAN,Meia,6,4.12,0.0,1.13,6,0.0,False,False,BAH,-0.423,neutro,1.568,1.13,0.75,34.7,desfavoravel,0.82
74187,Rincón,SAN,Meia,6,3.05,0.0,-1.6,1,0.0,False,False,BAH,-0.731,armadilha_leve,0.623,0.0,0.125,34.7,desfavoravel,0.05
91866,Zé Ivaldo,SAN,Zagueiro,6,5.75,0.0,1.9,4,0.0,False,False,BAH,-0.589,armadilha_leve,2.211,1.9,0.5,43.2,neutro,0.96
78478,Willian Arão,SAN,Meia,7,5.92,-0.12,2.68,7,4.5,True,False,BAH,0.76,valor_bom,3.478,2.68,0.875,34.7,desfavoravel,2.11
95466,Igor Vinícius,SAN,Lateral,6,9.82,-1.2,6.65,8,3.9,True,False,BAH,0.958,valor_bom,6.03,4.9,1.0,43.0,neutro,5.19
82455,Zé Rafael,SAN,Meia,6,8.88,0.0,5.35,4,0.0,False,False,BAH,0.836,valor_bom,4.567,2.85,0.5,34.7,desfavoravel,1.58
104204,Edson Carioca,MIR,Atacante,7,3.78,-0.84,1.2,5,-0.3,True,False,SAO,-0.219,neutro,1.696,1.2,0.625,24.8,desfavoravel,0.53
87470,Thaciano,SAN,Meia,6,6.65,-0.03,3.06,9,1.2,True,False,BAH,0.556,valor_bom,3.585,1.95,1.0,34.7,desfavoravel,2.49
102256,Rollheiser,SAN,Meia,6,4.3,-0.18,0.3,8,0.0,True,False,BAH,-1.067,armadilha_leve,1.098,0.3,1.0,34.7,desfavoravel,0.76
113690,Diógenes,SAN,Goleiro,6,2.0,0.0,0.0,0,0.0,False,False,BAH,-0.407,neutro,0.0,0.0,0.0,43.7,neutro,0.0
141754,Gabriel Bontempo,SAN,Meia,7,4.83,-0.07,2.81,9,5.2,True,False,BAH,0.074,neutro,2.38,2.81,1.0,34.7,desfavoravel,1.65
84847,Luan Peres,SAN,Zagueiro,7,4.69,-0.67,2.49,10,1.7,True,False,BAH,0.179,neutro,2.435,1.59,1.0,43.2,neutro,2.1
84042,Tiquinho Soares,MIR,Atacante,6,5.86,0.0,2.1,5,0.0,False,False,SAO,-0.992,armadilha_leve,2.042,2.1,0.625,24.8,desfavoravel,0.63
102975,Escobar,SAN,Lateral,7,10.77,0.0,8.08,6,0.0,False,False,BAH,1.205,valor_bom,6.554,5.75,0.75,43.0,neutro,4.23
105903,Aldo Filho,MIR,Meia,7,3.73,-0.39,1.98,9,-0.8,True,False,SAO,0.257,neutro,1.941,1.42,1.0,24.1,desfavoravel,0.94
108469,Adonis Frías,SAN,Zagueiro,6,4.69,0.0,1.53,4,0.0,False,False,BAH,-0.198,neutro,2.088,1.53,0.5,43.2,neutro,0.9
130811,Souza,SAN,Lateral,6,8.0,0.0,0.0,0,0.0,False,False,BAH,-4.913,armadilha_forte,0.0,0.0,0.0,43.0,neutro,0.0
100969,Ronald Lopes,VIT,Meia,6,2.76,-0.26,-0.42,4,0.8,True,False,CAP,-0.673,armadilha_leve,0.461,0.0,0.5,30.6,desfavoravel,0.14
99889,Alan Franco,SAO,Zagueiro,7,5.13,-0.63,2.23,10,-1.6,True,True,MIR,-0.206,neutro,2.291,1.33,1.0,59.3,neutro,2.72
142867,Robinho Jr.,SAN,Atacante,6,3.06,0.0,0.0,2,0.0,False,False,BAH,-0.91,armadilha_leve,0.556,0.0,0.25,35.0,desfavoravel,0.1
81845,Alisson,FLU,Meia,7,3.88,-0.21,0.62,5,1.4,True,True,CHA,-0.45,neutro,1.406,0.62,0.625,72.5,neutro,1.27
70164,Lucas Moura,SAO,Meia,5,7.89,0.0,2.69,7,0.0,False,True,MIR,-0.049,neutro,3.482,1.26,0.875,56.4,neutro,3.44
141868,Vinicius Lira,SAN,Lateral,5,3.79,0.0,2.42,4,0.0,False,False,BAH,-0.285,neutro,2.007,2.42,0.5,43.0,neutro,0.86
77656,Cédric Soares,SAO,Lateral,7,4.07,-0.59,0.96,5,0.2,True,True,MIR,-1.083,armadilha_leve,1.477,0.96,0.625,59.1,neutro,1.09
63008,Rafael Tolói,SAO,Zagueiro,7,7.32,0.0,4.05,4,0.0,False,True,MIR,0.675,valor_bom,3.964,3.3,0.5,59.3,neutro,2.35
80570,Wendell,SAO,Lateral,2,7.7,-0.5,3.6,7,0.0,True,True,MIR,0.201,neutro,4.565,2.03,0.875,59.1,neutro,4.72
89840,Calleri,SAO,Atacante,7,13.51,-0.33,7.37,11,7.0,True,True,MIR,1.109,valor_bom,6.264,3.01,1.0,56.8,neutro,7.12
104075,Sabino,SAO,Zagueiro,7,7.09,-0.01,4.45,10,1.0,True,True,MIR,1.034,valor_bom,4.215,3.25,1.0,59.3,neutro,5.0
85403,Danielzinho,SAO,Meia,7,6.9,-0.75,3.22,10,-0.3,True,True,MIR,0.519,valor_bom,3.645,2.22,1.0,56.4,neutro,4.11
91573,Arboleda,SAO,Zagueiro,6,8.95,0.0,3.98,6,0.0,False,True,MIR,0.107,neutro,3.947,2.98,0.75,59.3,neutro,3.51
105300,Ferraresi,BOT,Zagueiro,7,5.63,-0.43,2.07,8,-0.3,True,True,INT,-0.525,armadilha_leve,2.219,1.69,1.0,55.4,neutro,2.46
131617,André Silva,SAO,Atacante,6,4.34,0.0,0.33,7,0.0,False,True,MIR,-1.067,armadilha_leve,1.224,0.33,0.875,56.8,neutro,1.22
101290,Ferreira,SAO,Atacante,7,6.88,0.0,4.14,8,0.0,False,True,MIR,1.107,valor_bom,4.442,1.14,1.0,56.8,neutro,5.05
108588,Tapia,SAO,Atacante,6,4.57,-0.12,1.87,8,0.5,True,True,MIR,-0.445,neutro,1.938,1.87,1.0,56.8,neutro,2.2
141611,Maik,SAO,Lateral,6,5.52,-1.02,3.48,5,0.0,True,True,MIR,0.13,neutro,3.479,2.88,0.625,59.1,neutro,2.57
107873,Bobadilla,SAO,Meia,2,8.85,0.7,3.97,10,4.7,True,True,MIR,0.273,neutro,4.061,3.47,1.0,56.4,neutro,4.58
140542,Ryan Francisco,SAO,Atacante,6,5.0,0.0,0.0,0,0.0,False,True,MIR,-2.727,armadilha_forte,0.0,0.0,0.0,56.8,neutro,0.0
106294,Marcos Antônio,SAO,Meia,5,6.64,0.0,2.84,11,0.0,False,True,MIR,0.353,neutro,3.402,1.93,1.0,56.4,neutro,3.84
106028,Coronel,SAO,Goleiro,6,5.0,0.0,0.0,0,0.0,False,True,MIR,-2.28,armadilha_forte,0.0,0.0,0.0,59.8,neutro,0.0
113359,Pablo Maia,SAO,Meia,5,4.28,0.0,1.36,8,0.0,False,True,MIR,-0.455,neutro,1.628,1.36,1.0,56.4,neutro,1.84
117818,Young,SAO,Goleiro,6,3.0,0.0,0.0,0,0.0,False,True,MIR,-1.184,armadilha_leve,0.0,0.0,0.0,59.8,neutro,0.0
118563,Rodriguinho,RBB,Meia,6,5.43,0.0,2.96,5,0.0,False,True,PAL,-0.328,neutro,2.306,1.96,0.625,48.4,neutro,1.4
141609,Lucca,SAO,Atacante,7,2.83,0.06,0.6,2,1.2,True,True,MIR,-0.599,armadilha_leve,0.676,0.6,0.25,56.8,neutro,0.19
90309,David,VAS,Atacante,7,5.07,0.53,2.83,10,3.6,True,False,COR,-0.16,neutro,2.464,0.73,1.0,47.0,neutro,2.32
93716,Paulo Henrique,VAS,Lateral,7,8.46,0.07,3.7,9,3.9,True,False,COR,-0.188,neutro,4.505,2.59,1.0,67.9,neutro,6.12
71123,Thiago Mendes,VAS,Meia,7,7.49,-0.88,4.52,11,1.0,True,False,COR,1.111,valor_bom,4.375,2.7,1.0,47.1,neutro,4.12
72391,Fernando Diniz,COR,Técnico,7,8.18,-0.24,4.29,5,4.27,True,True,VAS,-1.07,armadilha_leve,4.409,4.29,0.625,51.0,neutro,2.81
97095,Carlos Cuesta,VAS,Zagueiro,7,5.35,-0.65,0.5,4,-0.1,True,False,COR,-0.908,armadilha_leve,1.745,0.5,0.5,68.1,neutro,1.19
99213,Puma Rodríguez,VAS,Lateral,6,8.98,0.65,5.51,8,11.0,True,False,COR,0.648,valor_bom,5.46,2.13,1.0,67.9,neutro,7.41
81091,Jair,VAS,Meia,5,6.0,0.0,0.0,0,0.0,False,False,COR,-3.214,armadilha_forte,0.0,0.0,0.0,47.1,neutro,0.0
95936,Daniel Fuzato,VAS,Goleiro,6,2.0,0.0,0.0,0,0.0,False,False,COR,-0.407,neutro,0.0,0.0,0.0,68.6,neutro,0.0
86410,Victor Luis,MIR,Lateral,7,3.04,-0.22,0.88,5,0.0,True,False,SAO,-0.24,neutro,1.446,0.88,0.625,29.2,desfavoravel,0.53
115141,Lucas Freitas,VAS,Zagueiro,6,3.61,0.0,0.0,1,0.0,False,False,COR,0.053,neutro,1.724,0.0,0.125,68.1,neutro,0.29
116706,Andrés Gómez,VAS,Atacante,7,14.39,1.33,8.62,11,16.9,True,False,COR,1.689,valor_oculto,6.988,6.26,1.0,47.0,neutro,6.57
86686,Tchê Tchê,VAS,Meia,7,4.47,0.55,1.82,9,3.7,True,False,COR,-0.312,neutro,1.856,1.26,1.0,47.1,neutro,1.75
111682,Adson,VAS,Meia,6,5.98,-0.59,2.13,3,0.8,True,False,COR,0.891,valor_bom,3.618,2.13,0.375,47.1,neutro,1.28
105584,Lucas Piton,VAS,Lateral,6,5.02,0.0,1.06,8,0.0,False,False,COR,-0.882,armadilha_leve,2.269,1.06,1.0,67.9,neutro,3.08
101594,Hugo Moura,VAS,Meia,6,2.73,-0.23,0.94,7,-0.6,True,False,COR,-0.128,neutro,0.919,0.94,0.875,47.1,neutro,0.76
83786,Neris,VIT,Zagueiro,5,3.08,0.0,1.5,1,0.0,False,False,CAP,0.609,valor_bom,1.891,1.5,0.125,31.2,desfavoravel,0.15
117330,Robert Renan,VAS,Zagueiro,7,4.87,0.27,1.46,12,2.4,True,False,COR,-0.582,armadilha_leve,1.823,1.46,1.0,68.1,neutro,2.48
90588,Caíque,VIT,Meia,7,4.84,-0.27,2.32,8,2.5,True,False,CAP,-0.239,neutro,2.108,2.32,1.0,30.6,desfavoravel,1.29
42222,Osvaldo,VIT,Atacante,6,4.37,0.0,0.8,1,0.0,False,False,CAP,-0.4,neutro,1.872,0.8,0.125,31.1,desfavoravel,0.15
118752,Mateus Carvalho,VAS,Meia,5,4.0,0.0,0.0,0,0.0,False,False,COR,-2.12,armadilha_forte,0.0,0.0,0.0,47.1,neutro,0.0
122485,Barros,VAS,Meia,7,9.54,0.0,6.17,10,1.7,True,False,COR,1.437,valor_bom,5.284,4.67,1.0,47.1,neutro,4.98
142279,Nuno Moreira,VAS,Meia,6,5.62,0.0,2.62,10,0.0,False,False,COR,0.715,valor_bom,3.311,2.12,1.0,47.1,neutro,3.12
99440,Baralhas,VIT,Meia,7,9.64,-1.01,6.23,9,2.7,True,False,CAP,1.383,valor_bom,5.263,4.01,1.0,30.6,desfavoravel,3.22
115100,Matheus França,VAS,Meia,6,3.12,0.0,0.57,3,0.0,False,False,COR,-0.574,armadilha_leve,0.811,0.57,0.375,47.1,neutro,0.29
118775,Lautaro Díaz,SAN,Atacante,7,5.73,-0.51,2.9,6,0.0,True,False,BAH,-0.565,armadilha_leve,2.389,1.57,0.75,35.0,desfavoravel,1.25
90703,Matheuzinho,VIT,Meia,7,5.71,-0.21,3.02,10,2.5,True,False,CAP,0.924,valor_bom,3.534,2.52,1.0,30.6,desfavoravel,2.16
123744,Alan Rodríguez,INT,Meia,6,3.27,0.0,0.58,7,0.0,False,False,BOT,-0.758,armadilha_leve,0.751,0.58,0.875,64.5,neutro,0.85
92696,Renato Kayzer,VIT,Atacante,7,6.59,-0.49,3.08,8,-0.1,True,False,CAP,0.665,valor_bom,3.912,1.08,1.0,31.1,desfavoravel,2.43
104118,Lucas Arcanjo,VIT,Goleiro,7,9.83,-0.95,6.8,8,5.0,True,False,CAP,1.198,valor_bom,5.492,4.3,1.0,31.7,desfavoravel,3.48
126471,Barreal,SAN,Meia,6,11.07,1.11,4.08,10,8.0,True,False,BAH,-0.318,neutro,4.122,3.08,1.0,34.7,desfavoravel,2.86
101752,Claudinho,VIT,Lateral,6,4.0,0.0,0.0,0,0.0,False,False,CAP,-2.642,armadilha_forte,0.0,0.0,0.0,31.0,desfavoravel,0.0
96793,Camutanga,VIT,Zagueiro,5,6.71,0.0,3.95,7,0.0,False,False,CAP,0.877,valor_bom,3.935,2.66,0.875,31.2,desfavoravel,2.15
109138,Kike Saverio,VIT,Atacante,6,5.0,0.0,0.0,0,0.0,False,False,CAP,-2.727,armadilha_forte,0.0,0.0,0.0,31.1,desfavoravel,0.0
104330,Dudu,VIT,Meia,5,5.01,0.0,3.95,2,0.0,False,False,CAP,-0.107,neutro,2.307,1.45,0.25,30.6,desfavoravel,0.35
93411,Cantalapiedra,VIT,Meia,6,4.26,-0.39,1.09,7,0.0,True,False,CAP,-0.565,armadilha_leve,1.52,1.09,0.875,30.6,desfavoravel,0.81
111879,Mateus Silva,VIT,Lateral,5,4.95,0.0,4.85,2,0.0,False,False,CAP,0.783,valor_bom,3.753,3.35,0.25,31.0,desfavoravel,0.58
97645,Thiago Couto,VIT,Goleiro,6,3.0,0.0,0.0,0,0.0,False,False,CAP,-1.184,armadilha_leve,0.0,0.0,0.0,31.7,desfavoravel,0.0
90031,Mendoza,CAP,Atacante,7,8.71,-1.17,5.5,10,3.2,True,True,VIT,1.212,valor_bom,5.164,2.3,1.0,72.2,favoravel,7.46
80129,Jadson,CAP,Meia,3,3.79,-0.49,1.26,8,0.2,True,True,VIT,-0.195,neutro,1.578,1.26,1.0,71.9,neutro,2.27
102796,Julimar,CAP,Atacante,5,6.71,0.0,4.62,9,0.0,False,True,VIT,1.425,valor_bom,4.678,1.4,1.0,72.2,favoravel,6.76
92273,Odair Hellmann,CAP,Técnico,7,8.05,-0.93,5.13,10,2.11,True,True,VIT,0.449,neutro,4.843,5.13,1.0,71.7,favoravel,6.94
85626,Léo,CAP,Zagueiro,6,6.77,0.0,4.9,2,0.0,False,True,VIT,1.051,valor_bom,4.117,3.4,0.25,78.3,favoravel,1.61
111951,Renzo López,VIT,Atacante,6,2.09,0.0,0.4,4,0.0,False,False,CAP,-0.006,neutro,0.597,0.4,0.5,31.1,desfavoravel,0.19
105518,Renan Peixoto,CAP,Atacante,6,3.47,-0.09,0.83,3,1.5,True,True,VIT,-0.02,neutro,1.685,0.83,0.375,72.2,neutro,0.91
116461,Jamerson,VIT,Lateral,5,6.19,0.0,4.1,3,0.0,False,False,CAP,-0.063,neutro,3.648,2.1,0.375,31.0,desfavoravel,0.85
130620,Edenílson,VIT,Meia,6,3.15,0.0,1.27,3,0.0,False,False,CAP,-0.381,neutro,1.002,1.27,0.375,30.6,desfavoravel,0.23
110698,Mycael,CAP,Goleiro,6,5.0,0.0,0.0,0,0.0,False,True,VIT,-2.28,armadilha_forte,0.0,0.0,0.0,78.8,neutro,0.0
120433,Léo Derik,CAP,Lateral,6,4.37,0.0,2.84,5,0.0,False,True,VIT,0.612,valor_bom,3.233,2.24,0.625,78.1,favoravel,3.16
112017,Felipinho,CAP,Meia,6,3.76,0.0,0.75,2,0.0,False,True,VIT,-0.074,neutro,1.667,0.75,0.25,71.9,neutro,0.6
110668,Esquivel,CAP,Lateral,7,8.04,-0.1,5.61,8,7.6,True,True,VIT,1.085,valor_bom,5.51,3.61,1.0,78.1,favoravel,8.61
145387,Rúben Ismael,VIT,Meia,5,4.0,0.0,0.0,0,0.0,False,False,CAP,-2.12,armadilha_forte,0.0,0.0,0.0,30.6,desfavoravel,0.0
113113,Benavídez,CAP,Lateral,5,6.72,0.0,4.4,8,0.0,False,True,VIT,-0.02,neutro,3.939,2.4,1.0,78.1,neutro,6.15
123869,Aguirre,CAP,Zagueiro,7,4.96,-0.73,2.67,9,0.2,True,True,VIT,0.137,neutro,2.527,1.67,1.0,78.3,favoravel,3.96
107985,Terán,CAP,Zagueiro,7,5.02,0.1,2.6,6,2.0,True,True,VIT,0.041,neutro,2.467,2.1,0.75,78.3,favoravel,2.9
122439,Isaac,CAP,Atacante,6,2.0,0.0,0.0,0,0.0,False,True,VIT,-0.544,armadilha_leve,0.0,0.0,0.0,72.2,neutro,0.0
115266,Renan Viana,CAP,Atacante,6,2.0,0.0,0.0,0,0.0,False,True,VIT,-0.544,armadilha_leve,0.0,0.0,0.0,72.2,neutro,0.0
125746,Dudu,CAP,Meia,7,2.25,-0.42,2.14,9,-0.3,True,True,VIT,1.041,valor_bom,1.557,1.58,1.0,71.9,favoravel,2.24
128431,João Cruz,CAP,Meia,6,4.76,-0.68,2.57,6,1.4,True,True,VIT,-0.107,neutro,2.185,0.9,0.75,71.9,neutro,2.36
131832,Portilla,CAP,Meia,7,2.49,-0.36,1.01,10,-1.6,True,True,VIT,0.136,neutro,0.962,1.01,1.0,71.9,favoravel,1.38
130842,Matheus Soares,CAP,Goleiro,6,1.0,0.0,0.0,0,0.0,False,True,VIT,0.689,valor_bom,0.0,0.0,0.0,78.8,favoravel,0.0
122316,Batata,CAP,Lateral,6,1.0,0.0,0.0,0,0.0,False,True,VIT,0.898,valor_bom,0.0,0.0,0.0,78.1,favoravel,0.0
143532,Carlos Eduardo,CAP,Goleiro,6,1.0,0.0,0.0,0,0.0,False,True,VIT,0.689,valor_bom,0.0,0.0,0.0,78.8,favoravel,0.0
128429,Marcão,CAP,Zagueiro,6,3.0,0.0,0.0,0,0.0,False,True,VIT,-1.386,armadilha_leve,0.0,0.0,0.0,78.3,neutro,0.0
125926,Zapelli,CAP,Meia,6,5.09,-0.32,2.15,8,0.5,True,True,VIT,-0.471,neutro,2.023,1.52,1.0,71.9,neutro,2.91
127970,Felipe Chiqueti,CAP,Meia,6,1.78,-0.07,1.14,5,0.3,True,True,VIT,0.91,valor_bom,0.993,1.14,0.625,71.9,favoravel,0.89
123101,Leozinho,CAP,Atacante,6,2.25,-0.08,0.17,3,0.8,True,True,VIT,-0.213,neutro,0.552,0.17,0.375,72.2,neutro,0.3
143193,Viveros,CAP,Atacante,7,10.83,-1.36,6.6,10,2.2,True,True,VIT,1.236,valor_bom,5.775,2.9,1.0,72.2,favoravel,8.34
63354,Rodrigo Moledo,CFC,Zagueiro,6,3.0,0.0,0.0,0,0.0,False,False,GRE,-1.386,armadilha_leve,0.0,0.0,0.0,44.2,neutro,0.0
128427,Alejandro García,CAP,Meia,6,4.0,0.0,0.0,0,0.0,False,True,VIT,-2.12,armadilha_forte,0.0,0.0,0.0,71.9,neutro,0.0
82628,Tinga,CFC,Lateral,7,6.79,1.72,3.37,8,11.0,True,False,GRE,-0.617,armadilha_leve,3.424,3.0,1.0,44.0,neutro,3.01
90302,Pedro Rocha,CFC,Atacante,7,7.99,1.2,4.01,12,9.0,True,False,GRE,0.546,valor_bom,4.304,2.01,1.0,47.5,neutro,4.09
71227,Maicon,CFC,Zagueiro,7,4.87,0.71,2.42,11,5.0,True,False,GRE,0.043,neutro,2.398,1.33,1.0,44.2,neutro,2.12
81952,Willian Oliveira,CFC,Meia,6,5.22,0.0,2.43,7,0.0,False,False,GRE,-0.401,neutro,2.146,2.43,0.875,47.7,neutro,1.79
84428,Fernando Sobral,CFC,Meia,6,4.56,0.0,1.5,2,0.0,False,False,GRE,-0.409,neutro,1.817,1.5,0.25,47.7,neutro,0.43
84339,Bruno Melo,CFC,Lateral,7,6.53,0.09,4.44,11,5.5,True,False,GRE,0.181,neutro,4.035,2.89,1.0,44.0,neutro,3.55
145609,Élan Ricardo,CAP,Meia,6,3.0,0.0,0.0,0,0.0,False,True,VIT,-1.396,armadilha_leve,0.0,0.0,0.0,71.9,neutro,0.0
50742,Gabriel Leite,CFC,Goleiro,6,3.0,0.0,0.0,0,0.0,False,False,GRE,-1.184,armadilha_leve,0.0,0.0,0.0,44.7,neutro,0.0
104811,Sebastián Gómez,CFC,Meia,3,3.89,-0.73,2.22,10,1.1,True,False,GRE,0.301,neutro,2.076,2.22,1.0,47.7,neutro,1.98
110708,Pedro Rangel,CFC,Goleiro,7,8.38,2.39,5.54,9,15.9,True,False,GRE,1.041,valor_bom,4.902,3.32,1.0,44.7,neutro,4.38
101405,Wallisson,CFC,Meia,3,5.25,0.0,2.9,8,0.0,False,False,GRE,-0.131,neutro,2.398,2.9,1.0,47.7,neutro,2.29
97878,Jacy,CFC,Zagueiro,7,6.09,1.14,4.38,11,7.9,True,False,GRE,1.408,valor_bom,4.187,3.02,1.0,44.2,neutro,3.7
117930,Lavega,CFC,Atacante,6,4.68,-1.27,3.21,11,-0.4,True,False,GRE,0.301,neutro,2.703,1.03,1.0,47.5,neutro,2.57
84626,Josué,CFC,Meia,7,5.13,-0.67,2.95,11,1.4,True,False,GRE,0.055,neutro,2.507,1.13,1.0,47.7,neutro,2.39
123648,Lucas Ronier,CFC,Atacante,7,10.85,0.22,7.68,12,4.9,True,False,GRE,2.003,valor_oculto,6.506,5.76,1.0,47.5,neutro,6.18
126977,Fernando Seabra,CFC,Técnico,7,8.51,0.66,5.57,12,9.12,True,False,GRE,1.699,valor_oculto,5.461,5.57,1.0,49.0,neutro,5.35
109127,Tiago Cóser,CFC,Zagueiro,6,4.02,0.63,3.04,10,5.0,True,False,GRE,0.897,valor_bom,2.741,1.24,1.0,44.2,neutro,2.42
124358,João Almeida,CFC,Lateral,6,1.0,0.0,0.0,0,0.0,False,False,GRE,0.898,valor_bom,0.0,0.0,0.0,44.0,neutro,0.0
112576,Vini Paulista,CFC,Meia,7,4.66,0.09,2.89,12,6.6,True,False,GRE,0.298,neutro,2.493,2.89,1.0,47.7,neutro,2.38
124834,Ruan Assis,CFC,Atacante,6,1.0,0.0,0.0,0,0.0,False,False,GRE,0.733,valor_bom,0.0,0.0,0.0,47.5,neutro,0.0
130283,Matheus Dias,CFC,Meia,6,1.0,0.0,0.0,0,0.0,False,False,GRE,0.856,valor_bom,0.0,0.0,0.0,47.7,neutro,0.0
115840,Benassi,CFC,Goleiro,6,1.0,0.0,0.0,0,0.0,False,False,GRE,0.689,valor_bom,0.0,0.0,0.0,44.7,neutro,0.0
125803,Pedro Morisco,CFC,Goleiro,5,8.04,0.0,5.0,4,0.0,False,False,GRE,0.729,valor_bom,4.456,5.0,0.5,44.7,neutro,1.99
82730,Marcelo Rangel,REM,Goleiro,7,5.03,0.04,2.97,12,2.5,True,True,CRU,0.9,valor_bom,3.456,2.55,1.0,63.9,favoravel,4.42
125551,Jean Gabriel,CFC,Meia,6,2.0,0.0,0.0,0,0.0,False,False,GRE,-0.461,neutro,0.0,0.0,0.0,47.7,neutro,0.0
141337,Lucas Taverna,CFC,Lateral,6,1.0,0.0,0.0,0,0.0,False,False,GRE,0.898,valor_bom,0.0,0.0,0.0,44.0,neutro,0.0
131279,Thiago Azaf,CFC,Atacante,6,1.0,0.0,0.0,0,0.0,False,False,GRE,0.733,valor_bom,0.0,0.0,0.0,47.5,neutro,0.0
83074,Ygor Vinhas,REM,Goleiro,6,3.0,0.0,0.0,0,0.0,False,True,CRU,-1.184,armadilha_leve,0.0,0.0,0.0,63.9,neutro,0.0
84708,Panagiotis,REM,Meia,6,3.0,0.0,0.0,0,0.0,False,True,CRU,-1.396,armadilha_leve,0.0,0.0,0.0,70.6,neutro,0.0
97735,Giovanni Pavani,REM,Meia,6,2.98,0.0,1.5,1,0.0,False,True,CRU,-0.284,neutro,0.968,1.5,0.125,70.6,neutro,0.17
97795,Marcelinho,REM,Lateral,7,6.28,1.36,4.87,9,11.7,True,True,CRU,0.508,valor_bom,4.215,3.87,1.0,63.2,favoravel,5.33
98224,Jáderson,REM,Meia,6,3.04,-0.2,1.15,8,2.0,True,True,CRU,-0.268,neutro,1.025,1.15,1.0,70.6,neutro,1.45
95555,Sávio,REM,Lateral,6,4.66,0.0,2.47,3,0.0,False,True,CRU,0.377,neutro,3.204,2.47,0.375,63.2,favoravel,1.52
96831,Carlinhos,REM,Atacante,6,3.5,0.0,-1.0,0,0.0,False,True,CRU,-1.821,armadilha_forte,0.0,0.0,0.0,69.5,neutro,0.0
111945,Diego Hernández,REM,Meia,6,4.51,0.0,2.35,4,0.0,False,True,CRU,-0.118,neutro,2.048,1.1,0.5,70.6,neutro,1.45
107700,Eduardo Melo,REM,Atacante,6,2.13,0.0,1.4,1,0.0,False,True,CRU,0.14,neutro,0.774,1.4,0.125,69.5,favoravel,0.13
117338,Yago Ferreira,REM,Meia,6,2.0,0.0,0.0,0,0.0,False,True,CRU,-0.461,neutro,0.0,0.0,0.0,70.6,neutro,0.0
102911,Zé Ricardo,REM,Meia,6,4.56,-0.14,3.09,11,1.0,True,True,CRU,0.464,neutro,2.588,3.09,1.0,70.6,favoravel,3.65
107172,Patrick de Paula,REM,Meia,6,7.36,0.0,5.48,6,0.0,False,True,CRU,1.569,valor_oculto,4.735,3.81,0.75,70.6,favoravel,5.01
104257,João Lucas,REM,Lateral,5,4.59,0.0,2.82,6,0.0,False,True,CRU,0.417,neutro,3.197,2.82,0.75,63.2,favoravel,3.03
122441,Kayky Almeida,REM,Zagueiro,6,2.81,0.0,1.89,7,0.0,False,True,CRU,0.848,valor_bom,1.917,1.89,0.875,63.4,favoravel,2.13
143455,PH Gama,REM,Meia,6,2.0,0.0,0.0,0,0.0,False,True,CRU,-0.461,neutro,0.0,0.0,0.0,70.6,neutro,0.0
141386,Marcos Alexandre,REM,Goleiro,6,1.0,0.0,0.0,0,0.0,False,True,CRU,0.689,valor_bom,0.0,0.0,0.0,63.9,favoravel,0.0
145782,Tassano,REM,Zagueiro,6,3.0,0.0,0.0,0,0.0,False,True,CRU,-1.386,armadilha_leve,0.0,0.0,0.0,63.4,neutro,0.0
142593,Nicolás Ferreira,REM,Atacante,6,2.74,0.0,0.2,1,0.0,False,True,CRU,-0.562,armadilha_leve,0.64,0.2,0.125,69.5,neutro,0.11
146040,João Pedro,REM,Atacante,6,3.13,0.0,2.06,5,0.0,False,True,CRU,-0.262,neutro,1.22,0.46,0.625,69.5,neutro,1.06
83048,Rafael Thyere,CHA,Zagueiro,6,4.0,0.0,0.0,0,0.0,False,False,FLU,-2.071,armadilha_forte,0.0,0.0,0.0,29.1,desfavoravel,0.0
95620,Bruno Leonardo,CHA,Zagueiro,7,3.59,0.58,1.76,10,4.4,True,False,FLU,0.192,neutro,1.84,1.46,1.0,29.1,desfavoravel,1.07
141385,João Victor,REM,Goleiro,6,1.0,0.0,0.0,0,0.0,False,True,CRU,0.689,valor_bom,0.0,0.0,0.0,63.9,favoravel,0.0
68822,Rafael Santos,CHA,Goleiro,7,4.94,-0.48,3.75,4,1.2,True,False,FLU,0.916,valor_bom,3.43,3.75,0.5,29.6,desfavoravel,1.02
88293,Neto Pessoa,CHA,Atacante,6,4.39,0.0,3.0,5,0.0,False,False,FLU,0.134,neutro,2.388,1.4,0.625,24.9,desfavoravel,0.74
97432,Victor Caetano,CHA,Zagueiro,6,3.47,0.0,2.0,5,0.0,False,False,FLU,0.407,neutro,1.963,2.0,0.625,29.1,desfavoravel,0.71
68938,Giovanni Augusto,CHA,Meia,6,3.2,0.0,0.93,7,0.0,False,False,FLU,-0.518,armadilha_leve,0.915,0.93,0.875,24.2,desfavoravel,0.39
70958,Jean Carlos,CHA,Meia,6,7.27,-0.07,3.6,11,0.0,True,False,FLU,0.593,valor_bom,3.842,1.78,1.0,24.2,desfavoravel,1.86
71043,Léo Vieira,BAH,Goleiro,7,7.4,0.16,5.76,11,5.8,True,True,SAN,1.52,valor_oculto,5.097,4.85,1.0,58.5,neutro,5.96
101393,Eduardo Doma,CHA,Zagueiro,7,4.63,0.04,3.39,11,1.5,True,False,FLU,0.781,valor_bom,2.959,2.57,1.0,29.1,desfavoravel,1.72
105664,Walter Clar,CHA,Lateral,6,7.88,0.0,5.2,9,0.0,False,False,FLU,0.924,valor_bom,5.299,2.31,1.0,28.9,desfavoravel,3.06
97969,Marcos Vinícius,CHA,Lateral,6,2.96,-0.29,1.72,5,0.0,True,False,FLU,0.19,neutro,1.769,0.72,0.625,28.9,desfavoravel,0.64
102906,Anderson,CHA,Goleiro,6,3.0,0.0,0.0,0,0.0,False,False,FLU,-1.184,armadilha_leve,0.0,0.0,0.0,29.6,desfavoravel,0.0
95332,Marcinho,CHA,Atacante,7,4.73,1.54,2.49,10,9.7,True,False,FLU,-0.179,neutro,2.275,1.69,1.0,24.9,desfavoravel,1.13
103987,Higor Meritão,CHA,Meia,7,7.49,-0.43,4.65,9,2.3,True,False,FLU,1.17,valor_bom,4.427,4.09,1.0,24.2,desfavoravel,2.14
111279,Mancha,CHA,Lateral,6,3.0,0.0,0.0,0,0.0,False,False,FLU,-1.78,armadilha_forte,0.0,0.0,0.0,28.9,desfavoravel,0.0
122138,João Vitor,CHA,Meia,7,4.23,0.66,2.63,7,5.8,True,False,FLU,0.268,neutro,2.239,2.63,0.875,24.2,desfavoravel,0.95
104519,Camilo,CHA,Meia,6,4.8,0.0,2.84,9,0.0,False,False,FLU,0.109,neutro,2.396,2.84,1.0,24.2,desfavoravel,1.16
109336,Rafael Carvalheira,CHA,Meia,6,4.94,0.0,2.39,9,0.0,False,False,FLU,-0.238,neutro,2.158,1.83,1.0,24.2,desfavoravel,1.04
116066,Rubens,CHA,Atacante,6,3.15,0.0,2.28,5,0.0,False,False,FLU,-0.187,neutro,1.305,0.68,0.625,24.9,desfavoravel,0.41
107516,Ênio,CHA,Atacante,6,4.71,0.0,2.63,3,0.0,False,False,FLU,-0.272,neutro,2.176,2.63,0.375,24.9,desfavoravel,0.41
104470,Everton,CHA,Lateral,7,3.71,-0.02,2.02,9,0.0,True,False,FLU,-0.319,neutro,1.916,1.13,1.0,28.9,desfavoravel,1.11
107453,João Paulo,CHA,Zagueiro,6,4.91,0.0,7.0,1,0.0,False,False,FLU,0.549,valor_bom,2.882,2.0,0.125,29.1,desfavoravel,0.21
130414,Robert,CHA,Meia,5,3.51,0.0,3.0,1,0.0,False,False,FLU,-0.502,armadilha_leve,1.134,3.0,0.125,24.2,desfavoravel,0.07
140438,David,CHA,Meia,7,1.46,0.15,1.08,4,2.0,True,False,FLU,1.271,valor_bom,0.961,1.08,0.5,24.2,desfavoravel,0.23
97900,Vitão,FLA,Zagueiro,6,8.27,0.0,1.9,3,0.0,False,False,CAM,-0.303,neutro,3.37,0.9,0.375,47.3,neutro,1.2
121870,Gustavo Talles,CHA,Lateral,6,2.0,0.0,0.0,0,0.0,False,False,FLU,-0.668,armadilha_leve,0.0,0.0,0.0,28.9,desfavoravel,0.0
123625,Ítalo,CHA,Atacante,7,2.92,-0.04,1.85,11,1.2,True,False,FLU,0.055,neutro,1.364,1.85,1.0,24.9,desfavoravel,0.68
110426,Bernabei,INT,Lateral,7,10.01,0.0,5.6,10,0.0,False,False,BOT,0.33,neutro,5.516,4.1,1.0,35.5,neutro,3.92
130843,Arthur Dias,CAP,Zagueiro,7,6.12,-0.57,4.04,9,4.0,True,True,VIT,1.175,valor_bom,3.984,3.04,1.0,78.3,favoravel,6.24
99552,Rossi,FLA,Goleiro,7,9.56,1.59,4.58,10,12.8,True,False,CAM,0.261,neutro,4.404,2.58,1.0,47.8,neutro,4.21
89274,Andreas Pereira,PAL,Meia,7,13.55,-0.18,6.12,12,1.8,True,False,RBB,0.456,neutro,5.342,2.37,1.0,52.9,neutro,5.65
130806,Kauan,CHA,Zagueiro,6,1.0,0.0,0.0,0,0.0,False,False,FLU,0.743,valor_bom,0.0,0.0,0.0,29.1,desfavoravel,0.0
68708,Eduardo,MIR,Meia,6,6.21,0.0,2.98,5,0.0,False,False,SAO,0.896,valor_bom,3.716,1.98,0.625,24.1,desfavoravel,1.12
124674,Felipe Negrucci,SAO,Meia,2,1.61,-0.39,-0.6,1,-0.6,True,True,MIR,0.822,valor_bom,0.734,0.0,0.125,56.4,neutro,0.1
116065,Cuiabano,VAS,Lateral,7,13.07,-0.07,8.32,8,5.9,True,False,COR,0.855,valor_bom,6.865,5.07,1.0,67.9,neutro,9.32
112709,Kaiki Bruno,CRU,Lateral,7,11.22,0.39,5.43,11,7.4,True,False,REM,-0.176,neutro,5.422,3.98,1.0,47.2,neutro,5.12
51772,Everton Ribeiro,BAH,Meia,7,9.21,-0.55,5.05,7,2.5,True,True,SAN,0.748,valor_bom,4.584,3.62,0.875,68.8,favoravel,5.52
89837,Lucho Acosta,FLU,Meia,5,11.51,0.0,6.86,10,0.0,False,True,CHA,1.314,valor_bom,5.667,3.86,1.0,72.5,favoravel,8.22
