atleta_id,nome,clube_id,clube,posicao_id,posicao,status_id,preco,variacao,media,jogos,pontos_rodada,entrou_em_campo,scout_CA,scout_DS,scout_FC,scout_FD,scout_FF,scout_FS,scout_FT,scout_G,scout_A,scout_I,scout_SG,scout_CV,scout_DE,scout_GS,scout_PC,scout_PS,scout_V,scout_PP,scout_GC,scout_DP,mandante,adversario,prob_vitoria,prob_gols,tendencia,min_valorizar,pb_media,resiliencia_pct,confiabilidade,media_bayesiana,residuo_z,armadilha_label,custo_beneficio,cb_rank,status_label,time_pos,adv_pos,time_momentum_of,time_momentum_def,adv_momentum_of,adv_momentum_def,sequencia_time,forma_score_time,vantagem_mando,oportunidade_confronto,score_confronto,score_confronto_z,score_confronto_100,condicao_mando,pontos_esperados,caro_e_vale,recomendacao
71536,Luiz Gustavo,293,CAP,4,Meia,7,5.98,-0.8,3.51,12,0.9,True,2.0,8.0,12.0,5.0,2.0,18.0,1.0,2.0,0.0,,0.0,,,,,,,,,,True,INT,0.0,,baixa,0.9,2.68,0.764,1.0,3.708,0.958,valor_bom,0.62,7,Provável,3.0,14.0,0.877,0.8,1.382,1.583,4.0,0.825,39.7,0.45,0.5776,0.943,64.1,favoravel,2.61,False,TITULAR
69208,Gabriel Paulista,264,COR,3,Zagueiro,7,9.6,0.3,4.79,14,5.2,True,3.0,16.0,13.0,1.0,9.0,7.0,,1.0,0.0,,6.0,,,,,,,,,,False,BAH,0.0,,estavel,5.2,3.08,0.643,1.0,4.412,0.534,valor_bom,0.46,40,Provável,7.0,6.0,1.99,1.2,1.086,0.95,3.0,0.85,-16.3,0.475,0.518,0.093,51.4,neutro,2.83,False,TITULAR
95362,Cassierra,282,CAM,5,Atacante,7,6.19,0.79,2.33,15,5.8,True,1.0,2.0,10.0,3.0,6.0,8.0,1.0,2.0,1.0,4.0,0.0,,,,,,,,,,False,PAL,0.0,,alta,5.8,0.93,0.399,1.0,3.251,-0.1,neutro,0.525,50,Provável,13.0,1.0,0.991,0.633,1.036,0.814,2.0,0.6,-55.2,0.15,0.2945,-1.657,25.1,desfavoravel,2.38,False,WATCH
106708,Igor Formiga,2305,MIR,2,Lateral,7,7.89,0.0,4.52,13,0.0,False,,26.0,21.0,1.0,8.0,5.0,,2.0,0.0,,0.0,,,,,,,,,,False,VAS,0.0,,estavel,4.5,3.6,0.796,1.0,4.767,0.373,neutro,0.604,25,Provável,18.0,17.0,0.9,0.864,0.345,1.14,1.0,0.55,-36.6,0.9,0.5889,0.537,58.1,neutro,2.83,False,TITULAR
105157,Villagra,285,INT,4,Meia,7,5.01,-0.17,1.94,14,0.1,True,1.0,12.0,18.0,3.0,5.0,16.0,,0.0,0.0,,0.0,,,,,,,,,,False,CAP,0.0,,estavel,0.1,1.94,1.0,1.0,1.961,-0.604,armadilha_leve,0.391,115,Provável,14.0,3.0,1.382,1.583,0.877,0.8,-3.0,0.2,-39.7,0.1,0.3137,-1.444,28.3,desfavoravel,2.8,False,WATCH
105089,Tetê,284,GRE,5,Atacante,7,9.01,0.0,3.83,14,0.0,False,,10.0,5.0,5.0,11.0,13.0,1.0,2.0,0.0,,0.0,,,,,,,,,,True,FLU,0.0,,estavel,3.8,2.69,0.702,1.0,4.248,-0.139,neutro,0.471,65,Provável,16.0,4.0,1.086,1.368,0.786,0.95,-2.0,0.275,29.7,0.45,0.4825,0.094,51.4,neutro,2.78,False,TITULAR
86859,José Welison,364,REM,4,Meia,7,3.68,-0.75,2.51,16,3.1,True,3.0,24.0,19.0,,9.0,11.0,,0.0,0.0,,0.0,,,,,,,,,,True,VIT,0.0,,baixa,3.1,2.51,1.0,1.0,2.34,0.613,valor_bom,0.636,4,Provável,19.0,11.0,1.086,0.95,0.691,0.76,-1.0,0.45,23.7,1.0,0.6117,1.251,68.8,favoravel,3.11,False,TITULAR
145404,Arthur,275,PAL,2,Lateral,2,4.99,0.0,4.44,13,0.0,False,,15.0,16.0,2.0,5.0,7.0,,0.0,0.0,,6.0,,,,,,,,,,True,CAM,0.0,,estavel,4.4,3.06,0.689,1.0,4.043,0.946,valor_bom,0.81,2,Dúvida,1.0,13.0,1.036,0.814,0.991,0.633,14.0,0.875,55.2,0.725,0.7435,1.499,72.5,favoravel,2.61,False,WATCH
87552,Vitor Bueno,364,REM,4,Meia,7,7.1,-0.16,3.78,12,1.2,True,,3.0,9.0,5.0,5.0,9.0,1.0,2.0,2.0,,0.0,,,,,,,,,,True,VIT,0.0,,estavel,1.2,2.11,0.558,1.0,3.87,0.684,valor_bom,0.545,31,Provável,19.0,11.0,1.086,0.95,0.691,0.76,-1.0,0.45,23.7,1.0,0.6117,1.251,68.8,favoravel,2.61,False,TITULAR
51413,Walter,2305,MIR,1,Goleiro,7,5.18,0.0,2.89,16,0.0,False,2.0,,,,,,,0.0,0.0,,1.0,,51.0,22.0,1.0,,,,,,False,VAS,0.0,,estavel,2.9,2.58,0.893,1.0,3.227,0.56,valor_bom,0.623,6,Provável,18.0,17.0,0.9,0.864,0.345,1.14,1.0,0.55,-36.6,0.9,0.5889,0.502,57.5,neutro,2.46,False,TITULAR
118844,Kaio César,264,COR,5,Atacante,7,12.03,1.7,7.04,7,16.7,True,2.0,12.0,4.0,4.0,1.0,16.0,,2.0,1.0,1.0,0.0,,,,,,,,,,False,BAH,0.0,,alta,16.7,4.04,0.574,0.875,5.941,0.757,valor_bom,0.432,75,Provável,7.0,6.0,1.99,1.2,1.086,0.95,3.0,0.85,-16.3,0.375,0.5852,1.051,65.8,neutro,3.34,False,TITULAR
142086,Kauan Toledo,263,BOT,5,Atacante,7,1.95,0.0,1.77,3,0.0,False,,2.0,4.0,1.0,1.0,3.0,,0.0,0.0,,0.0,,,,,,,,,,False,CRU,0.0,,estavel,1.8,1.77,1.0,0.375,1.046,0.5,neutro,0.201,120,Provável,9.0,8.0,0.806,0.594,1.169,0.655,2.0,0.575,-16.6,0.6,0.4133,-0.55,41.8,neutro,1.8,False,WATCH
123738,Herrera,280,RBB,5,Atacante,7,4.31,0.0,2.17,14,0.0,False,3.0,11.0,19.0,5.0,6.0,8.0,,1.0,0.0,2.0,0.0,,,,,,,,,,True,CFC,0.0,,estavel,2.2,1.6,0.737,1.0,2.11,-0.299,neutro,0.49,59,Provável,5.0,10.0,1.315,0.76,1.368,1.407,4.0,0.75,12.6,0.6,0.6158,1.336,70.0,neutro,2.5,False,TITULAR
101715,Alerrandro,285,INT,5,Atacante,7,6.77,0.34,3.79,18,2.7,True,1.0,7.0,18.0,7.0,10.0,18.0,,3.0,3.0,5.0,0.0,,,,,,,,,,False,CAP,0.0,,estavel,2.7,1.62,0.427,1.0,4.156,0.584,valor_bom,0.614,13,Provável,14.0,3.0,1.382,1.583,0.877,0.8,-3.0,0.2,-39.7,0.1,0.3137,-1.479,27.8,desfavoravel,4.82,False,WATCH
116065,Cuiabano,267,VAS,2,Lateral,7,13.25,0.0,7.47,11,0.0,False,2.0,27.0,9.0,6.0,6.0,13.0,,1.0,4.0,,0.0,,,,,,,,,,True,MIR,0.0,,estavel,7.5,5.11,0.684,1.0,6.501,0.573,valor_bom,0.491,53,Provável,17.0,18.0,0.345,1.14,0.9,0.864,-4.0,0.1,36.6,0.8,0.6297,0.791,61.9,favoravel,1.78,False,WATCH
99815,Arias,275,PAL,4,Meia,7,14.1,0.33,6.41,14,5.4,True,4.0,33.0,18.0,6.0,8.0,19.0,1.0,3.0,0.0,4.0,0.0,,,,,,,,,,True,CAM,0.0,,estavel,5.4,5.34,0.833,1.0,5.536,0.683,valor_bom,0.393,114,Provável,1.0,13.0,1.036,0.814,0.991,0.633,14.0,0.875,55.2,0.175,0.4689,-0.04,49.4,neutro,3.18,False,TITULAR
110144,Spinelli,267,VAS,5,Atacante,7,6.18,0.0,3.16,12,0.0,False,,7.0,13.0,7.0,10.0,8.0,1.0,1.0,0.0,,0.0,,,,,,,,,,True,MIR,0.0,,estavel,3.2,2.49,0.788,1.0,3.887,0.561,valor_bom,0.629,9,Provável,17.0,18.0,0.345,1.14,0.9,0.864,-4.0,0.1,36.6,0.65,0.4088,-0.592,41.1,neutro,2.73,False,TITULAR
108162,Nardoni,284,GRE,4,Meia,7,6.42,0.0,2.04,11,0.0,False,1.0,8.0,13.0,,3.0,10.0,,1.0,0.0,1.0,0.0,,,,,,,,,,True,FLU,0.0,,estavel,2.0,1.59,0.779,1.0,2.867,-0.207,neutro,0.447,87,Provável,16.0,4.0,1.086,1.368,0.786,0.95,-2.0,0.275,29.7,0.45,0.4825,0.083,51.2,neutro,2.41,False,TITULAR
126189,Tomás Pérez,282,CAM,4,Meia,7,3.39,-0.64,1.27,11,-0.3,True,2.0,10.0,12.0,2.0,1.0,3.0,,0.0,0.0,,0.0,,,,,,,,,,False,PAL,0.0,,baixa,1.3,1.27,1.0,1.0,1.577,-0.074,neutro,0.465,76,Provável,13.0,1.0,0.991,0.633,1.036,0.814,2.0,0.6,-55.2,0.15,0.2945,-1.617,25.7,desfavoravel,1.34,False,WATCH
97899,Matheus Bahia,285,INT,2,Lateral,7,7.66,1.25,4.13,11,9.5,True,2.0,15.0,13.0,1.0,1.0,14.0,,0.0,1.0,2.0,3.0,,,,,,,,,,False,CAP,0.0,,alta,9.5,2.86,0.692,1.0,4.567,0.257,neutro,0.596,27,Provável,14.0,3.0,1.382,1.583,0.877,0.8,-3.0,0.2,-39.7,0.25,0.3022,-1.247,31.3,desfavoravel,4.57,False,TITULAR
146430,Justino,263,BOT,3,Zagueiro,7,2.32,0.0,1.25,6,0.0,False,2.0,5.0,,,,4.0,,0.0,0.0,,0.0,,,,,,,,,,False,CRU,0.0,,estavel,1.2,1.25,1.0,0.75,1.413,0.552,valor_bom,0.457,41,Provável,9.0,8.0,0.806,0.594,1.169,0.655,2.0,0.575,-16.6,0.475,0.4825,-0.135,48.0,neutro,3.76,False,TITULAR
141595,Gabriel Mec,284,GRE,5,Atacante,7,4.45,0.0,2.82,14,0.0,False,3.0,10.0,9.0,1.0,5.0,18.0,,2.0,0.0,,0.0,,,,,,,,,,True,FLU,0.0,,estavel,2.8,1.68,0.596,1.0,2.523,0.043,neutro,0.567,35,Provável,16.0,4.0,1.086,1.368,0.786,0.95,-2.0,0.275,29.7,0.45,0.4825,0.094,51.4,neutro,2.32,False,TITULAR
105048,Jajá,364,REM,5,Atacante,7,5.75,-0.91,4.92,15,-0.4,True,1.0,14.0,12.0,7.0,8.0,18.0,,4.0,1.0,4.0,0.0,1.0,,,,,,,,,True,VIT,0.0,,baixa,4.9,2.45,0.498,1.0,3.906,0.78,valor_bom,0.679,5,Provável,19.0,11.0,1.086,0.95,0.691,0.76,-1.0,0.45,23.7,1.0,0.6117,1.298,69.5,favoravel,2.56,False,WATCH
109987,Medina,263,BOT,4,Meia,7,7.74,0.0,4.13,10,0.0,False,3.0,19.0,12.0,1.0,4.0,18.0,,1.0,0.0,,0.0,1.0,,,,1.0,,,,,False,CRU,0.0,,estavel,4.1,3.63,0.879,1.0,4.075,0.686,valor_bom,0.526,43,Provável,9.0,8.0,0.806,0.594,1.169,0.655,2.0,0.575,-16.6,0.6,0.4133,-0.543,41.9,neutro,2.82,False,TITULAR
92747,Eduardo Domínguez,282,CAM,6,Técnico,7,10.29,-0.74,5.27,15,3.88,True,,,,,,,,0.0,0.0,,0.0,,,,,,7.0,,,,False,PAL,0.0,,baixa,3.9,5.27,1.0,1.0,5.515,0.151,neutro,0.536,11,Provável,13.0,1.0,0.991,0.633,1.036,0.814,2.0,0.6,-55.2,0.15,0.2945,-1.588,26.2,desfavoravel,4.83,False,TITULAR
107093,Luciano Juba,265,BAH,2,Lateral,7,11.65,0.0,7.73,15,0.0,False,2.0,16.0,12.0,5.0,7.0,12.0,1.0,7.0,1.0,,4.0,,,,,,,1.0,,,True,COR,0.0,,estavel,7.7,3.8,0.492,1.0,6.839,1.312,valor_bom,0.587,28,Provável,6.0,7.0,1.086,0.95,1.99,1.2,3.0,0.65,16.3,0.575,0.5352,0.203,53.0,neutro,1.51,False,WATCH
141400,Huguinho,263,BOT,4,Meia,7,6.02,0.0,5.13,3,0.0,False,1.0,5.0,7.0,,,6.0,,1.0,0.0,,0.0,,,,,,,,,,False,CRU,0.0,,estavel,5.1,3.46,0.674,0.375,4.312,1.641,valor_oculto,0.269,142,Provável,9.0,8.0,0.806,0.594,1.169,0.655,2.0,0.575,-16.6,0.6,0.4133,-0.543,41.9,neutro,2.83,False,RESERVA_LUXO
37457,Léo Condé,364,REM,6,Técnico,7,7.63,-0.92,4.53,15,2.26,True,,,,,,,,0.0,0.0,,0.0,,,,,,4.0,,,,True,VIT,0.0,,baixa,2.3,4.53,1.0,1.0,4.681,0.17,neutro,0.613,5,Provável,19.0,11.0,1.086,0.95,0.691,0.76,-1.0,0.45,23.7,1.0,0.6117,1.247,68.7,favoravel,3.04,True,TITULAR
100804,Tchamba,364,REM,3,Zagueiro,7,5.11,0.0,2.08,14,0.0,False,1.0,15.0,8.0,1.0,3.0,5.0,,0.0,0.0,1.0,2.0,,,,,,,,2.0,,True,VIT,0.0,,estavel,2.1,1.65,0.793,1.0,2.249,-0.249,neutro,0.44,47,Provável,19.0,11.0,1.086,0.95,0.691,0.76,-1.0,0.45,23.7,0.85,0.7026,1.279,69.2,neutro,4.75,False,TITULAR
88963,Leonardo Jardim,262,FLA,6,Técnico,7,14.01,0.25,7.37,15,10.98,True,,,,,,,,0.0,0.0,,0.0,,,,,,10.0,,,,True,SAO,0.0,,estavel,11.0,7.37,1.0,1.0,6.885,0.53,valor_bom,0.491,17,Provável,2.0,12.0,0.926,0.9,0.792,1.555,2.0,0.725,44.1,0.325,0.5477,0.675,60.1,favoravel,3.45,True,TITULAR
115537,Marcos Victor,265,BAH,3,Zagueiro,2,2.41,-0.31,0.0,2,0.0,True,,,,,,,,0.0,0.0,,0.0,,,,,,,,,,True,COR,0.0,,estavel,0.0,0.0,0.0,0.25,1.228,0.279,neutro,0.127,81,Dúvida,6.0,7.0,1.086,0.95,1.99,1.2,3.0,0.65,16.3,0.575,0.5352,0.203,53.0,neutro,2.27,False,WATCH
107256,Zé Vitor,287,VIT,4,Meia,7,6.35,0.0,4.07,9,0.0,False,3.0,16.0,20.0,1.0,8.0,14.0,,1.0,0.0,,0.0,,,,1.0,,,,,,False,REM,0.0,,estavel,4.1,3.51,0.862,1.0,4.04,1.183,valor_bom,0.636,4,Provável,11.0,19.0,0.691,0.76,1.086,0.95,2.0,0.55,-23.7,0.75,0.4468,-0.24,46.4,neutro,2.76,False,TITULAR
42411,Cuca,277,SAN,6,Técnico,7,10.35,0.0,5.62,11,0.0,False,,,,,,,,0.0,0.0,,0.0,,,,,,4.0,,,,True,CHA,0.0,,estavel,5.6,5.62,1.0,1.0,5.769,0.346,neutro,0.557,9,Provável,15.0,20.0,1.126,1.103,0.671,1.169,-1.0,0.35,49.3,0.7,0.6071,1.206,68.1,favoravel,2.81,False,WATCH
130209,Renê,287,VIT,5,Atacante,7,11.11,0.0,8.04,10,0.0,False,2.0,8.0,10.0,9.0,4.0,23.0,1.0,5.0,1.0,1.0,0.0,,,,,,,,,,False,REM,0.0,,estavel,8.0,3.54,0.44,1.0,6.679,1.755,valor_oculto,0.601,18,Provável,11.0,19.0,0.691,0.76,1.086,0.95,2.0,0.55,-23.7,0.75,0.4468,-0.238,46.4,neutro,1.65,False,WATCH
97905,Matheus Aurélio,315,CHA,1,Goleiro,7,1.77,-0.23,-0.1,1,-0.1,True,,,,,,,,0.0,0.0,,0.0,,3.0,4.0,,,,,,,False,SAN,0.0,,estavel,0.0,0.0,0.0,0.125,1.082,0.642,valor_bom,0.076,34,Provável,20.0,15.0,0.671,1.169,1.126,1.103,-5.0,0.0,-49.3,0.6,0.3533,-1.02,34.7,desfavoravel,1.45,False,WATCH
127273,Artur Jorge,283,CRU,6,Técnico,7,12.2,0.33,6.44,11,7.65,True,,,,,,,,0.0,0.0,,0.0,,,,,,7.0,,,,True,BOT,0.0,,estavel,7.7,6.44,1.0,1.0,6.244,0.34,neutro,0.512,15,Provável,8.0,9.0,1.169,0.655,0.806,0.594,5.0,0.8,16.6,0.85,0.5961,1.107,66.6,favoravel,2.27,False,WATCH
101820,Mayk,364,REM,2,Lateral,7,5.92,-0.62,3.05,11,2.0,True,,13.0,2.0,,2.0,6.0,,0.0,0.0,,2.0,,,,,,,,,,True,VIT,0.0,,baixa,2.0,2.5,0.82,1.0,3.196,-0.394,neutro,0.54,42,Provável,19.0,11.0,1.086,0.95,0.691,0.76,-1.0,0.45,23.7,0.85,0.7026,1.245,68.7,neutro,4.2,False,TITULAR
150197,Osorio,276,SAO,3,Zagueiro,7,2.36,1.63,1.93,3,6.2,True,1.0,5.0,4.0,,,1.0,,0.0,0.0,,0.0,,,,,,,,,,False,FLA,0.0,,alta,6.2,1.93,1.0,0.375,1.643,0.764,valor_bom,0.261,65,Provável,12.0,2.0,0.792,1.555,0.926,0.9,-2.0,0.1,-44.1,0.0,0.1761,-2.104,18.4,desfavoravel,1.32,False,WATCH
149990,Franclim Carvalho,263,BOT,6,Técnico,7,11.21,0.0,5.07,8,0.0,False,,,,,,,,0.0,0.0,,0.0,,,,,,2.0,,,,False,CRU,0.0,,estavel,5.1,5.07,1.0,1.0,5.522,-0.047,neutro,0.493,16,Provável,9.0,8.0,0.806,0.594,1.169,0.655,2.0,0.575,-16.6,0.6,0.4133,-0.526,42.1,neutro,4.77,False,TITULAR
97101,Gabriel Rojas,283,CRU,2,Lateral,7,7.15,1.15,4.4,1,4.4,True,,3.0,2.0,,,1.0,,0.0,0.0,,0.0,,,,,,,,,,True,BOT,0.0,,alta,4.4,4.4,1.0,0.125,5.082,0.982,valor_bom,0.089,93,Provável,8.0,9.0,1.169,0.655,0.806,0.594,5.0,0.8,16.6,0.1,0.5015,-0.006,49.9,neutro,5.1,False,WATCH
106907,Rafael Lacerda,315,CHA,6,Técnico,7,7.99,0.68,3.52,1,3.52,True,,,,,,,,0.0,0.0,,0.0,,,,,,,,,,False,SAN,0.0,,alta,3.5,3.52,1.0,0.125,4.804,0.164,neutro,0.075,19,Provável,20.0,15.0,0.671,1.169,1.126,1.103,-5.0,0.0,-49.3,0.6,0.3265,-1.302,30.5,desfavoravel,4.26,False,WATCH
37715,Thiago Silva,266,FLU,3,Zagueiro,7,7.0,0.0,0.0,0,0.0,False,,,,,,,,0.0,0.0,,0.0,,,,,,,,,,False,GRE,0.0,,estavel,0.0,0.0,0.0,0.0,0.0,-3.405,armadilha_forte,0.0,86,Provável,4.0,16.0,0.786,0.95,1.086,1.368,2.0,0.475,-29.7,0.35,0.3795,-0.797,38.0,desfavoravel,0.67,False,EVITAR
98617,Maripán,285,INT,3,Zagueiro,7,4.8,-0.2,0.7,1,0.7,True,,,2.0,,1.0,1.0,,0.0,0.0,,0.0,,,,,,,,,,False,CAP,0.0,,estavel,0.7,0.7,1.0,0.125,2.34,-0.007,neutro,0.061,84,Provável,14.0,3.0,1.382,1.583,0.877,0.8,-3.0,0.2,-39.7,0.25,0.3022,-1.294,30.6,desfavoravel,2.3,False,WATCH
117061,Gabriel Knesowitsch,2305,MIR,3,Zagueiro,2,3.0,0.0,0.0,0,0.0,False,,,,,,,,0.0,0.0,,0.0,,,,,,,,,,False,VAS,0.0,,estavel,0.0,0.0,0.0,0.0,0.0,-1.479,armadilha_leve,0.0,86,Dúvida,18.0,17.0,0.9,0.864,0.345,1.14,1.0,0.55,-36.6,0.9,0.5889,0.548,58.2,neutro,1.46,False,WATCH
109573,Martinelli,266,FLU,4,Meia,7,5.53,0.0,1.95,12,0.0,False,3.0,9.0,19.0,4.0,6.0,8.0,,0.0,1.0,,0.0,,,,,,,,,,False,GRE,0.0,,estavel,1.9,1.53,0.785,1.0,1.97,-0.851,armadilha_leve,0.356,129,Provável,4.0,16.0,0.786,0.95,1.086,1.368,2.0,0.475,-29.7,0.75,0.4812,0.071,51.1,neutro,2.16,False,WATCH
103967,Bruno Santos,2305,MIR,5,Atacante,7,4.0,0.0,0.0,0,0.0,False,,,,,,,,0.0,0.0,,0.0,,,,,,,,,,False,VAS,0.0,,estavel,0.0,0.0,0.0,0.0,0.0,-2.283,armadilha_forte,0.0,157,Provável,18.0,17.0,0.9,0.864,0.345,1.14,1.0,0.55,-36.6,0.85,0.5,0.257,53.9,neutro,1.29,False,EVITAR
128177,Pedro Emanuel,267,VAS,6,Técnico,7,9.79,0.0,0.0,0,0.0,False,,,,,,,,0.0,0.0,,0.0,,,,,,,,,,True,MIR,0.0,,estavel,0.0,0.0,0.0,0.0,0.0,-4.248,armadilha_forte,0.0,20,Provável,17.0,18.0,0.345,1.14,0.9,0.864,-4.0,0.1,36.6,0.65,0.4088,-0.566,41.5,neutro,0.8,False,EVITAR
122321,Lorran,262,FLA,4,Meia,7,9.29,5.29,14.6,1,14.6,True,,4.0,2.0,1.0,,,,1.0,0.0,,0.0,,,,,,,,,,True,SAO,0.0,,alta,14.6,9.6,0.658,0.125,5.182,1.463,valor_bom,0.07,175,Provável,2.0,12.0,0.926,0.9,0.792,1.555,2.0,0.725,44.1,0.325,0.5477,0.673,60.1,favoravel,5.51,False,WATCH
151404,Lucas Emanuel,263,BOT,5,Atacante,7,1.0,0.0,0.0,0,0.0,False,,,,,,,,0.0,0.0,,0.0,,,,,,,,,,False,CRU,0.0,,estavel,0.0,0.0,0.0,0.0,0.0,0.675,valor_bom,0.0,157,Provável,9.0,8.0,0.806,0.594,1.169,0.655,2.0,0.575,-16.6,0.6,0.4133,-0.55,41.8,neutro,0.82,False,WATCH
101254,Alef Manga,364,REM,5,Atacante,7,8.01,-0.45,4.6,19,2.4,True,1.0,16.0,16.0,8.0,13.0,16.0,,4.0,3.0,18.0,0.0,,,,,,,1.0,,,True,VIT,0.0,,estavel,2.4,2.13,0.463,1.0,4.712,0.679,valor_bom,0.588,28,Provável,19.0,11.0,1.086,0.95,0.691,0.76,-1.0,0.45,23.7,1.0,0.6117,1.298,69.5,favoravel,1.47,False,WATCH
97810,Erick,287,VIT,5,Atacante,7,8.67,0.0,4.68,15,0.0,False,1.0,4.0,5.0,6.0,7.0,30.0,1.0,2.0,4.0,1.0,0.0,,,,,,,,,,False,REM,0.0,,estavel,4.7,2.28,0.487,1.0,4.784,0.526,valor_bom,0.552,38,Provável,11.0,19.0,0.691,0.76,1.086,0.95,2.0,0.55,-23.7,0.75,0.4468,-0.238,46.4,neutro,2.3,False,WATCH
93637,Bruno Tubarão,315,CHA,2,Lateral,7,3.0,0.0,0.0,0,0.0,False,,,,,,,,0.0,0.0,,0.0,,,,,,,,,,False,SAN,0.0,,estavel,0.0,0.0,0.0,0.0,0.0,-1.829,armadilha_forte,0.0,98,Provável,20.0,15.0,0.671,1.169,1.126,1.103,-5.0,0.0,-49.3,0.6,0.3533,-0.929,36.1,desfavoravel,0.59,False,EVITAR
93368,Lucas Veríssimo,277,SAN,3,Zagueiro,7,8.84,0.0,4.2,11,0.0,False,1.0,16.0,13.0,1.0,4.0,6.0,,0.0,0.0,2.0,4.0,,,,,,,,,,True,CHA,0.0,,estavel,4.2,3.11,0.74,1.0,4.011,0.312,neutro,0.454,42,Provável,15.0,20.0,1.126,1.103,0.671,1.169,-1.0,0.35,49.3,0.95,0.7817,1.787,76.8,favoravel,3.59,False,TITULAR
69012,Santos,293,CAP,1,Goleiro,7,7.84,-1.01,3.58,17,1.6,True,1.0,,,,,1.0,,0.0,0.0,,5.0,,41.0,17.0,,,,,,,True,INT,0.0,,baixa,1.6,2.11,0.589,1.0,3.682,0.049,neutro,0.47,20,Provável,3.0,14.0,0.877,0.8,1.382,1.583,4.0,0.825,39.7,0.4,0.5867,0.488,57.3,neutro,4.94,False,TITULAR
68928,Rafael,276,SAO,1,Goleiro,7,7.3,-0.08,3.39,19,0.6,True,1.0,,,,,2.0,,0.0,0.0,,4.0,,51.0,22.0,,,,,,,False,FLA,0.0,,estavel,0.6,2.34,0.69,1.0,3.541,0.082,neutro,0.485,16,Provável,12.0,2.0,0.792,1.555,0.926,0.9,-2.0,0.1,-44.1,0.0,0.1761,-2.165,17.5,desfavoravel,4.58,False,TITULAR
63007,Neymar,277,SAN,4,Meia,7,18.96,0.0,8.42,8,0.0,False,5.0,5.0,12.0,5.0,10.0,36.0,,4.0,1.0,6.0,0.0,,,,,,,,,,True,CHA,0.0,,estavel,8.4,5.29,0.628,1.0,6.213,0.602,valor_bom,0.328,132,Provável,15.0,20.0,1.126,1.103,0.671,1.169,-1.0,0.35,49.3,0.7,0.6071,1.21,68.2,favoravel,2.81,True,TITULAR
87008,Léo Jardim,267,VAS,1,Goleiro,7,6.5,0.0,2.76,18,0.0,False,1.0,1.0,1.0,,,2.0,,0.0,0.0,,1.0,,56.0,29.0,,,,,,,True,MIR,0.0,,estavel,2.8,2.48,0.899,1.0,3.111,-0.059,neutro,0.479,18,Provável,17.0,18.0,0.345,1.14,0.9,0.864,-4.0,0.1,36.6,0.8,0.6297,0.766,61.5,neutro,2.53,False,TITULAR
103056,Gabriel Brazão,277,SAN,1,Goleiro,7,6.33,0.0,2.62,15,0.0,False,4.0,,,1.0,,2.0,,0.0,0.0,,3.0,,40.0,25.0,1.0,,,,,,True,CHA,0.0,,estavel,2.6,1.62,0.618,1.0,3.065,-0.042,neutro,0.484,17,Provável,15.0,20.0,1.126,1.103,0.671,1.169,-1.0,0.35,49.3,0.95,0.7817,1.748,76.2,neutro,2.59,False,TITULAR
96591,Renan Lodi,282,CAM,2,Lateral,7,10.09,-1.13,5.12,18,3.4,True,2.0,23.0,29.0,5.0,13.0,43.0,1.0,0.0,2.0,6.0,4.0,1.0,,,,1.0,,,,,False,PAL,0.0,,baixa,3.4,3.9,0.762,1.0,5.135,0.015,neutro,0.509,52,Provável,13.0,1.0,0.991,0.633,1.036,0.814,2.0,0.6,-55.2,0.175,0.3255,-1.102,33.5,desfavoravel,6.35,False,TITULAR
72294,Everson,282,CAM,1,Goleiro,7,9.14,-1.53,4.39,19,2.9,True,,,,,,6.0,,0.0,1.0,,4.0,,61.0,24.0,,,,,,,False,PAL,0.0,,baixa,2.9,3.07,0.699,1.0,4.245,0.221,neutro,0.464,22,Provável,13.0,1.0,0.991,0.633,1.036,0.814,2.0,0.6,-55.2,0.175,0.3255,-1.199,32.0,desfavoravel,4.2,False,TITULAR
101727,Matheuzinho,264,COR,2,Lateral,7,11.25,1.05,5.5,14,11.6,True,2.0,28.0,18.0,2.0,5.0,9.0,,1.0,1.0,4.0,5.0,1.0,,,,,,,1.0,,False,BAH,0.0,,alta,11.6,3.64,0.662,1.0,5.379,-0.067,neutro,0.478,59,Provável,7.0,6.0,1.99,1.2,1.086,0.95,3.0,0.85,-16.3,0.475,0.518,0.096,51.4,neutro,3.09,False,TITULAR
100898,Vitinho,263,BOT,2,Lateral,7,9.63,0.0,4.9,14,0.0,False,3.0,33.0,15.0,,2.0,14.0,1.0,0.0,2.0,1.0,1.0,,,,,,,,,,False,CRU,0.0,,estavel,4.9,3.97,0.81,1.0,4.997,0.015,neutro,0.519,48,Provável,9.0,8.0,0.806,0.594,1.169,0.655,2.0,0.575,-16.6,0.475,0.4825,-0.125,48.1,neutro,5.34,False,TITULAR
61987,Alex Sandro,262,FLA,2,Lateral,2,9.28,0.48,3.91,13,5.9,True,2.0,14.0,17.0,,1.0,12.0,,0.0,0.0,,6.0,,,,,,,,,,True,SAO,0.0,,estavel,5.9,2.53,0.647,1.0,4.389,-0.493,neutro,0.473,61,Dúvida,2.0,12.0,0.926,0.9,0.792,1.555,2.0,0.725,44.1,0.725,0.7189,1.346,70.2,neutro,2.64,False,WATCH
68996,Willian José,265,BAH,5,Atacante,7,8.02,-0.02,2.85,17,3.0,True,,3.0,12.0,5.0,7.0,4.0,1.0,3.0,2.0,,0.0,,,,,1.0,,1.0,,,True,COR,0.0,,estavel,3.0,0.85,0.298,1.0,3.531,-0.543,armadilha_leve,0.44,73,Provável,6.0,7.0,1.086,0.95,1.99,1.2,3.0,0.65,16.3,0.25,0.472,-0.004,49.9,neutro,2.5,False,WATCH
91101,Ronaldo,265,BAH,1,Goleiro,7,7.42,-0.24,4.7,9,2.9,True,2.0,,,,,1.0,,0.0,0.0,,3.0,,26.0,5.0,,,,,,,True,COR,0.0,,estavel,2.9,3.03,0.645,1.0,4.323,0.784,valor_bom,0.583,9,Provável,6.0,7.0,1.086,0.95,1.99,1.2,3.0,0.65,16.3,0.575,0.5352,0.155,52.3,neutro,1.87,False,TITULAR
109401,Erick Pulga,265,BAH,5,Atacante,7,7.37,-0.18,3.91,18,1.4,True,2.0,20.0,18.0,9.0,3.0,37.0,1.0,1.0,1.0,10.0,0.0,,,,1.0,2.0,,,,,True,COR,0.0,,estavel,1.4,3.19,0.816,1.0,4.239,0.429,neutro,0.575,33,Provável,6.0,7.0,1.086,0.95,1.99,1.2,3.0,0.65,16.3,0.25,0.472,-0.004,49.9,neutro,1.75,False,WATCH
80196,Yago Pikachu,364,REM,4,Meia,7,5.18,-0.07,2.42,18,2.0,True,,7.0,8.0,5.0,4.0,15.0,,2.0,1.0,1.0,0.0,1.0,,,,1.0,,,,,True,VIT,0.0,,estavel,2.0,1.59,0.657,1.0,2.29,-0.309,neutro,0.442,90,Provável,19.0,11.0,1.086,0.95,0.691,0.76,-1.0,0.45,23.7,1.0,0.6117,1.251,68.8,neutro,2.85,False,TITULAR
90768,Fabrício Bruno,283,CRU,3,Zagueiro,7,6.39,0.47,2.12,18,2.7,True,5.0,14.0,8.0,4.0,4.0,5.0,,0.0,0.0,,3.0,,,,1.0,,,,,,True,BOT,0.0,,estavel,2.7,1.62,0.764,1.0,2.622,-0.379,neutro,0.41,54,Provável,8.0,9.0,1.169,0.655,0.806,0.594,5.0,0.8,16.6,0.1,0.5015,-0.013,49.8,neutro,2.33,False,WATCH
91772,David Duarte,265,BAH,3,Zagueiro,7,6.11,-0.9,3.69,12,4.2,True,2.0,14.0,9.0,3.0,2.0,4.0,1.0,2.0,0.0,2.0,1.0,,,,,,,,1.0,,True,COR,0.0,,baixa,4.2,2.44,0.661,1.0,3.714,0.897,valor_bom,0.608,9,Provável,6.0,7.0,1.086,0.95,1.99,1.2,3.0,0.65,16.3,0.575,0.5352,0.203,53.0,neutro,1.72,False,WATCH
80313,Gilberto,293,CAP,2,Lateral,7,6.97,0.26,3.39,8,6.5,True,,11.0,3.0,1.0,1.0,3.0,1.0,0.0,1.0,,0.0,,,,,,,,,,True,INT,0.0,,estavel,6.5,2.77,0.817,1.0,3.393,-0.662,armadilha_leve,0.487,54,Provável,3.0,14.0,0.877,0.8,1.382,1.583,4.0,0.825,39.7,0.4,0.5867,0.524,57.9,neutro,2.56,False,WATCH
98022,Erick,265,BAH,4,Meia,7,6.04,-0.43,3.71,15,1.5,True,5.0,21.0,19.0,2.0,4.0,15.0,2.0,2.0,0.0,1.0,0.0,,,,,,,,,,True,COR,0.0,,estavel,1.5,3.04,0.819,1.0,3.813,1.054,valor_bom,0.631,6,Provável,6.0,7.0,1.086,0.95,1.99,1.2,3.0,0.65,16.3,0.25,0.472,-0.012,49.8,neutro,2.81,False,TITULAR
106822,Rodrigo Nestor,265,BAH,4,Meia,7,6.33,1.83,2.34,11,14.1,True,3.0,9.0,11.0,2.0,12.0,3.0,,0.0,1.0,,0.0,,,,,,,,,,True,COR,0.0,,alta,14.1,1.89,0.808,1.0,3.041,0.033,neutro,0.48,70,Provável,6.0,7.0,1.086,0.95,1.99,1.2,3.0,0.65,16.3,0.25,0.472,-0.012,49.8,neutro,5.17,False,TITULAR
101314,Ademir,265,BAH,5,Atacante,7,7.04,1.46,2.29,18,13.2,True,2.0,9.0,16.0,5.0,4.0,21.0,,1.0,1.0,3.0,0.0,,,,,2.0,,,,,True,COR,0.0,,alta,13.2,1.57,0.686,1.0,3.117,-0.599,armadilha_leve,0.443,71,Provável,6.0,7.0,1.086,0.95,1.99,1.2,3.0,0.65,16.3,0.25,0.472,-0.004,49.9,neutro,5.98,False,WATCH
104783,Acevedo,265,BAH,4,Meia,7,7.16,0.61,4.63,16,3.7,True,6.0,42.0,37.0,6.0,6.0,20.0,2.0,0.0,0.0,,0.0,,,,,,,,,,True,COR,0.0,,alta,3.7,4.63,1.0,1.0,4.422,1.302,valor_bom,0.618,8,Provável,6.0,7.0,1.086,0.95,1.99,1.2,3.0,0.65,16.3,0.25,0.472,-0.012,49.8,neutro,2.26,False,TITULAR
105990,Santiago Mingo,265,BAH,3,Zagueiro,2,4.2,-0.78,1.89,16,0.8,True,3.0,5.0,10.0,3.0,1.0,11.0,1.0,0.0,0.0,1.0,4.0,,,,1.0,,,,1.0,,True,COR,0.0,,baixa,0.8,1.14,0.603,1.0,2.108,0.048,neutro,0.502,28,Dúvida,6.0,7.0,1.086,0.95,1.99,1.2,3.0,0.65,16.3,0.575,0.5352,0.203,53.0,neutro,2.47,False,WATCH
97341,Rogério Ceni,265,BAH,6,Técnico,7,10.53,-0.22,5.48,18,4.75,True,,,,,,,,0.0,0.0,,0.0,,,,,,7.0,,,,True,COR,0.0,,estavel,4.8,5.48,1.0,1.0,5.632,0.192,neutro,0.535,12,Provável,6.0,7.0,1.086,0.95,1.99,1.2,3.0,0.65,16.3,0.25,0.472,-0.002,50.0,neutro,2.18,False,WATCH
72493,Alex Telles,263,BOT,2,Lateral,7,9.08,0.0,3.72,14,0.0,False,3.0,16.0,18.0,,5.0,5.0,,2.0,2.0,,1.0,,,,1.0,,,,,,False,CRU,0.0,,estavel,3.7,1.93,0.519,1.0,4.246,-0.573,armadilha_leve,0.468,63,Provável,9.0,8.0,0.806,0.594,1.169,0.655,2.0,0.575,-16.6,0.475,0.4825,-0.125,48.1,neutro,5.22,False,WATCH
97468,Marçal,263,BOT,2,Lateral,7,6.79,0.0,2.77,4,0.0,False,1.0,4.0,7.0,2.0,1.0,,,0.0,0.0,,1.0,,,,,,,,,,False,CRU,0.0,,estavel,2.8,2.02,0.729,0.5,3.188,-0.795,armadilha_leve,0.235,82,Provável,9.0,8.0,0.806,0.594,1.169,0.655,2.0,0.575,-16.6,0.475,0.4825,-0.125,48.1,neutro,4.24,False,WATCH
107183,Léo Linck,263,BOT,1,Goleiro,7,6.0,0.0,0.0,0,0.0,False,,,,,,,,0.0,0.0,,0.0,,,,,,,,,,False,CRU,0.0,,estavel,0.0,0.0,0.0,0.0,0.0,-2.821,armadilha_forte,0.0,37,Provável,9.0,8.0,0.806,0.594,1.169,0.655,2.0,0.575,-16.6,0.475,0.4825,-0.185,47.2,neutro,1.03,False,EVITAR
111831,Matheus Martins,263,BOT,5,Atacante,7,7.2,0.0,4.88,14,0.0,False,1.0,10.0,7.0,9.0,5.0,13.0,1.0,4.0,0.0,,0.0,,,,,,,,,,False,CRU,0.0,,estavel,4.9,2.59,0.531,1.0,4.916,1.194,valor_bom,0.683,4,Provável,9.0,8.0,0.806,0.594,1.169,0.655,2.0,0.575,-16.6,0.6,0.4133,-0.55,41.8,neutro,4.55,False,TITULAR
95799,Artur,276,SAO,5,Atacante,7,9.97,0.73,5.81,15,8.5,True,1.0,14.0,5.0,13.0,11.0,19.0,,3.0,2.0,1.0,0.0,,,,,1.0,,,,,False,FLA,0.0,,alta,8.5,3.54,0.609,1.0,5.521,0.879,valor_bom,0.554,37,Provável,12.0,2.0,0.792,1.555,0.926,0.9,-2.0,0.1,-44.1,0.25,0.2566,-2.011,19.8,desfavoravel,3.36,False,TITULAR
98672,Savarino,266,FLU,4,Meia,7,9.0,0.0,5.0,15,0.0,False,2.0,5.0,6.0,10.0,13.0,13.0,3.0,3.0,2.0,6.0,0.0,,,,,,,,,,False,GRE,0.0,,estavel,5.0,3.33,0.666,1.0,4.654,0.939,valor_bom,0.517,52,Provável,4.0,16.0,0.786,0.95,1.086,1.368,2.0,0.475,-29.7,0.75,0.4812,0.071,51.1,neutro,1.75,False,WATCH
39850,Vagner Mancini,280,RBB,6,Técnico,7,8.78,0.0,5.58,18,0.0,False,,,,,,,,0.0,0.0,,0.0,,,,,,9.0,,,,True,CFC,0.0,,estavel,5.6,5.58,1.0,1.0,5.391,0.425,neutro,0.614,4,Provável,5.0,10.0,1.315,0.76,1.368,1.407,4.0,0.75,12.6,0.6,0.6158,1.283,69.2,favoravel,2.72,False,WATCH
142877,Villalba,263,BOT,5,Atacante,7,4.27,0.0,1.78,8,0.0,False,2.0,6.0,4.0,,,1.0,,1.0,0.0,,0.0,,,,,,,,,,False,CRU,0.0,,estavel,1.8,0.78,0.438,1.0,1.892,-0.5,neutro,0.443,71,Provável,9.0,8.0,0.806,0.594,1.169,0.655,2.0,0.575,-16.6,0.6,0.4133,-0.55,41.8,neutro,1.8,False,WATCH
94968,Juninho Capixaba,280,RBB,2,Lateral,7,13.92,0.0,7.52,16,0.0,False,9.0,31.0,32.0,3.0,10.0,22.0,2.0,3.0,2.0,2.0,6.0,,,,,,,,,,True,CFC,0.0,,estavel,7.5,4.64,0.617,1.0,6.736,0.66,valor_bom,0.484,56,Provável,5.0,10.0,1.315,0.76,1.368,1.407,4.0,0.75,12.6,0.15,0.4703,-0.201,47.0,neutro,3.61,False,TITULAR
70360,Eduardo Sasha,280,RBB,5,Atacante,2,4.14,0.0,1.06,14,0.0,False,,5.0,1.0,6.0,4.0,11.0,,0.0,0.0,3.0,0.0,,,,,,,2.0,,,True,CFC,0.0,,estavel,1.1,1.06,1.0,1.0,1.403,-0.924,armadilha_leve,0.339,103,Dúvida,5.0,10.0,1.315,0.76,1.368,1.407,4.0,0.75,12.6,0.6,0.6158,1.336,70.0,neutro,2.45,False,WATCH
78605,Gabriel,280,RBB,4,Meia,7,5.17,0.0,3.17,16,0.0,False,5.0,22.0,13.0,5.0,2.0,8.0,,2.0,0.0,,0.0,,,,1.0,,,,,,True,CFC,0.0,,estavel,3.2,2.54,0.801,1.0,2.78,0.265,neutro,0.538,36,Provável,5.0,10.0,1.315,0.76,1.368,1.407,4.0,0.75,12.6,0.6,0.6158,1.288,69.3,favoravel,2.53,False,TITULAR
100695,Fernando,280,RBB,5,Atacante,7,6.69,0.0,5.0,8,0.0,False,,7.0,5.0,2.0,1.0,8.0,1.0,2.0,1.0,2.0,0.0,,,,,,,,,,True,CFC,0.0,,estavel,5.0,2.38,0.476,1.0,4.989,1.477,valor_bom,0.746,1,Provável,5.0,10.0,1.315,0.76,1.368,1.407,4.0,0.75,12.6,0.6,0.6158,1.336,70.0,favoravel,2.68,False,WATCH
108133,Isidro Pitta,280,RBB,5,Atacante,2,6.22,0.0,4.2,17,0.0,False,2.0,2.0,19.0,6.0,22.0,10.0,,5.0,2.0,8.0,0.0,,,,,1.0,,1.0,,,True,CFC,0.0,,estavel,4.2,1.26,0.3,1.0,4.449,1.123,valor_bom,0.715,2,Dúvida,5.0,10.0,1.315,0.76,1.368,1.407,4.0,0.75,12.6,0.6,0.6158,1.336,70.0,favoravel,2.65,False,WATCH
110715,Andrés Hurtado,280,RBB,2,Lateral,7,5.62,0.0,3.45,12,0.0,False,2.0,9.0,8.0,1.0,7.0,5.0,,1.0,0.0,,3.0,,,,,,,,,,True,CFC,0.0,,estavel,3.5,2.2,0.638,1.0,3.429,-0.01,neutro,0.61,19,Provável,5.0,10.0,1.315,0.76,1.368,1.407,4.0,0.75,12.6,0.15,0.4703,-0.201,47.0,neutro,2.56,False,WATCH
110750,Gustavo Marques,280,RBB,3,Zagueiro,7,6.8,0.0,4.33,16,0.0,False,2.0,20.0,12.0,4.0,6.0,11.0,,0.0,0.0,1.0,6.0,,,,,,,,,,True,CFC,0.0,,estavel,4.3,3.21,0.741,1.0,4.137,1.092,valor_bom,0.608,9,Provável,5.0,10.0,1.315,0.76,1.368,1.407,4.0,0.75,12.6,0.15,0.4703,-0.213,46.8,neutro,2.78,False,TITULAR
111246,Alix Vinicius,280,RBB,3,Zagueiro,7,5.18,0.0,2.9,15,0.0,False,4.0,14.0,28.0,2.0,3.0,6.0,,0.0,0.0,,6.0,1.0,,,,,,,,,True,CFC,0.0,,estavel,2.9,1.7,0.586,1.0,2.776,0.283,neutro,0.536,23,Provável,5.0,10.0,1.315,0.76,1.368,1.407,4.0,0.75,12.6,0.15,0.4703,-0.213,46.8,neutro,2.35,False,WATCH
103295,Eric Ramires,280,RBB,4,Meia,7,2.32,0.0,0.47,11,0.0,False,1.0,3.0,7.0,,1.0,4.0,,0.0,0.0,,0.0,,,,,1.0,,,,,True,CFC,0.0,,estavel,0.5,0.47,1.0,1.0,0.66,-0.27,neutro,0.284,139,Provável,5.0,10.0,1.315,0.76,1.368,1.407,4.0,0.75,12.6,0.6,0.6158,1.288,69.3,neutro,2.38,False,TITULAR
112886,Lucas Barbosa,280,RBB,5,Atacante,7,10.4,0.0,6.67,16,0.0,False,4.0,22.0,32.0,12.0,20.0,31.0,,4.0,2.0,6.0,0.0,,,,,,,,,,True,CFC,0.0,,estavel,6.7,4.04,0.606,1.0,6.106,1.359,valor_bom,0.587,30,Provável,5.0,10.0,1.315,0.76,1.368,1.407,4.0,0.75,12.6,0.6,0.6158,1.336,70.0,favoravel,2.75,False,TITULAR
98909,Cuello,282,CAM,5,Atacante,7,9.41,0.53,5.95,18,5.3,True,1.0,29.0,16.0,7.0,18.0,30.0,4.0,2.0,1.0,13.0,0.0,,,,,,,,,,False,PAL,0.0,,alta,5.3,4.78,0.803,1.0,5.651,1.182,valor_bom,0.601,18,Provável,13.0,1.0,0.991,0.633,1.036,0.814,2.0,0.6,-55.2,0.15,0.2945,-1.657,25.1,desfavoravel,3.2,False,TITULAR
91607,Rony,277,SAN,5,Atacante,7,5.55,0.0,2.22,13,0.0,False,3.0,13.0,18.0,2.0,5.0,24.0,,0.0,0.0,5.0,0.0,,,,,,,,,,True,CHA,0.0,,estavel,2.2,2.22,1.0,1.0,2.138,-0.948,armadilha_leve,0.385,90,Provável,15.0,20.0,1.126,1.103,0.671,1.169,-1.0,0.35,49.3,0.7,0.6071,1.255,68.8,neutro,2.18,False,WATCH
72460,Bernard,282,CAM,4,Meia,7,5.77,0.48,3.1,16,9.7,True,,13.0,10.0,1.0,3.0,14.0,,1.0,3.0,3.0,0.0,,,,,,,,,,False,PAL,0.0,,estavel,9.7,1.85,0.597,1.0,3.402,0.698,valor_bom,0.59,13,Provável,13.0,1.0,0.991,0.633,1.036,0.814,2.0,0.6,-55.2,0.15,0.2945,-1.617,25.7,desfavoravel,4.05,False,TITULAR
107554,Natanael,282,CAM,2,Lateral,7,8.79,-0.54,5.07,12,4.2,True,,21.0,13.0,2.0,4.0,22.0,,0.0,2.0,4.0,2.0,1.0,,,,,,,,,False,PAL,0.0,,baixa,4.2,3.74,0.738,1.0,5.109,0.402,neutro,0.581,30,Provável,13.0,1.0,0.991,0.633,1.036,0.814,2.0,0.6,-55.2,0.175,0.3255,-1.102,33.5,desfavoravel,4.82,False,TITULAR
100842,Ruan,282,CAM,3,Zagueiro,7,6.2,1.41,3.1,16,9.5,True,6.0,17.0,15.0,,2.0,14.0,,2.0,0.0,1.0,2.0,,,,,,,,,,False,PAL,0.0,,alta,9.5,1.98,0.639,1.0,3.317,0.437,neutro,0.535,24,Provável,13.0,1.0,0.991,0.633,1.036,0.814,2.0,0.6,-55.2,0.175,0.3255,-1.144,32.8,desfavoravel,4.22,False,TITULAR
92087,Lyanco,282,CAM,3,Zagueiro,7,7.9,-1.6,3.32,8,0.0,True,2.0,10.0,10.0,,2.0,6.0,,0.0,0.0,,3.0,1.0,,,,,,,,,False,PAL,0.0,,baixa,3.3,2.19,0.66,1.0,3.535,0.081,neutro,0.447,44,Provável,13.0,1.0,0.991,0.633,1.036,0.814,2.0,0.6,-55.2,0.175,0.3255,-1.144,32.8,desfavoravel,2.37,False,WATCH
78248,Gustavo Henrique,264,COR,3,Zagueiro,7,8.81,0.8,3.74,15,6.2,True,3.0,13.0,17.0,4.0,9.0,7.0,,0.0,0.0,,6.0,,,,1.0,,,,,,False,BAH,0.0,,alta,6.2,2.54,0.679,1.0,3.744,0.034,neutro,0.425,52,Provável,7.0,6.0,1.99,1.2,1.086,0.95,3.0,0.85,-16.3,0.475,0.518,0.093,51.4,neutro,2.65,False,TITULAR
40990,Dorival Júnior,276,SAO,6,Técnico,7,9.6,0.24,4.17,12,4.17,True,,,,,,,,0.0,0.0,,0.0,,,,,,1.0,,,,False,FLA,0.0,,estavel,4.2,4.17,1.0,1.0,4.563,-0.464,neutro,0.475,18,Provável,12.0,2.0,0.792,1.555,0.926,0.9,-2.0,0.1,-44.1,0.25,0.2566,-1.926,21.1,desfavoravel,2.92,False,WATCH
95556,Raniele,264,COR,4,Meia,7,7.72,0.0,4.17,15,0.0,False,4.0,30.0,26.0,1.0,8.0,22.0,1.0,1.0,0.0,1.0,0.0,,,,,,,,,,False,BAH,0.0,,estavel,4.2,3.84,0.921,1.0,4.113,0.737,valor_bom,0.533,38,Provável,7.0,6.0,1.99,1.2,1.086,0.95,3.0,0.85,-16.3,0.375,0.5852,1.012,65.2,neutro,2.66,False,TITULAR
37656,Fábio,266,FLU,1,Goleiro,7,9.11,0.0,4.39,18,0.0,False,1.0,,,,,4.0,,0.0,0.0,,3.0,,67.0,23.0,1.0,,,,,,False,GRE,0.0,,estavel,4.4,3.56,0.811,1.0,4.239,0.223,neutro,0.465,21,Provável,4.0,16.0,0.786,0.95,1.086,1.368,2.0,0.475,-29.7,0.35,0.3795,-0.851,37.2,desfavoravel,4.11,False,TITULAR
101574,Hugo Souza,264,COR,1,Goleiro,7,9.37,0.58,4.07,16,5.0,True,1.0,,,,,1.0,,0.0,0.0,,6.0,,35.0,16.0,1.0,,,,,1.0,False,BAH,0.0,,alta,5.0,2.2,0.541,1.0,4.013,-0.057,neutro,0.428,24,Provável,7.0,6.0,1.99,1.2,1.086,0.95,3.0,0.85,-16.3,0.475,0.518,0.044,50.7,neutro,2.72,False,TITULAR
100848,Luan Cândido,287,VIT,2,Lateral,7,6.49,0.0,4.45,9,0.0,False,1.0,7.0,7.0,2.0,3.0,4.0,,0.0,2.0,2.0,3.0,,,,,1.0,,,,,False,REM,0.0,,estavel,4.5,2.34,0.526,1.0,3.954,0.114,neutro,0.609,21,Provável,11.0,19.0,0.691,0.76,1.086,0.95,2.0,0.55,-23.7,0.775,0.5369,0.214,53.2,neutro,4.04,False,TITULAR
102340,Cacá,287,VIT,3,Zagueiro,7,6.06,0.0,3.09,12,0.0,False,3.0,4.0,5.0,1.0,1.0,3.0,,1.0,0.0,,5.0,,,,1.0,,,,,,False,REM,0.0,,estavel,3.1,1.34,0.434,1.0,3.354,0.532,valor_bom,0.553,16,Provável,11.0,19.0,0.691,0.76,1.086,0.95,2.0,0.55,-23.7,0.775,0.5369,0.214,53.2,neutro,4.1,False,WATCH
105531,Matheus Bidu,264,COR,2,Lateral,7,13.3,0.47,7.86,15,9.7,True,4.0,34.0,18.0,1.0,5.0,43.0,,2.0,1.0,4.0,6.0,,,,1.0,,,,,,False,BAH,0.0,,estavel,9.7,5.53,0.704,1.0,6.923,0.991,valor_bom,0.521,46,Provável,7.0,6.0,1.99,1.2,1.086,0.95,3.0,0.85,-16.3,0.475,0.518,0.096,51.4,neutro,3.51,False,TITULAR
97642,Félix Torres,285,INT,3,Zagueiro,7,4.71,-0.87,3.45,13,3.7,True,3.0,14.0,12.0,1.0,5.0,5.0,,1.0,0.0,1.0,3.0,,,,,,,,,,False,CAP,0.0,,baixa,3.7,2.3,0.667,1.0,3.105,0.855,valor_bom,0.659,3,Provável,14.0,3.0,1.382,1.583,0.877,0.8,-3.0,0.2,-39.7,0.25,0.3022,-1.294,30.6,desfavoravel,4.23,False,TITULAR
71631,Weverton,284,GRE,1,Goleiro,7,7.67,0.0,4.89,17,0.0,False,1.0,,,,,5.0,,0.0,1.0,,5.0,,45.0,20.0,1.0,,,,,2.0,True,FLU,0.0,,estavel,4.9,3.13,0.64,1.0,4.573,0.943,valor_bom,0.596,8,Provável,16.0,4.0,1.086,1.368,0.786,0.95,-2.0,0.275,29.7,0.3,0.5014,-0.063,49.1,neutro,2.9,False,TITULAR
117632,Garro,264,COR,4,Meia,7,10.78,0.0,5.27,17,0.0,False,3.0,7.0,14.0,11.0,11.0,47.0,1.0,1.0,6.0,1.0,0.0,,,,,,,,,,False,BAH,0.0,,estavel,5.3,3.21,0.609,1.0,4.865,0.676,valor_bom,0.451,83,Provável,7.0,6.0,1.99,1.2,1.086,0.95,3.0,0.85,-16.3,0.375,0.5852,1.012,65.2,neutro,2.74,False,TITULAR
42500,Fagner,283,CRU,2,Lateral,7,7.08,1.8,3.3,13,13.4,True,2.0,15.0,17.0,,,5.0,,0.0,3.0,,2.0,,,,,,,,,,True,BOT,0.0,,alta,13.4,1.68,0.509,1.0,3.337,-0.765,armadilha_leve,0.471,62,Provável,8.0,9.0,1.169,0.655,0.806,0.594,5.0,0.8,16.6,0.1,0.5015,-0.006,49.9,neutro,2.53,False,WATCH
145744,André,264,COR,4,Meia,7,6.86,-1.59,4.31,14,5.0,True,1.0,20.0,15.0,1.0,5.0,15.0,,3.0,1.0,,0.0,2.0,,,,,,,,,False,BAH,0.0,,baixa,5.0,2.88,0.668,1.0,4.199,1.159,valor_bom,0.612,9,Provável,7.0,6.0,1.99,1.2,1.086,0.95,3.0,0.85,-16.3,0.375,0.5852,1.012,65.2,neutro,2.67,False,TITULAR
79701,Lucas Silva,283,CRU,4,Meia,7,3.22,-0.4,0.19,14,-1.3,True,5.0,5.0,8.0,,2.0,2.0,,0.0,0.0,,0.0,,,,,,,,,,True,BOT,0.0,,estavel,0.2,0.19,1.0,1.0,0.456,-1.252,armadilha_leve,0.142,161,Provável,8.0,9.0,1.169,0.655,0.806,0.594,5.0,0.8,16.6,0.85,0.5961,1.11,66.6,neutro,2.27,False,WATCH
84558,Lucas Romero,283,CRU,4,Meia,7,8.33,0.0,4.09,12,0.0,False,3.0,15.0,15.0,4.0,1.0,11.0,,1.0,3.0,,0.0,,,,,,,,,,True,BOT,0.0,,estavel,4.1,2.42,0.592,1.0,4.056,0.461,neutro,0.487,66,Provável,8.0,9.0,1.169,0.655,0.806,0.594,5.0,0.8,16.6,0.85,0.5961,1.11,66.6,favoravel,2.66,False,TITULAR
124912,Jonathan Jesus,283,CRU,3,Zagueiro,7,6.18,-0.56,4.18,11,2.6,True,1.0,22.0,9.0,,6.0,4.0,,0.0,0.0,1.0,2.0,,,,,,,,,,True,BOT,0.0,,baixa,2.6,3.63,0.868,1.0,3.999,1.175,valor_bom,0.647,4,Provável,8.0,9.0,1.169,0.655,0.806,0.594,5.0,0.8,16.6,0.1,0.5015,-0.013,49.8,neutro,3.57,False,TITULAR
100742,Matheus Henrique,283,CRU,4,Meia,7,5.6,0.4,2.04,18,6.0,True,2.0,20.0,11.0,,5.0,18.0,,0.0,0.0,,0.0,,,,1.0,,,,,,True,BOT,0.0,,estavel,6.0,2.04,1.0,1.0,2.027,-0.818,armadilha_leve,0.362,126,Provável,8.0,9.0,1.169,0.655,0.806,0.594,5.0,0.8,16.6,0.85,0.5961,1.11,66.6,neutro,2.43,False,WATCH
114405,Sinisterra,283,CRU,5,Atacante,7,6.19,0.58,3.39,7,5.1,True,,6.0,6.0,2.0,7.0,1.0,,1.0,0.0,,0.0,,,,,,,,,,True,BOT,0.0,,alta,5.1,2.25,0.664,0.875,4.237,0.918,valor_bom,0.599,21,Provável,8.0,9.0,1.169,0.655,0.806,0.594,5.0,0.8,16.6,0.85,0.5961,1.153,67.3,favoravel,2.99,False,TITULAR
117404,Otávio,283,CRU,1,Goleiro,7,1.84,-0.23,1.23,6,1.6,True,2.0,,,,,1.0,,0.0,0.0,,0.0,,13.0,8.0,,,,,,,True,BOT,0.0,,estavel,1.6,1.23,1.0,0.75,1.23,0.716,valor_bom,0.501,14,Provável,8.0,9.0,1.169,0.655,0.806,0.594,5.0,0.8,16.6,0.1,0.5015,-0.063,49.1,neutro,1.97,False,TITULAR
83528,Léo Pereira,262,FLA,3,Zagueiro,7,9.46,0.15,4.23,14,5.0,True,5.0,9.0,13.0,2.0,7.0,7.0,,1.0,0.0,,7.0,,,,,,,,,,True,SAO,0.0,,estavel,5.0,2.3,0.544,1.0,4.056,0.19,neutro,0.429,51,Provável,2.0,12.0,0.926,0.9,0.792,1.555,2.0,0.725,44.1,0.725,0.7189,1.384,70.8,favoravel,2.62,True,TITULAR
69783,Danilo,262,FLA,3,Zagueiro,2,5.86,0.29,1.38,5,5.0,True,,3.0,3.0,,1.0,1.0,,0.0,0.0,,1.0,1.0,,,,,,,,,True,SAO,0.0,,estavel,5.0,0.78,0.565,0.625,2.839,0.06,neutro,0.303,61,Dúvida,2.0,12.0,0.926,0.9,0.792,1.555,2.0,0.725,44.1,0.725,0.7189,1.384,70.8,favoravel,3.22,False,TITULAR
84735,Jorginho,262,FLA,4,Meia,7,9.27,-0.75,4.15,12,2.5,True,3.0,22.0,10.0,,1.0,18.0,,2.0,0.0,,0.0,1.0,,,,,,,,,True,SAO,0.0,,baixa,2.5,3.32,0.8,1.0,4.092,0.205,neutro,0.441,91,Provável,2.0,12.0,0.926,0.9,0.792,1.555,2.0,0.725,44.1,0.325,0.5477,0.673,60.1,favoravel,2.69,False,TITULAR
84816,Varela,262,FLA,2,Lateral,7,8.29,0.0,4.94,14,0.0,False,3.0,18.0,6.0,,2.0,9.0,,0.0,2.0,1.0,6.0,,,,,1.0,,,,,True,SAO,0.0,,estavel,4.9,2.94,0.595,1.0,5.023,0.488,neutro,0.606,24,Provável,2.0,12.0,0.926,0.9,0.792,1.555,2.0,0.725,44.1,0.725,0.7189,1.346,70.2,favoravel,2.68,False,WATCH
91473,Erick Pulgar,262,FLA,4,Meia,7,6.05,0.21,1.49,8,2.5,True,4.0,12.0,11.0,1.0,,6.0,,0.0,0.0,,0.0,1.0,,,,,,,,,True,SAO,0.0,,estavel,2.5,1.49,1.0,1.0,2.748,-0.186,neutro,0.454,82,Provável,2.0,12.0,0.926,0.9,0.792,1.555,2.0,0.725,44.1,0.325,0.5477,0.673,60.1,neutro,1.52,False,WATCH
98873,Samuel Lino,262,FLA,5,Atacante,7,12.0,-1.59,7.35,17,11.6,True,2.0,25.0,16.0,8.0,6.0,26.0,,4.0,7.0,2.0,0.0,,,,,,,,,,True,SAO,0.0,,baixa,11.6,3.41,0.464,1.0,6.591,1.435,valor_bom,0.549,40,Provável,2.0,12.0,0.926,0.9,0.792,1.555,2.0,0.725,44.1,0.325,0.5477,0.702,60.5,favoravel,5.57,False,WATCH
90285,Bruno Henrique,262,FLA,5,Atacante,7,6.0,0.55,2.07,12,7.2,True,2.0,6.0,9.0,2.0,6.0,7.0,,0.0,2.0,2.0,0.0,,,,,,,,,,True,SAO,0.0,,alta,7.2,1.24,0.599,1.0,2.044,-1.259,armadilha_leve,0.341,100,Provável,2.0,12.0,0.926,0.9,0.792,1.555,2.0,0.725,44.1,0.325,0.5477,0.702,60.5,neutro,2.88,False,WATCH
122660,Japa,2305,MIR,4,Meia,2,5.93,0.0,5.2,3,0.0,False,,2.0,1.0,,3.0,5.0,,1.0,0.0,,0.0,,,,,,,,,,False,VAS,0.0,,estavel,5.2,3.53,0.679,0.375,4.331,1.703,valor_oculto,0.274,141,Dúvida,18.0,17.0,0.9,0.864,0.345,1.14,1.0,0.55,-36.6,0.85,0.5,0.241,53.6,neutro,4.12,False,RESERVA_LUXO
88393,Ayrton Lucas,262,FLA,2,Lateral,2,9.09,-0.45,4.8,10,7.3,True,,6.0,7.0,2.0,4.0,1.0,,0.0,1.0,,6.0,,,,,,,,,,True,SAO,0.0,,estavel,7.3,2.5,0.521,1.0,4.963,0.153,neutro,0.546,40,Dúvida,2.0,12.0,0.926,0.9,0.792,1.555,2.0,0.725,44.1,0.725,0.7189,1.346,70.2,favoravel,3.99,True,TITULAR
71684,Gustavo Gómez,275,PAL,3,Zagueiro,7,10.14,-0.72,4.7,17,2.7,True,,12.0,16.0,1.0,7.0,3.0,,3.0,1.0,6.0,6.0,,,,,,,,,,True,CAM,0.0,,baixa,2.7,2.29,0.487,1.0,4.396,0.379,neutro,0.434,49,Provável,1.0,13.0,1.036,0.814,0.991,0.633,14.0,0.875,55.2,0.725,0.7435,1.542,73.1,favoravel,2.61,True,WATCH
78855,Thiago Santos,294,CFC,3,Zagueiro,7,4.29,-0.06,3.15,12,2.6,True,4.0,12.0,10.0,2.0,,9.0,,0.0,0.0,,4.0,,,,,,,,,,False,RBB,0.0,,estavel,2.6,2.15,0.683,1.0,2.908,0.857,valor_bom,0.678,2,Provável,10.0,5.0,1.368,1.407,1.315,0.76,-2.0,0.4,-12.6,0.175,0.3464,-1.01,34.8,desfavoravel,1.95,False,WATCH
99366,Luis Zubeldía,266,FLU,6,Técnico,7,10.0,0.0,5.56,18,0.0,False,,,,,,,,0.0,0.0,,0.0,,,,,,9.0,,,,False,GRE,0.0,,estavel,5.6,5.56,1.0,1.0,5.434,0.153,neutro,0.543,10,Provável,4.0,16.0,0.786,0.95,1.086,1.368,2.0,0.475,-29.7,0.75,0.4812,0.081,51.2,neutro,2.55,False,WATCH
113034,Freytes,266,FLU,3,Zagueiro,7,4.63,0.0,2.5,15,0.0,False,3.0,14.0,14.0,,6.0,8.0,,0.0,0.0,,3.0,,,,,,,,,,False,GRE,0.0,,estavel,2.5,1.9,0.76,1.0,2.516,0.264,neutro,0.543,19,Provável,4.0,16.0,0.786,0.95,1.086,1.368,2.0,0.475,-29.7,0.35,0.3795,-0.797,38.0,desfavoravel,3.53,False,TITULAR
116447,Hércules,266,FLU,4,Meia,7,6.85,0.0,4.01,16,0.0,False,1.0,23.0,26.0,4.0,9.0,5.0,,3.0,0.0,1.0,0.0,,,,,,,,,,False,GRE,0.0,,estavel,4.0,3.07,0.766,1.0,4.008,0.942,valor_bom,0.585,17,Provável,4.0,16.0,0.786,0.95,1.086,1.368,2.0,0.475,-29.7,0.75,0.4812,0.071,51.1,neutro,1.8,False,WATCH
72018,Tiago Volpi,280,RBB,1,Goleiro,7,10.45,0.0,5.95,11,0.0,False,,,,,,,,2.0,0.0,,4.0,,31.0,11.0,,,,,,,True,CFC,0.0,,estavel,6.0,3.04,0.511,1.0,5.087,0.698,valor_bom,0.487,15,Provável,5.0,10.0,1.315,0.76,1.368,1.407,4.0,0.75,12.6,0.15,0.4703,-0.264,46.0,neutro,3.1,False,TITULAR
101319,Guga,266,FLU,2,Lateral,7,6.01,0.0,3.27,11,0.0,False,1.0,9.0,6.0,,3.0,6.0,,0.0,2.0,1.0,2.0,,,,,,,,,,False,GRE,0.0,,estavel,3.3,1.82,0.557,1.0,3.323,-0.308,neutro,0.553,38,Provável,4.0,16.0,0.786,0.95,1.086,1.368,2.0,0.475,-29.7,0.35,0.3795,-0.766,38.5,desfavoravel,3.76,False,TITULAR
88037,Luís Castro,284,GRE,6,Técnico,7,9.22,0.0,4.76,18,0.0,False,,,,,,,,0.0,0.0,,0.0,,,,,,5.0,,,,True,FLU,0.0,,estavel,4.8,4.76,1.0,1.0,4.881,-0.108,neutro,0.529,13,Provável,16.0,4.0,1.086,1.368,0.786,0.95,-2.0,0.275,29.7,0.45,0.4825,0.092,51.4,neutro,2.95,False,WATCH
87342,Kannemann,284,GRE,3,Zagueiro,7,5.0,0.0,0.0,0,0.0,False,,,,,,,,0.0,0.0,,0.0,,,,,,,,,,True,FLU,0.0,,estavel,0.0,0.0,0.0,0.0,0.0,-2.606,armadilha_forte,0.0,86,Provável,16.0,4.0,1.086,1.368,0.786,0.95,-2.0,0.275,29.7,0.3,0.5014,-0.014,49.8,neutro,1.13,False,EVITAR
132071,Serna,266,FLU,5,Atacante,7,6.92,0.0,2.96,18,0.0,False,1.0,13.0,16.0,5.0,9.0,22.0,1.0,1.0,1.0,6.0,0.0,,,,,,,,,,False,GRE,0.0,,estavel,3.0,2.24,0.757,1.0,3.581,-0.072,neutro,0.517,53,Provável,4.0,16.0,0.786,0.95,1.086,1.368,2.0,0.475,-29.7,0.75,0.4812,0.082,51.2,neutro,2.6,False,TITULAR
102318,Caio Paulista,284,GRE,2,Lateral,7,5.62,0.0,3.43,7,0.0,False,,8.0,2.0,,2.0,2.0,,0.0,0.0,,2.0,,,,,,,,,,True,FLU,0.0,,estavel,3.4,2.57,0.749,0.875,3.412,-0.028,neutro,0.531,43,Provável,16.0,4.0,1.086,1.368,0.786,0.95,-2.0,0.275,29.7,0.3,0.5014,-0.007,49.9,neutro,2.74,False,TITULAR
91908,Pavón,284,GRE,5,Atacante,7,7.76,0.0,3.91,16,0.0,False,4.0,32.0,12.0,3.0,4.0,5.0,1.0,0.0,2.0,2.0,0.0,,,,,,,,,,True,FLU,0.0,,estavel,3.9,3.29,0.841,1.0,4.266,0.31,neutro,0.55,39,Provável,16.0,4.0,1.086,1.368,0.786,0.95,-2.0,0.275,29.7,0.45,0.4825,0.094,51.4,neutro,2.79,False,TITULAR
105563,Carlos Vinícius,284,GRE,5,Atacante,7,13.93,0.0,5.61,17,0.0,False,3.0,5.0,23.0,9.0,6.0,18.0,1.0,9.0,0.0,16.0,0.0,,,,,,,,,,True,FLU,0.0,,estavel,5.6,1.37,0.244,1.0,5.408,-0.233,neutro,0.388,88,Provável,16.0,4.0,1.086,1.368,0.786,0.95,-2.0,0.275,29.7,0.45,0.4825,0.094,51.4,neutro,3.1,False,WATCH
97145,Villasanti,284,GRE,4,Meia,7,7.0,0.0,0.0,0,0.0,False,,,,,,,,0.0,0.0,,0.0,,,,,,,,,,True,FLU,0.0,,estavel,0.0,0.0,0.0,0.0,0.0,-3.766,armadilha_forte,0.0,184,Provável,16.0,4.0,1.086,1.368,0.786,0.95,-2.0,0.275,29.7,0.45,0.4825,0.083,51.2,neutro,1.18,False,EVITAR
72951,Mercado,285,INT,3,Zagueiro,7,6.22,0.57,3.83,12,3.0,True,4.0,17.0,14.0,1.0,2.0,6.0,,1.0,0.0,1.0,3.0,,,,,,,,,,False,CAP,0.0,,alta,3.0,2.58,0.674,1.0,3.798,0.944,valor_bom,0.611,7,Provável,14.0,3.0,1.382,1.583,0.877,0.8,-3.0,0.2,-39.7,0.25,0.3022,-1.294,30.6,desfavoravel,3.99,False,TITULAR
70944,Bruno Henrique,285,INT,4,Meia,7,4.16,-0.36,1.93,16,2.3,True,,11.0,18.0,4.0,9.0,6.0,,0.0,1.0,1.0,0.0,,,,,,,,,,False,CAP,0.0,,estavel,2.3,1.62,0.839,1.0,1.953,-0.139,neutro,0.469,74,Provável,14.0,3.0,1.382,1.583,0.877,0.8,-3.0,0.2,-39.7,0.1,0.3137,-1.444,28.3,desfavoravel,2.75,False,TITULAR
111309,Gustavo Martins,284,GRE,3,Zagueiro,7,6.29,0.0,3.25,11,0.0,False,3.0,8.0,13.0,1.0,5.0,3.0,,0.0,2.0,1.0,3.0,,,,1.0,,,,,,True,FLU,0.0,,estavel,3.2,1.52,0.468,1.0,3.461,0.557,valor_bom,0.55,17,Provável,16.0,4.0,1.086,1.368,0.786,0.95,-2.0,0.275,29.7,0.3,0.5014,-0.014,49.8,neutro,2.57,False,WATCH
107989,Carbonero,285,INT,5,Atacante,7,9.84,1.31,5.44,18,10.8,True,3.0,7.0,19.0,10.0,16.0,34.0,,5.0,3.0,8.0,0.0,,,,,,,,,,False,CAP,0.0,,alta,10.8,2.38,0.437,1.0,5.298,0.687,valor_bom,0.538,46,Provável,14.0,3.0,1.382,1.583,0.877,0.8,-3.0,0.2,-39.7,0.1,0.3137,-1.479,27.8,desfavoravel,2.99,False,WATCH
101960,Vitinho,285,INT,5,Atacante,7,7.27,-0.11,4.39,18,2.5,True,4.0,27.0,25.0,10.0,12.0,29.0,,0.0,3.0,1.0,0.0,,,,1.0,,,,,,False,CAP,0.0,,estavel,2.5,3.56,0.811,1.0,4.571,0.811,valor_bom,0.629,9,Provável,14.0,3.0,1.382,1.583,0.877,0.8,-3.0,0.2,-39.7,0.1,0.3137,-1.479,27.8,desfavoravel,3.18,False,TITULAR
106202,Bruno Gomes,285,INT,4,Meia,7,6.24,-0.59,3.46,19,0.1,True,2.0,33.0,20.0,1.0,5.0,32.0,1.0,0.0,0.0,,0.0,,,,,,,,,,False,CAP,0.0,,baixa,0.1,3.46,1.0,1.0,3.622,0.745,valor_bom,0.58,19,Provável,14.0,3.0,1.382,1.583,0.877,0.8,-3.0,0.2,-39.7,0.1,0.3137,-1.444,28.3,desfavoravel,4.42,False,TITULAR
142004,Amuzu,284,GRE,5,Atacante,7,7.07,0.0,4.16,16,0.0,False,,11.0,12.0,7.0,12.0,19.0,1.0,1.0,3.0,,0.0,,,,,,,,,,True,FLU,0.0,,estavel,4.2,2.72,0.654,1.0,4.433,0.747,valor_bom,0.627,11,Provável,16.0,4.0,1.086,1.368,0.786,0.95,-2.0,0.275,29.7,0.45,0.4825,0.094,51.4,neutro,2.83,False,TITULAR
115479,Paulo Pezzolano,285,INT,6,Técnico,7,7.56,0.09,4.84,19,3.6,True,,,,,,,,0.0,0.0,,0.0,,,,,,5.0,,,,False,CAP,0.0,,estavel,3.6,4.84,1.0,1.0,4.877,0.352,neutro,0.645,2,Provável,14.0,3.0,1.382,1.583,0.877,0.8,-3.0,0.2,-39.7,0.1,0.3137,-1.416,28.8,desfavoravel,4.51,False,TITULAR
84674,Lucas Evangelista,275,PAL,4,Meia,7,4.09,-0.24,1.22,17,0.0,True,,6.0,5.0,,3.0,12.0,,0.0,1.0,,0.0,,,,,,,,,,True,CAM,0.0,,estavel,1.2,0.93,0.762,1.0,1.469,-0.658,armadilha_leve,0.359,127,Provável,1.0,13.0,1.036,0.814,0.991,0.633,14.0,0.875,55.2,0.175,0.4689,-0.04,49.4,neutro,1.99,False,WATCH
111683,Anthoni,285,INT,1,Goleiro,7,4.25,-0.49,2.96,8,0.6,True,,,,,,1.0,,0.0,0.0,,1.0,,24.0,13.0,,,,,,,False,CAP,0.0,,estavel,0.6,2.33,0.787,1.0,3.137,0.904,valor_bom,0.738,1,Provável,14.0,3.0,1.382,1.583,0.877,0.8,-3.0,0.2,-39.7,0.25,0.3022,-1.35,29.8,desfavoravel,4.71,False,TITULAR
117910,Breno Bidon,264,COR,4,Meia,7,9.54,0.36,4.17,17,7.0,True,1.0,16.0,22.0,1.0,6.0,49.0,1.0,2.0,1.0,2.0,0.0,,,,,,,,,,False,BAH,0.0,,estavel,7.0,3.29,0.789,1.0,4.117,0.153,neutro,0.432,97,Provável,7.0,6.0,1.99,1.2,1.086,0.95,3.0,0.85,-16.3,0.375,0.5852,1.012,65.2,neutro,2.66,False,TITULAR
102130,Piquerez,275,PAL,2,Lateral,7,11.52,0.09,6.58,7,7.5,True,,10.0,4.0,2.0,3.0,9.0,1.0,0.0,2.0,,2.0,,,,,,,,,,True,CAM,0.0,,estavel,7.5,4.29,0.652,0.875,5.827,0.317,neutro,0.443,65,Provável,1.0,13.0,1.036,0.814,0.991,0.633,14.0,0.875,55.2,0.725,0.7435,1.499,72.5,favoravel,3.2,True,TITULAR
97653,Murilo,275,PAL,3,Zagueiro,7,6.58,-0.6,3.37,16,1.2,True,1.0,13.0,21.0,3.0,2.0,3.0,,1.0,1.0,,5.0,1.0,,,,,,,,,True,CAM,0.0,,baixa,1.2,1.75,0.519,1.0,3.497,0.487,neutro,0.531,25,Provável,1.0,13.0,1.036,0.814,0.991,0.633,14.0,0.875,55.2,0.725,0.7435,1.542,73.1,favoravel,2.59,False,TITULAR
104085,Bruno Fuchs,275,PAL,3,Zagueiro,7,8.5,0.0,4.21,7,0.0,False,,7.0,5.0,,,1.0,,0.0,0.0,,4.0,,,,,,,,,,True,CAM,0.0,,estavel,4.2,2.5,0.594,0.875,3.965,0.36,neutro,0.408,55,Provável,1.0,13.0,1.036,0.814,0.991,0.633,14.0,0.875,55.2,0.725,0.7435,1.542,73.1,favoravel,2.95,False,TITULAR
105647,Maurício,275,PAL,4,Meia,2,9.28,3.14,3.77,16,21.4,True,1.0,10.0,13.0,7.0,9.0,12.0,,3.0,1.0,2.0,0.0,,,,,,,,,,True,CAM,0.0,,alta,21.4,2.52,0.668,1.0,3.848,-0.081,neutro,0.415,105,Dúvida,1.0,13.0,1.036,0.814,0.991,0.633,14.0,0.875,55.2,0.175,0.4689,-0.04,49.4,neutro,2.68,False,TITULAR
93790,Marlon Freitas,275,PAL,4,Meia,7,6.63,0.61,2.92,18,6.4,True,3.0,22.0,19.0,1.0,7.0,1.0,,2.0,1.0,1.0,0.0,,,,,,,,,,True,CAM,0.0,,alta,6.4,2.09,0.716,1.0,3.254,0.155,neutro,0.491,64,Provável,1.0,13.0,1.036,0.814,0.991,0.633,14.0,0.875,55.2,0.175,0.4689,-0.04,49.4,neutro,2.51,False,TITULAR
99818,Paulinho,275,PAL,5,Atacante,2,11.1,0.0,3.44,5,0.0,False,1.0,,,,1.0,3.0,,2.0,0.0,1.0,0.0,,,,,,,,,,True,CAM,0.0,,estavel,3.4,0.24,0.07,0.625,4.387,-0.608,armadilha_leve,0.247,114,Dúvida,1.0,13.0,1.036,0.814,0.991,0.633,14.0,0.875,55.2,0.175,0.4689,-0.032,49.5,neutro,3.57,False,WATCH
110506,Abel Ferreira,275,PAL,6,Técnico,7,12.27,0.05,6.57,19,7.74,True,,,,,,,,0.0,0.0,,0.0,,,,,,13.0,,,,True,CAM,0.0,,estavel,7.7,6.57,1.0,1.0,6.393,0.449,neutro,0.521,14,Provável,1.0,13.0,1.036,0.814,0.991,0.633,14.0,0.875,55.2,0.175,0.4689,-0.029,49.6,neutro,3.42,False,TITULAR
104084,Carlos Miguel,275,PAL,1,Goleiro,7,8.56,-0.3,5.11,18,6.0,True,3.0,,,,,10.0,,0.0,0.0,,6.0,,57.0,14.0,,,,,,,True,CAM,0.0,,estavel,6.0,3.44,0.673,1.0,4.738,0.843,valor_bom,0.554,11,Provável,1.0,13.0,1.036,0.814,0.991,0.633,14.0,0.875,55.2,0.725,0.7435,1.501,72.5,favoravel,2.63,True,TITULAR
78445,Renê,266,FLU,2,Lateral,7,9.88,0.0,5.9,11,0.0,False,1.0,26.0,8.0,3.0,2.0,8.0,,0.0,2.0,,2.0,,,,,,,,,,False,GRE,0.0,,estavel,5.9,4.45,0.754,1.0,5.592,0.543,valor_bom,0.566,32,Provável,4.0,16.0,0.786,0.95,1.086,1.368,2.0,0.475,-29.7,0.35,0.3795,-0.766,38.5,desfavoravel,3.44,False,TITULAR
124526,Giay,275,PAL,2,Lateral,2,7.52,0.0,4.71,15,0.0,False,3.0,26.0,19.0,1.0,1.0,17.0,,0.0,0.0,1.0,6.0,,,,,,,,,,True,CAM,0.0,,estavel,4.7,3.51,0.745,1.0,4.869,0.618,valor_bom,0.647,11,Dúvida,1.0,13.0,1.036,0.814,0.991,0.633,14.0,0.875,55.2,0.725,0.7435,1.499,72.5,favoravel,2.64,False,WATCH
92811,Bruno Rodrigues,283,CRU,5,Atacante,7,2.99,-0.01,1.6,11,0.8,True,,4.0,5.0,1.0,2.0,11.0,,0.0,1.0,1.0,0.0,,,,,,,,,,True,BOT,0.0,,estavel,0.8,1.15,0.719,1.0,1.253,-0.261,neutro,0.419,79,Provável,8.0,9.0,1.169,0.655,0.806,0.594,5.0,0.8,16.6,0.85,0.5961,1.153,67.3,neutro,2.84,False,TITULAR
82775,Lucas Ramon,276,SAO,2,Lateral,7,10.75,0.32,5.82,13,5.0,True,,30.0,7.0,3.0,4.0,18.0,,0.0,1.0,1.0,3.0,1.0,,,,,,,,,False,FLA,0.0,,estavel,5.0,4.74,0.814,1.0,5.571,0.267,neutro,0.518,49,Provável,12.0,2.0,0.792,1.555,0.926,0.9,-2.0,0.1,-44.1,0.0,0.1761,-2.031,19.5,desfavoravel,5.14,False,TITULAR
97460,João Victor,2305,MIR,3,Zagueiro,7,4.48,0.0,2.0,16,0.0,False,1.0,15.0,10.0,2.0,2.0,5.0,,0.0,1.0,1.0,1.0,,,,,,,,1.0,,False,VAS,0.0,,estavel,2.0,1.5,0.75,1.0,2.182,-0.018,neutro,0.487,34,Provável,18.0,17.0,0.9,0.864,0.345,1.14,1.0,0.55,-36.6,0.9,0.5889,0.548,58.2,neutro,2.52,False,TITULAR
104027,Rafael Guanaes,2305,MIR,6,Técnico,7,7.04,0.0,4.16,16,0.0,False,,,,,,,,0.0,0.0,,0.0,,,,,,4.0,,,,False,VAS,0.0,,estavel,4.2,4.16,1.0,1.0,4.428,0.147,neutro,0.629,3,Provável,18.0,17.0,0.9,0.864,0.345,1.14,1.0,0.55,-36.6,0.85,0.5,0.249,53.7,neutro,2.56,False,BANCO
97321,Alesson,2305,MIR,5,Atacante,7,9.29,0.0,5.13,16,0.0,False,1.0,25.0,14.0,12.0,7.0,25.0,1.0,0.0,3.0,7.0,0.0,,,,,,,,,,False,VAS,0.0,,estavel,5.1,4.19,0.817,1.0,5.08,0.63,valor_bom,0.547,41,Provável,18.0,17.0,0.9,0.864,0.345,1.14,1.0,0.55,-36.6,0.85,0.5,0.257,53.9,neutro,3.46,False,TITULAR
104204,Edson Carioca,2305,MIR,5,Atacante,7,4.2,0.0,2.08,10,0.0,False,4.0,7.0,12.0,1.0,8.0,5.0,,1.0,0.0,1.0,0.0,,,,,,,,,,False,VAS,0.0,,estavel,2.1,1.28,0.615,1.0,2.046,-0.298,neutro,0.487,60,Provável,18.0,17.0,0.9,0.864,0.345,1.14,1.0,0.55,-36.6,0.85,0.5,0.257,53.9,neutro,2.39,False,TITULAR
84847,Luan Peres,277,SAN,3,Zagueiro,7,4.07,0.0,1.99,14,0.0,False,2.0,10.0,15.0,,1.0,13.0,,0.0,0.0,,3.0,1.0,,,,,,,,,True,CHA,0.0,,estavel,2.0,1.35,0.678,1.0,2.192,0.208,neutro,0.539,20,Provável,15.0,20.0,1.126,1.103,0.671,1.169,-1.0,0.35,49.3,0.95,0.7817,1.787,76.8,favoravel,2.6,False,TITULAR
95466,Igor Vinícius,277,SAN,2,Lateral,7,9.34,0.0,6.19,12,0.0,False,4.0,32.0,12.0,2.0,,13.0,,0.0,1.0,,4.0,,,,,,,,,,True,CHA,0.0,,estavel,6.2,4.77,0.771,1.0,5.781,0.904,valor_bom,0.619,17,Provável,15.0,20.0,1.126,1.103,0.671,1.169,-1.0,0.35,49.3,0.95,0.7817,1.737,76.1,favoravel,2.58,False,WATCH
78478,Willian Arão,277,SAN,4,Meia,7,6.08,0.0,2.7,12,0.0,False,1.0,20.0,5.0,,,4.0,1.0,0.0,0.0,,0.0,,,,,,,,,,True,CHA,0.0,,estavel,2.7,2.7,1.0,1.0,3.222,0.35,neutro,0.53,39,Provável,15.0,20.0,1.126,1.103,0.671,1.169,-1.0,0.35,49.3,0.7,0.6071,1.21,68.2,favoravel,2.56,False,TITULAR
102975,Escobar,277,SAN,2,Lateral,7,10.22,0.0,6.44,12,0.0,False,5.0,33.0,12.0,1.0,4.0,10.0,1.0,0.0,1.0,1.0,4.0,,,,1.0,,,,,,True,CHA,0.0,,estavel,6.4,5.02,0.78,1.0,5.931,0.786,valor_bom,0.58,31,Provável,15.0,20.0,1.126,1.103,0.671,1.169,-1.0,0.35,49.3,0.95,0.7817,1.737,76.1,favoravel,2.74,True,TITULAR
128431,João Cruz,293,CAP,4,Meia,7,4.88,-1.57,3.16,12,-0.3,True,1.0,10.0,9.0,4.0,6.0,4.0,,0.0,3.0,1.0,0.0,,,,,,,,,,True,INT,0.0,,baixa,3.2,1.91,0.604,1.0,2.696,0.317,neutro,0.552,27,Provável,3.0,14.0,0.877,0.8,1.382,1.583,4.0,0.825,39.7,0.45,0.5776,0.943,64.1,favoravel,2.48,False,TITULAR
102256,Rollheiser,277,SAN,4,Meia,7,5.6,0.0,2.71,13,0.0,False,1.0,4.0,8.0,4.0,3.0,3.0,,3.0,0.0,1.0,0.0,,,,,,,,,,True,CHA,0.0,,estavel,2.7,1.56,0.576,1.0,2.439,-0.34,neutro,0.436,95,Provável,15.0,20.0,1.126,1.103,0.671,1.169,-1.0,0.35,49.3,0.7,0.6071,1.21,68.2,neutro,4.83,False,TITULAR
105903,Aldo Filho,2305,MIR,4,Meia,7,4.17,0.0,2.26,14,0.0,False,7.0,18.0,19.0,3.0,6.0,8.0,,0.0,1.0,1.0,0.0,,,,,,,,,,False,VAS,0.0,,estavel,2.3,1.9,0.841,1.0,2.165,0.1,neutro,0.519,49,Provável,18.0,17.0,0.9,0.864,0.345,1.14,1.0,0.55,-36.6,0.85,0.5,0.241,53.6,neutro,2.72,False,TITULAR
141754,Gabriel Bontempo,277,SAN,4,Meia,7,4.71,0.0,3.54,15,0.0,False,2.0,22.0,7.0,1.0,5.0,16.0,,0.0,2.0,,0.0,,,,,1.0,,,,,True,CHA,0.0,,estavel,3.5,2.87,0.811,1.0,3.004,0.765,valor_bom,0.638,3,Provável,15.0,20.0,1.126,1.103,0.671,1.169,-1.0,0.35,49.3,0.7,0.6071,1.21,68.2,favoravel,2.33,False,TITULAR
85403,Danielzinho,276,SAO,4,Meia,7,6.49,0.15,2.73,17,1.5,True,1.0,12.0,13.0,1.0,4.0,30.0,,1.0,1.0,,0.0,,,,,1.0,,,,,False,FLA,0.0,,estavel,1.5,2.14,0.784,1.0,3.138,0.078,neutro,0.484,67,Provável,12.0,2.0,0.792,1.555,0.926,0.9,-2.0,0.1,-44.1,0.25,0.2566,-1.96,20.6,desfavoravel,2.72,False,TITULAR
91573,Arboleda,276,SAO,3,Zagueiro,7,9.21,0.26,4.05,7,4.5,True,,13.0,5.0,,,1.0,,0.0,0.0,1.0,2.0,,,,,,,,,,False,FLA,0.0,,estavel,4.5,3.19,0.788,0.875,3.89,0.08,neutro,0.37,59,Provável,12.0,2.0,0.792,1.555,0.926,0.9,-2.0,0.1,-44.1,0.0,0.1761,-2.104,18.4,desfavoravel,2.86,False,TITULAR
89840,Calleri,276,SAO,5,Atacante,7,11.68,-0.02,5.68,17,2.6,True,3.0,11.0,25.0,6.0,17.0,37.0,,6.0,1.0,7.0,0.0,,,,1.0,,,,,,False,FLA,0.0,,estavel,2.6,2.56,0.451,1.0,5.456,0.344,neutro,0.467,67,Provável,12.0,2.0,0.792,1.555,0.926,0.9,-2.0,0.1,-44.1,0.25,0.2566,-2.011,19.8,desfavoravel,3.28,False,WATCH
101290,Ferreira,276,SAO,5,Atacante,7,6.81,-0.6,4.09,14,1.3,True,2.0,8.0,4.0,3.0,8.0,13.0,,4.0,0.0,,0.0,,,,,,,,,,False,FLA,0.0,,baixa,1.3,1.8,0.44,1.0,4.413,0.832,valor_bom,0.648,7,Provável,12.0,2.0,0.792,1.555,0.926,0.9,-2.0,0.1,-44.1,0.25,0.2566,-2.011,19.8,desfavoravel,2.57,False,WATCH
80570,Wendell,276,SAO,2,Lateral,7,8.5,0.24,4.26,13,4.6,True,3.0,20.0,29.0,1.0,3.0,7.0,,0.0,3.0,1.0,3.0,,,,,,,,,,False,FLA,0.0,,estavel,4.6,2.41,0.566,1.0,4.606,-0.01,neutro,0.542,41,Provável,12.0,2.0,0.792,1.555,0.926,0.9,-2.0,0.1,-44.1,0.0,0.1761,-2.031,19.5,desfavoravel,4.28,False,TITULAR
107873,Bobadilla,276,SAO,4,Meia,7,8.22,-0.93,4.12,15,1.2,True,3.0,31.0,20.0,5.0,3.0,6.0,1.0,0.0,2.0,1.0,0.0,,,,,,,,,,False,FLA,0.0,,baixa,1.2,3.45,0.837,1.0,4.08,0.526,valor_bom,0.496,61,Provável,12.0,2.0,0.792,1.555,0.926,0.9,-2.0,0.1,-44.1,0.25,0.2566,-1.96,20.6,desfavoravel,3.0,False,TITULAR
71123,Thiago Mendes,267,VAS,4,Meia,7,7.83,0.0,4.39,16,0.0,False,6.0,11.0,13.0,3.0,5.0,38.0,,4.0,1.0,1.0,0.0,,,,,,,,,,True,MIR,0.0,,estavel,4.4,2.83,0.645,1.0,4.262,0.871,valor_bom,0.544,33,Provável,17.0,18.0,0.345,1.14,0.9,0.864,-4.0,0.1,36.6,0.65,0.4088,-0.584,41.2,neutro,1.86,False,WATCH
72391,Fernando Diniz,264,COR,6,Técnico,7,9.89,0.63,5.81,12,10.48,True,,,,,,,,0.0,0.0,,0.0,,,,,,5.0,,,,False,BAH,0.0,,alta,10.5,5.81,1.0,1.0,5.547,0.272,neutro,0.561,8,Provável,7.0,6.0,1.99,1.2,1.086,0.95,3.0,0.85,-16.3,0.375,0.5852,1.01,65.2,neutro,2.82,False,WATCH
97095,Carlos Cuesta,267,VAS,3,Zagueiro,7,5.11,0.0,1.88,8,0.0,False,1.0,6.0,12.0,,2.0,4.0,1.0,0.0,1.0,,1.0,1.0,,,,,,,1.0,,True,MIR,0.0,,estavel,1.9,0.88,0.468,1.0,2.212,-0.289,neutro,0.433,50,Provável,17.0,18.0,0.345,1.14,0.9,0.864,-4.0,0.1,36.6,0.8,0.6297,0.811,62.2,neutro,2.59,False,WATCH
111682,Adson,267,VAS,4,Meia,7,6.45,0.0,3.51,8,0.0,False,,10.0,4.0,5.0,6.0,7.0,,0.0,0.0,,0.0,,,,,,,,,,True,MIR,0.0,,estavel,3.5,3.51,1.0,1.0,3.758,0.814,valor_bom,0.583,18,Provável,17.0,18.0,0.345,1.14,0.9,0.864,-4.0,0.1,36.6,0.65,0.4088,-0.584,41.2,neutro,2.68,False,TITULAR
99213,Puma Rodríguez,267,VAS,2,Lateral,7,8.19,0.0,5.35,12,0.0,False,3.0,10.0,4.0,6.0,6.0,1.0,,2.0,4.0,1.0,1.0,,,,,,,,,,True,MIR,0.0,,estavel,5.3,2.43,0.454,1.0,5.277,0.782,valor_bom,0.644,12,Provável,17.0,18.0,0.345,1.14,0.9,0.864,-4.0,0.1,36.6,0.8,0.6297,0.791,61.9,favoravel,1.49,False,WATCH
117330,Robert Renan,267,VAS,3,Zagueiro,7,4.65,0.0,2.06,18,0.0,False,1.0,17.0,17.0,1.0,2.0,4.0,,1.0,0.0,,1.0,,,,,,,,,,True,MIR,0.0,,estavel,2.1,1.56,0.757,1.0,2.209,-0.075,neutro,0.475,37,Provável,17.0,18.0,0.345,1.14,0.9,0.864,-4.0,0.1,36.6,0.8,0.6297,0.811,62.2,neutro,2.49,False,TITULAR
122485,Barros,267,VAS,4,Meia,7,8.85,0.0,4.96,15,0.0,False,4.0,25.0,27.0,,10.0,42.0,,3.0,0.0,,0.0,1.0,,,1.0,,,,,,True,MIR,0.0,,estavel,5.0,3.96,0.798,1.0,4.628,0.956,valor_bom,0.523,45,Provável,17.0,18.0,0.345,1.14,0.9,0.864,-4.0,0.1,36.6,0.65,0.4088,-0.584,41.2,neutro,2.72,False,TITULAR
90588,Caíque,287,VIT,4,Meia,7,4.29,0.0,2.1,14,0.0,False,3.0,19.0,17.0,1.0,1.0,16.0,,0.0,0.0,,0.0,,,,1.0,,,,,,False,REM,0.0,,estavel,2.1,2.1,1.0,1.0,2.063,-0.089,neutro,0.481,69,Provável,11.0,19.0,0.691,0.76,1.086,0.95,2.0,0.55,-23.7,0.75,0.4468,-0.24,46.4,neutro,2.37,False,TITULAR
99440,Baralhas,287,VIT,4,Meia,7,9.16,0.0,5.37,13,0.0,False,4.0,27.0,24.0,,8.0,16.0,,2.0,2.0,,0.0,,,,,,,,,,False,REM,0.0,,estavel,5.4,3.83,0.713,1.0,4.85,1.117,valor_bom,0.529,40,Provável,11.0,19.0,0.691,0.76,1.086,0.95,2.0,0.55,-23.7,0.75,0.4468,-0.24,46.4,neutro,2.3,False,TITULAR
101597,Ramon,287,VIT,2,Lateral,7,8.73,0.0,5.41,13,0.0,False,2.0,18.0,21.0,2.0,4.0,10.0,,2.0,0.0,,5.0,,,,,,,,,,False,REM,0.0,,estavel,5.4,3.33,0.616,1.0,5.318,0.635,valor_bom,0.609,21,Provável,11.0,19.0,0.691,0.76,1.086,0.95,2.0,0.55,-23.7,0.775,0.5369,0.214,53.2,neutro,3.42,False,TITULAR
104118,Lucas Arcanjo,287,VIT,1,Goleiro,7,9.99,0.0,5.99,13,0.0,False,1.0,,,,,,,0.0,0.0,,5.0,,43.0,15.0,1.0,,,,,2.0,False,REM,0.0,,estavel,6.0,4.07,0.679,1.0,5.194,0.907,valor_bom,0.52,12,Provável,11.0,19.0,0.691,0.76,1.086,0.95,2.0,0.55,-23.7,0.775,0.5369,0.166,52.5,neutro,4.39,False,TITULAR
90031,Mendoza,293,CAP,5,Atacante,7,8.5,-0.11,4.99,17,4.0,True,,14.0,9.0,5.0,10.0,13.0,2.0,5.0,0.0,1.0,0.0,,,,,,,,,,True,INT,0.0,,estavel,4.0,2.64,0.529,1.0,4.986,0.791,valor_bom,0.587,30,Provável,3.0,14.0,0.877,0.8,1.382,1.583,4.0,0.825,39.7,0.45,0.5776,0.98,64.7,favoravel,1.82,False,WATCH
92180,Jair Ventura,287,VIT,6,Técnico,7,8.87,0.0,5.46,16,0.0,False,,,,,,,,0.0,0.0,,0.0,,,,,,6.0,,,,False,REM,0.0,,estavel,5.5,5.46,1.0,1.0,5.357,0.373,neutro,0.604,6,Provável,11.0,19.0,0.691,0.76,1.086,0.95,2.0,0.55,-23.7,0.75,0.4468,-0.227,46.6,neutro,3.12,False,TITULAR
142279,Nuno Moreira,267,VAS,4,Meia,7,5.37,0.0,2.3,15,0.0,False,2.0,9.0,10.0,3.0,7.0,8.0,,1.0,1.0,1.0,0.0,,,,,,,,,,True,MIR,0.0,,estavel,2.3,1.63,0.709,1.0,2.195,-0.513,armadilha_leve,0.409,109,Provável,17.0,18.0,0.345,1.14,0.9,0.864,-4.0,0.1,36.6,0.65,0.4088,-0.584,41.2,neutro,1.76,False,WATCH
92273,Odair Hellmann,293,CAP,6,Técnico,7,8.86,-0.42,5.5,17,6.1,True,,,,,,,,0.0,0.0,,0.0,,,,,,9.0,,,,True,INT,0.0,,estavel,6.1,5.5,1.0,1.0,5.329,0.353,neutro,0.601,7,Provável,3.0,14.0,0.877,0.8,1.382,1.583,4.0,0.825,39.7,0.45,0.5776,0.942,64.1,favoravel,3.08,True,TITULAR
80129,Jadson,293,CAP,4,Meia,7,4.37,-0.58,2.63,12,-0.6,True,4.0,19.0,16.0,,1.0,12.0,,0.0,1.0,,0.0,,,,,,,,,,True,INT,0.0,,baixa,2.6,2.21,0.84,1.0,2.378,0.23,neutro,0.544,33,Provável,3.0,14.0,0.877,0.8,1.382,1.583,4.0,0.825,39.7,0.45,0.5776,0.943,64.1,favoravel,2.3,False,TITULAR
116461,Jamerson,287,VIT,2,Lateral,7,6.14,0.0,4.17,6,0.0,False,1.0,5.0,2.0,,2.0,5.0,,0.0,0.0,,3.0,,,,,,,,,,False,REM,0.0,,estavel,4.2,2.67,0.64,0.75,3.728,0.043,neutro,0.455,64,Provável,11.0,19.0,0.691,0.76,1.086,0.95,2.0,0.55,-23.7,0.775,0.5369,0.214,53.2,neutro,4.01,False,TITULAR
110668,Esquivel,293,CAP,2,Lateral,7,7.33,-0.18,4.67,13,4.7,True,1.0,17.0,24.0,1.0,6.0,11.0,,0.0,3.0,,4.0,1.0,,,,,,,,,True,INT,0.0,,estavel,4.7,2.59,0.555,1.0,4.86,0.684,valor_bom,0.663,7,Provável,3.0,14.0,0.877,0.8,1.382,1.583,4.0,0.825,39.7,0.4,0.5867,0.524,57.9,neutro,3.39,False,TITULAR
107985,Terán,293,CAP,3,Zagueiro,7,5.37,-0.51,3.32,11,1.5,True,,11.0,9.0,3.0,2.0,5.0,,0.0,0.0,,3.0,,,,,,,,,,True,INT,0.0,,baixa,1.5,2.5,0.753,1.0,2.994,0.432,neutro,0.558,14,Provável,3.0,14.0,0.877,0.8,1.382,1.583,4.0,0.825,39.7,0.4,0.5867,0.534,58.0,neutro,2.48,False,TITULAR
123869,Aguirre,293,CAP,3,Zagueiro,7,5.86,-0.71,3.47,14,4.2,True,1.0,15.0,16.0,4.0,2.0,5.0,1.0,0.0,0.0,1.0,4.0,,,,,,,,,,True,INT,0.0,,baixa,4.2,2.61,0.752,1.0,3.572,0.845,valor_bom,0.61,8,Provável,3.0,14.0,0.877,0.8,1.382,1.583,4.0,0.825,39.7,0.4,0.5867,0.534,58.0,neutro,4.12,False,TITULAR
123101,Leozinho,293,CAP,5,Atacante,7,7.83,5.67,5.18,6,27.6,True,1.0,6.0,3.0,2.0,2.0,2.0,1.0,2.0,0.0,,0.0,,,,,,,,,,True,INT,0.0,,alta,27.6,2.51,0.485,0.75,5.065,1.109,valor_bom,0.485,62,Provável,3.0,14.0,0.877,0.8,1.382,1.583,4.0,0.825,39.7,0.45,0.5776,0.98,64.7,favoravel,3.57,False,WATCH
143193,Viveros,293,CAP,5,Atacante,7,11.67,-1.42,7.96,16,1.2,True,2.0,2.0,35.0,15.0,13.0,53.0,1.0,9.0,1.0,11.0,0.0,,,,,3.0,,,,,True,INT,0.0,,baixa,1.2,3.15,0.396,1.0,6.966,1.905,valor_oculto,0.597,23,Provável,3.0,14.0,0.877,0.8,1.382,1.583,4.0,0.825,39.7,0.45,0.5776,0.98,64.7,favoravel,1.62,False,WATCH
82628,Tinga,294,CFC,2,Lateral,7,5.43,-1.1,3.36,12,0.0,True,,14.0,2.0,1.0,1.0,6.0,,0.0,2.0,,1.0,,,,,,,,,,False,RBB,0.0,,baixa,3.4,2.28,0.679,1.0,3.375,0.031,neutro,0.622,16,Provável,10.0,5.0,1.368,1.407,1.315,0.76,-2.0,0.4,-12.6,0.175,0.3464,-0.972,35.4,desfavoravel,3.58,False,TITULAR
84339,Bruno Melo,294,CFC,2,Lateral,7,5.52,-0.1,3.63,17,0.5,True,1.0,15.0,9.0,,4.0,10.0,,1.0,1.0,2.0,5.0,1.0,,,,,,,,,False,RBB,0.0,,estavel,0.5,2.1,0.579,1.0,3.555,0.168,neutro,0.644,12,Provável,10.0,5.0,1.368,1.407,1.315,0.76,-2.0,0.4,-12.6,0.175,0.3464,-0.972,35.4,desfavoravel,4.64,False,TITULAR
84626,Josué,294,CFC,4,Meia,7,7.14,1.72,4.05,18,12.3,True,2.0,8.0,18.0,5.0,6.0,25.0,,1.0,8.0,,0.0,1.0,,,,,,,,,False,RBB,0.0,,alta,12.3,1.55,0.383,1.0,4.036,0.861,valor_bom,0.565,24,Provável,10.0,5.0,1.368,1.407,1.315,0.76,-2.0,0.4,-12.6,0.375,0.4375,-0.324,45.1,neutro,3.99,False,WATCH
110708,Pedro Rangel,294,CFC,1,Goleiro,7,6.24,-0.77,4.41,16,0.9,True,1.0,1.0,,,,4.0,,0.0,0.0,,5.0,,50.0,22.0,,,,,,,False,RBB,0.0,,baixa,0.9,2.85,0.646,1.0,4.24,1.103,valor_bom,0.679,5,Provável,10.0,5.0,1.368,1.407,1.315,0.76,-2.0,0.4,-12.6,0.175,0.3464,-1.064,34.0,desfavoravel,4.16,False,TITULAR
97878,Jacy,294,CFC,3,Zagueiro,7,5.73,0.29,4.07,16,4.9,True,2.0,26.0,13.0,,6.0,15.0,,1.0,0.0,,3.0,1.0,,,,,,,,,False,RBB,0.0,,estavel,4.9,3.13,0.769,1.0,3.964,1.317,valor_bom,0.692,1,Provável,10.0,5.0,1.368,1.407,1.315,0.76,-2.0,0.4,-12.6,0.175,0.3464,-1.01,34.8,desfavoravel,4.85,False,TITULAR
126977,Fernando Seabra,294,CFC,6,Técnico,7,7.88,0.25,5.18,19,4.47,True,,,,,,,,0.0,0.0,,0.0,,,,,,7.0,,,,False,RBB,0.0,,estavel,4.5,5.18,1.0,1.0,5.116,0.451,neutro,0.649,1,Provável,10.0,5.0,1.368,1.407,1.315,0.76,-2.0,0.4,-12.6,0.375,0.4375,-0.31,45.4,neutro,4.25,False,TITULAR
90302,Pedro Rocha,294,CFC,5,Atacante,7,6.33,0.0,3.63,18,0.0,False,1.0,5.0,19.0,7.0,15.0,22.0,,4.0,1.0,7.0,0.0,1.0,,,,,,,,,False,RBB,0.0,,estavel,3.6,1.57,0.433,1.0,4.045,0.657,valor_bom,0.639,8,Provável,10.0,5.0,1.368,1.407,1.315,0.76,-2.0,0.4,-12.6,0.375,0.4375,-0.325,45.1,neutro,2.51,False,WATCH
109127,Tiago Cóser,294,CFC,3,Zagueiro,7,3.1,-0.18,2.23,16,0.2,True,1.0,6.0,17.0,,1.0,4.0,,1.0,0.0,,5.0,1.0,,,,,,,,,False,RBB,0.0,,estavel,0.2,0.92,0.413,1.0,1.998,0.591,valor_bom,0.645,5,Provável,10.0,5.0,1.368,1.407,1.315,0.76,-2.0,0.4,-12.6,0.175,0.3464,-1.01,34.8,desfavoravel,1.58,False,WATCH
123648,Lucas Ronier,294,CFC,5,Atacante,2,10.51,-0.22,6.91,16,5.0,True,3.0,34.0,19.0,6.0,15.0,40.0,2.0,1.0,3.0,1.0,0.0,,,,,,,,,,False,RBB,0.0,,estavel,5.0,5.47,0.792,1.0,6.266,1.493,valor_bom,0.596,24,Dúvida,10.0,5.0,1.368,1.407,1.315,0.76,-2.0,0.4,-12.6,0.375,0.4375,-0.325,45.1,neutro,1.67,False,WATCH
112576,Vini Paulista,294,CFC,4,Meia,7,3.97,0.17,2.42,19,2.7,True,2.0,27.0,9.0,1.0,5.0,10.0,,0.0,0.0,1.0,0.0,,,,,,,,,,False,RBB,0.0,,estavel,2.7,2.42,1.0,1.0,2.295,0.374,neutro,0.578,20,Provável,10.0,5.0,1.368,1.407,1.315,0.76,-2.0,0.4,-12.6,0.375,0.4375,-0.324,45.1,neutro,2.66,False,TITULAR
97795,Marcelinho,364,REM,2,Lateral,7,5.58,-2.13,5.13,16,0.4,True,2.0,19.0,7.0,5.0,8.0,23.0,1.0,2.0,1.0,1.0,2.0,,,,,,,,,,True,VIT,0.0,,baixa,0.4,3.69,0.719,1.0,4.552,1.152,valor_bom,0.816,1,Provável,19.0,11.0,1.086,0.95,0.691,0.76,-1.0,0.45,23.7,0.85,0.7026,1.245,68.7,favoravel,4.18,False,TITULAR
117930,Lavega,294,CFC,5,Atacante,2,4.93,-0.29,3.43,18,0.0,True,3.0,9.0,8.0,2.0,5.0,5.0,,5.0,1.0,4.0,0.0,,,,,,,,,,False,RBB,0.0,,estavel,3.4,0.93,0.271,1.0,2.991,0.254,neutro,0.607,16,Dúvida,10.0,5.0,1.368,1.407,1.315,0.76,-2.0,0.4,-12.6,0.375,0.4375,-0.325,45.1,neutro,5.61,False,WATCH
82730,Marcelo Rangel,364,REM,1,Goleiro,7,5.58,-1.28,3.87,18,2.2,True,2.0,,,,,4.0,,0.0,0.0,,1.0,,69.0,32.0,,,,,,1.0,True,VIT,0.0,,baixa,2.2,3.59,0.928,1.0,3.879,1.012,valor_bom,0.695,3,Provável,19.0,11.0,1.086,0.95,0.691,0.76,-1.0,0.45,23.7,0.85,0.7026,1.237,68.6,favoravel,4.45,False,TITULAR
83048,Rafael Thyere,315,CHA,3,Zagueiro,7,2.75,-0.45,-0.1,3,0.0,True,,2.0,1.0,,,,,0.0,0.0,,0.0,,,,,,,,1.0,,False,SAN,0.0,,estavel,0.0,0.0,0.0,0.375,1.089,-0.134,neutro,0.148,75,Provável,20.0,15.0,0.671,1.169,1.126,1.103,-5.0,0.0,-49.3,0.6,0.3533,-0.965,35.5,desfavoravel,1.49,False,WATCH
95332,Marcinho,315,CHA,5,Atacante,7,4.58,-0.13,3.02,17,4.9,True,,15.0,7.0,5.0,7.0,13.0,,1.0,1.0,3.0,0.0,,,,,,,,,,False,SAN,0.0,,estavel,4.9,2.26,0.748,1.0,2.695,0.144,neutro,0.588,28,Provável,20.0,15.0,0.671,1.169,1.126,1.103,-5.0,0.0,-49.3,0.6,0.3265,-1.359,29.6,desfavoravel,2.13,False,WATCH
68938,Giovanni Augusto,315,CHA,4,Meia,7,3.87,0.43,1.49,11,4.4,True,1.0,7.0,5.0,2.0,,12.0,,0.0,0.0,,0.0,,,,,,,,,,False,SAN,0.0,,estavel,4.4,1.49,1.0,1.0,1.704,-0.249,neutro,0.44,92,Provável,20.0,15.0,0.671,1.169,1.126,1.103,-5.0,0.0,-49.3,0.6,0.3265,-1.328,30.1,desfavoravel,1.67,False,WATCH
107516,Ênio,315,CHA,5,Atacante,7,5.45,-0.16,3.44,10,1.8,True,2.0,4.0,7.0,4.0,5.0,26.0,1.0,1.0,0.0,3.0,0.0,,,,,,,,,,False,SAN,0.0,,estavel,1.8,2.64,0.767,1.0,2.802,-0.213,neutro,0.514,56,Provável,20.0,15.0,0.671,1.169,1.126,1.103,-5.0,0.0,-49.3,0.6,0.3265,-1.359,29.6,desfavoravel,2.22,False,TITULAR
104519,Camilo,315,CHA,4,Meia,7,5.39,-0.23,3.22,15,4.5,True,3.0,31.0,24.0,2.0,5.0,11.0,,0.0,0.0,,0.0,,,,,,,,,,False,SAN,0.0,,estavel,4.5,3.22,1.0,1.0,2.795,0.173,neutro,0.519,49,Provável,20.0,15.0,0.671,1.169,1.126,1.103,-5.0,0.0,-49.3,0.6,0.3265,-1.328,30.1,desfavoravel,2.22,False,WATCH
101393,Eduardo Doma,315,CHA,3,Zagueiro,7,4.44,0.5,2.45,16,4.3,True,3.0,19.0,13.0,2.0,6.0,3.0,,1.0,0.0,,1.0,1.0,,,1.0,,,,,,False,SAN,0.0,,estavel,4.3,1.89,0.771,1.0,2.482,0.323,neutro,0.559,13,Provável,20.0,15.0,0.671,1.169,1.126,1.103,-5.0,0.0,-49.3,0.6,0.3533,-0.965,35.5,desfavoravel,2.27,False,WATCH
97900,Vitão,262,FLA,3,Zagueiro,2,7.8,0.02,3.03,7,5.0,True,1.0,1.0,2.0,,1.0,1.0,,0.0,0.0,,4.0,,,,,,,,,,True,SAO,0.0,,estavel,5.0,1.32,0.436,0.875,3.414,-0.017,neutro,0.383,57,Dúvida,2.0,12.0,0.926,0.9,0.792,1.555,2.0,0.725,44.1,0.725,0.7189,1.384,70.8,neutro,4.08,False,WATCH
89837,Lucho Acosta,266,FLU,4,Meia,7,11.02,0.0,5.76,14,0.0,False,4.0,16.0,15.0,4.0,11.0,15.0,,3.0,4.0,,0.0,,,,,,,,,,False,GRE,0.0,,estavel,5.8,3.26,0.566,1.0,5.122,0.911,valor_bom,0.465,76,Provável,4.0,16.0,0.786,0.95,1.086,1.368,2.0,0.475,-29.7,0.75,0.4812,0.071,51.1,neutro,1.72,False,WATCH
126471,Barreal,277,SAN,4,Meia,7,11.27,0.0,4.55,14,0.0,False,3.0,22.0,17.0,4.0,9.0,14.0,,3.0,0.0,3.0,0.0,1.0,,,1.0,,,,,,True,CHA,0.0,,estavel,4.5,3.48,0.765,1.0,4.352,-0.046,neutro,0.386,117,Provável,15.0,20.0,1.126,1.103,0.671,1.169,-1.0,0.35,49.3,0.7,0.6071,1.21,68.2,neutro,2.66,False,TITULAR
89274,Andreas Pereira,275,PAL,4,Meia,7,12.53,-0.25,5.15,18,3.0,True,3.0,18.0,20.0,4.0,13.0,13.0,,1.0,9.0,,0.0,,,,,,,,,,True,CAM,0.0,,estavel,3.0,2.37,0.46,1.0,4.798,0.168,neutro,0.383,119,Provável,1.0,13.0,1.036,0.814,0.991,0.633,14.0,0.875,55.2,0.175,0.4689,-0.04,49.4,neutro,2.96,False,WATCH
78850,Reinaldo,2305,MIR,2,Lateral,7,7.76,0.0,2.2,13,0.0,False,5.0,8.0,10.0,2.0,9.0,10.0,,0.0,1.0,,1.0,,,,,,,,,,False,VAS,0.0,,estavel,2.2,1.58,0.718,1.0,3.33,-1.04,armadilha_leve,0.429,67,Provável,18.0,17.0,0.9,0.864,0.345,1.14,1.0,0.55,-36.6,0.9,0.5889,0.537,58.1,neutro,2.52,False,WATCH
99552,Rossi,262,FLA,1,Goleiro,7,9.48,0.31,5.29,17,8.9,True,,,,,,2.0,,0.0,0.0,,8.0,,49.0,15.0,,,,,,,True,SAO,0.0,,estavel,8.9,2.94,0.556,1.0,4.845,0.702,valor_bom,0.511,13,Provável,2.0,12.0,0.926,0.9,0.792,1.555,2.0,0.725,44.1,0.725,0.7189,1.342,70.1,favoravel,3.22,True,TITULAR
140438,David,315,CHA,4,Meia,7,1.13,-0.33,0.86,5,0.0,True,,2.0,2.0,,3.0,1.0,,0.0,0.0,,0.0,,,,1.0,,,,,,False,SAN,0.0,,estavel,0.9,0.86,1.0,0.625,0.898,1.384,valor_bom,0.497,60,Provável,20.0,15.0,0.671,1.169,1.126,1.103,-5.0,0.0,-49.3,0.6,0.3265,-1.328,30.1,desfavoravel,1.91,False,BANCO
80287,Luciano,276,SAO,5,Atacante,7,13.39,-0.75,5.32,15,3.7,True,3.0,8.0,17.0,6.0,9.0,24.0,,6.0,1.0,4.0,0.0,,,,,1.0,,1.0,,,False,FLA,0.0,,baixa,3.7,1.79,0.336,1.0,5.201,-0.327,neutro,0.388,88,Provável,12.0,2.0,0.792,1.555,0.926,0.9,-2.0,0.1,-44.1,0.25,0.2566,-2.011,19.8,desfavoravel,5.41,False,WATCH
100652,Yuri Alberto,264,COR,5,Atacante,7,12.95,1.24,4.46,15,19.9,True,2.0,7.0,20.0,12.0,14.0,12.0,,3.0,2.0,12.0,0.0,,,,,,,,,,False,BAH,0.0,,alta,19.9,2.19,0.491,1.0,4.64,-0.806,armadilha_leve,0.358,96,Provável,7.0,6.0,1.99,1.2,1.086,0.95,3.0,0.85,-16.3,0.375,0.5852,1.051,65.8,neutro,2.71,False,WATCH
39148,Hulk,266,FLU,5,Atacante,7,11.8,0.0,4.55,12,0.0,False,1.0,4.0,9.0,6.0,8.0,32.0,,1.0,3.0,3.0,0.0,,,,,,,,,,False,GRE,0.0,,estavel,4.5,2.63,0.578,1.0,4.721,-0.445,neutro,0.4,84,Provável,4.0,16.0,0.786,0.95,1.086,1.368,2.0,0.475,-29.7,0.75,0.4812,0.082,51.2,neutro,2.91,False,TITULAR
68708,Eduardo,2305,MIR,4,Meia,2,5.57,0.0,2.78,11,0.0,False,1.0,8.0,9.0,2.0,3.0,9.0,,2.0,0.0,,0.0,1.0,,,,,,,,,False,VAS,0.0,,estavel,2.8,1.87,0.673,1.0,2.451,-0.312,neutro,0.44,92,Dúvida,18.0,17.0,0.9,0.864,0.345,1.14,1.0,0.55,-36.6,0.85,0.5,0.241,53.6,neutro,2.48,False,TITULAR
86292,Bolasie,315,CHA,5,Atacante,7,4.35,-0.18,2.13,15,2.8,True,3.0,3.0,17.0,6.0,12.0,12.0,1.0,1.0,1.0,3.0,0.0,,,,,1.0,,1.0,,,False,SAN,0.0,,estavel,2.8,1.26,0.592,1.0,2.086,-0.348,neutro,0.48,64,Provável,20.0,15.0,0.671,1.169,1.126,1.103,-5.0,0.0,-49.3,0.6,0.3265,-1.359,29.6,desfavoravel,1.61,False,WATCH
103445,Kaio Jorge,283,CRU,5,Atacante,7,12.44,0.2,5.08,13,10.9,True,,3.0,5.0,5.0,14.0,11.0,,5.0,0.0,6.0,0.0,,,,,1.0,,,,,True,BOT,0.0,,estavel,10.9,2.0,0.394,1.0,5.041,-0.272,neutro,0.405,83,Provável,8.0,9.0,1.169,0.655,0.806,0.594,5.0,0.8,16.6,0.85,0.5961,1.153,67.3,neutro,1.45,False,WATCH
94583,Pedro,262,FLA,5,Atacante,7,18.63,0.13,9.41,17,18.8,True,1.0,11.0,9.0,9.0,10.0,17.0,1.0,12.0,4.0,3.0,0.0,,,,,1.0,,,,,True,SAO,0.0,,estavel,18.8,2.59,0.275,1.0,7.992,1.551,valor_oculto,0.429,76,Provável,2.0,12.0,0.926,0.9,0.792,1.555,2.0,0.725,44.1,0.325,0.5477,0.702,60.5,favoravel,4.44,True,RESERVA_LUXO
101908,Willian Machado,2305,MIR,3,Zagueiro,2,5.36,0.0,3.73,14,0.0,False,2.0,19.0,9.0,2.0,3.0,11.0,,1.0,1.0,,1.0,,,,,,,,,,False,VAS,0.0,,estavel,3.7,2.73,0.732,1.0,3.299,0.763,valor_bom,0.615,6,Dúvida,18.0,17.0,0.9,0.864,0.345,1.14,1.0,0.55,-36.6,0.9,0.5889,0.548,58.2,neutro,2.87,False,TITULAR
128433,Johan Rojas,267,VAS,4,Meia,7,4.09,0.0,1.63,15,0.0,False,3.0,5.0,13.0,8.0,6.0,3.0,1.0,0.0,1.0,3.0,0.0,,,,,,,,,,True,MIR,0.0,,estavel,1.6,1.3,0.798,1.0,1.758,-0.323,neutro,0.43,98,Provável,17.0,18.0,0.345,1.14,0.9,0.864,-4.0,0.1,36.6,0.65,0.4088,-0.584,41.2,neutro,1.78,False,WATCH
114802,Vitor Roque,275,PAL,5,Atacante,2,17.01,0.0,7.6,7,0.0,False,1.0,8.0,6.0,3.0,4.0,19.0,1.0,3.0,0.0,3.0,0.0,,,,,1.0,,,,,True,CAM,0.0,,estavel,7.6,4.17,0.549,0.875,6.202,-0.019,neutro,0.319,105,Dúvida,1.0,13.0,1.036,0.814,0.991,0.633,14.0,0.875,55.2,0.175,0.4689,-0.032,49.5,neutro,3.74,False,TITULAR
94154,Maycon,282,CAM,4,Meia,7,5.77,-0.33,3.08,11,1.5,True,,10.0,8.0,1.0,2.0,5.0,,2.0,0.0,,0.0,,,,,,,,,,False,PAL,0.0,,estavel,1.5,2.17,0.705,1.0,3.47,0.777,valor_bom,0.601,10,Provável,13.0,1.0,0.991,0.633,1.036,0.814,2.0,0.6,-55.2,0.15,0.2945,-1.617,25.7,desfavoravel,3.27,False,TITULAR
90061,Bruno Pacheco,315,CHA,2,Lateral,7,6.51,0.09,4.31,10,2.7,True,2.0,18.0,7.0,,1.0,9.0,,0.0,3.0,1.0,0.0,,,,,,,,,,False,SAN,0.0,,estavel,2.7,2.81,0.652,1.0,3.904,0.055,neutro,0.6,26,Provável,20.0,15.0,0.671,1.169,1.126,1.103,-5.0,0.0,-49.3,0.6,0.3533,-0.929,36.1,desfavoravel,2.58,False,WATCH
132412,Román Gómez,265,BAH,2,Lateral,7,8.77,1.02,5.43,4,7.4,True,1.0,10.0,5.0,,4.0,2.0,,0.0,0.0,,1.0,,,,,,,,,,True,COR,0.0,,alta,7.4,4.68,0.862,0.5,5.255,0.557,valor_bom,0.3,77,Provável,6.0,7.0,1.086,0.95,1.99,1.2,3.0,0.65,16.3,0.575,0.5352,0.203,53.0,neutro,5.03,False,WATCH
93988,Breno Lopes,294,CFC,5,Atacante,7,9.24,-0.23,5.89,16,1.5,True,3.0,10.0,8.0,5.0,4.0,22.0,,8.0,0.0,6.0,0.0,,,,,1.0,,,,,False,RBB,0.0,,estavel,1.5,1.89,0.321,1.0,5.586,1.168,valor_bom,0.605,17,Provável,10.0,5.0,1.368,1.407,1.315,0.76,-2.0,0.4,-12.6,0.375,0.4375,-0.325,45.1,neutro,1.99,False,WATCH
83433,Patrick,364,REM,4,Meia,7,5.61,-0.38,3.66,16,5.5,True,,28.0,10.0,2.0,6.0,15.0,2.0,0.0,0.0,1.0,0.0,,,,1.0,,,,,,True,VIT,0.0,,estavel,5.5,3.66,1.0,1.0,3.106,0.429,neutro,0.554,26,Provável,19.0,11.0,1.086,0.95,0.691,0.76,-1.0,0.45,23.7,1.0,0.6117,1.251,68.8,favoravel,2.41,False,TITULAR
115986,Denilson,2305,MIR,4,Meia,7,5.21,0.0,3.04,10,0.0,False,1.0,14.0,13.0,1.0,2.0,9.0,,1.0,0.0,,0.0,,,,1.0,,,,,,False,VAS,0.0,,estavel,3.0,2.54,0.836,1.0,2.577,0.009,neutro,0.495,62,Provável,18.0,17.0,0.9,0.864,0.345,1.14,1.0,0.55,-36.6,0.85,0.5,0.241,53.6,neutro,2.31,False,TITULAR
116034,Victor Hugo,282,CAM,4,Meia,7,6.36,-0.24,3.59,16,0.5,True,,8.0,3.0,6.0,4.0,14.0,,3.0,1.0,,0.0,,,,,,,,,,False,PAL,0.0,,estavel,0.5,2.34,0.652,1.0,3.728,0.817,valor_bom,0.586,15,Provável,13.0,1.0,0.991,0.633,1.036,0.814,2.0,0.6,-55.2,0.15,0.2945,-1.617,25.7,desfavoravel,2.06,False,WATCH
100342,Léo Andrade,364,REM,3,Zagueiro,7,4.79,0.0,2.95,4,0.0,False,1.0,9.0,4.0,,,1.0,,0.0,0.0,,0.0,,,,,,,,,,True,VIT,0.0,,estavel,3.0,2.95,1.0,0.5,2.68,0.362,neutro,0.28,63,Provável,19.0,11.0,1.086,0.95,0.691,0.76,-1.0,0.45,23.7,0.85,0.7026,1.279,69.2,favoravel,3.33,False,WATCH
143153,Tarzia,287,VIT,5,Atacante,7,4.7,0.0,2.93,12,0.0,False,1.0,3.0,6.0,5.0,5.0,5.0,,2.0,1.0,,0.0,,,,,,,,,,False,REM,0.0,,estavel,2.9,1.18,0.403,1.0,2.56,-0.064,neutro,0.545,42,Provável,11.0,19.0,0.691,0.76,1.086,0.95,2.0,0.55,-23.7,0.75,0.4468,-0.238,46.4,neutro,2.27,False,WATCH
