nome,clube,posicao,status_label,preco,variacao,media,jogos,mandante,adversario,tendencia,prob_vitoria,min_valorizar,pb_media,resiliencia_pct,confiabilidade,media_bayesiana,residuo_z,armadilha_label,custo_beneficio,cb_rank,oportunidade_confronto,vantagem_mando,score_confronto_100,condicao_mando,pontos_esperados,caro_e_vale,recomendacao,time_momentum_of,time_momentum_def,adv_momentum_of,adv_momentum_def,sequencia_time
Viveros,CAP,Atacante,Provável,11.67,-1.42,7.96,16,True,INT,baixa,0.0,1.2,3.15,0.396,1.0,6.966,1.905,valor_oculto,0.597,23,0.45,39.7,64.7,favoravel,1.62,False,WATCH,0.877,0.8,1.382,1.583,4.0
Renê,VIT,Atacante,Provável,11.11,0.0,8.04,10,False,REM,estavel,0.0,8.0,3.54,0.44,1.0,6.679,1.755,valor_oculto,0.601,18,0.75,-23.7,46.4,neutro,1.65,False,WATCH,0.691,0.76,1.086,0.95,2.0
Pedro,FLA,Atacante,Provável,18.63,0.13,9.41,17,True,SAO,estavel,0.0,18.8,2.59,0.275,1.0,7.992,1.551,valor_oculto,0.429,76,0.325,44.1,60.5,favoravel,4.44,True,RESERVA_LUXO,0.926,0.9,0.792,1.555,2.0
Fernando,RBB,Atacante,Provável,6.69,0.0,5.0,8,True,CFC,estavel,0.0,5.0,2.38,0.476,1.0,4.989,1.477,valor_bom,0.746,1,0.6,12.6,70.0,favoravel,2.68,False,WATCH,1.315,0.76,1.368,1.407,4.0
Samuel Lino,FLA,Atacante,Provável,12.0,-1.59,7.35,17,True,SAO,baixa,0.0,11.6,3.41,0.464,1.0,6.591,1.435,valor_bom,0.549,40,0.325,44.1,60.5,favoravel,5.57,False,WATCH,0.926,0.9,0.792,1.555,2.0
Lucas Barbosa,RBB,Atacante,Provável,10.4,0.0,6.67,16,True,CFC,estavel,0.0,6.7,4.04,0.606,1.0,6.106,1.359,valor_bom,0.587,30,0.6,12.6,70.0,favoravel,2.75,False,TITULAR,1.315,0.76,1.368,1.407,4.0
Arthur Cabral,BOT,Atacante,Provável,10.58,0.0,6.69,14,False,CRU,estavel,0.0,6.7,2.33,0.348,1.0,6.068,1.269,valor_bom,0.574,34,0.6,-16.6,41.8,neutro,3.4,False,WATCH,0.806,0.594,1.169,0.655,2.0
Matheus Martins,BOT,Atacante,Provável,7.2,0.0,4.88,14,False,CRU,estavel,0.0,4.9,2.59,0.531,1.0,4.916,1.194,valor_bom,0.683,4,0.6,-16.6,41.8,neutro,4.55,False,TITULAR,0.806,0.594,1.169,0.655,2.0
Cuello,CAM,Atacante,Provável,9.41,0.53,5.95,18,False,PAL,alta,0.0,5.3,4.78,0.803,1.0,5.651,1.182,valor_bom,0.601,18,0.15,-55.2,25.1,desfavoravel,3.2,False,TITULAR,0.991,0.633,1.036,0.814,2.0
Breno Lopes,CFC,Atacante,Provável,9.24,-0.23,5.89,16,False,RBB,estavel,0.0,1.5,1.89,0.321,1.0,5.586,1.168,valor_bom,0.605,17,0.375,-12.6,45.1,neutro,1.99,False,WATCH,1.368,1.407,1.315,0.76,-2.0
Leozinho,CAP,Atacante,Provável,7.83,5.67,5.18,6,True,INT,alta,0.0,27.6,2.51,0.485,0.75,5.065,1.109,valor_bom,0.485,62,0.45,39.7,64.7,favoravel,3.57,False,WATCH,0.877,0.8,1.382,1.583,4.0
Sinisterra,CRU,Atacante,Provável,6.19,0.58,3.39,7,True,BOT,alta,0.0,5.1,2.25,0.664,0.875,4.237,0.918,valor_bom,0.599,21,0.85,16.6,67.3,favoravel,2.99,False,TITULAR,1.169,0.655,0.806,0.594,5.0
Artur,SAO,Atacante,Provável,9.97,0.73,5.81,15,False,FLA,alta,0.0,8.5,3.54,0.609,1.0,5.521,0.879,valor_bom,0.554,37,0.25,-44.1,19.8,desfavoravel,3.36,False,TITULAR,0.792,1.555,0.926,0.9,-2.0
Ferreira,SAO,Atacante,Provável,6.81,-0.6,4.09,14,False,FLA,baixa,0.0,1.3,1.8,0.44,1.0,4.413,0.832,valor_bom,0.648,7,0.25,-44.1,19.8,desfavoravel,2.57,False,WATCH,0.792,1.555,0.926,0.9,-2.0
Vitinho,INT,Atacante,Provável,7.27,-0.11,4.39,18,False,CAP,estavel,0.0,2.5,3.56,0.811,1.0,4.571,0.811,valor_bom,0.629,9,0.1,-39.7,27.8,desfavoravel,3.18,False,TITULAR,1.382,1.583,0.877,0.8,-3.0
Mendoza,CAP,Atacante,Provável,8.5,-0.11,4.99,17,True,INT,estavel,0.0,4.0,2.64,0.529,1.0,4.986,0.791,valor_bom,0.587,30,0.45,39.7,64.7,favoravel,1.82,False,WATCH,0.877,0.8,1.382,1.583,4.0
Jajá,REM,Atacante,Provável,5.75,-0.91,4.92,15,True,VIT,baixa,0.0,4.9,2.45,0.498,1.0,3.906,0.78,valor_bom,0.679,5,1.0,23.7,69.5,favoravel,2.56,False,WATCH,1.086,0.95,0.691,0.76,-1.0
Kaio César,COR,Atacante,Provável,12.03,1.7,7.04,7,False,BAH,alta,0.0,16.7,4.04,0.574,0.875,5.941,0.757,valor_bom,0.432,75,0.375,-16.3,65.8,neutro,3.34,False,TITULAR,1.99,1.2,1.086,0.95,3.0
Amuzu,GRE,Atacante,Provável,7.07,0.0,4.16,16,True,FLU,estavel,0.0,4.2,2.72,0.654,1.0,4.433,0.747,valor_bom,0.627,11,0.45,29.7,51.4,neutro,2.83,False,TITULAR,1.086,1.368,0.786,0.95,-2.0
Carbonero,INT,Atacante,Provável,9.84,1.31,5.44,18,False,CAP,alta,0.0,10.8,2.38,0.437,1.0,5.298,0.687,valor_bom,0.538,46,0.1,-39.7,27.8,desfavoravel,2.99,False,WATCH,1.382,1.583,0.877,0.8,-3.0
Alef Manga,REM,Atacante,Provável,8.01,-0.45,4.6,19,True,VIT,estavel,0.0,2.4,2.13,0.463,1.0,4.712,0.679,valor_bom,0.588,28,1.0,23.7,69.5,favoravel,1.47,False,WATCH,1.086,0.95,0.691,0.76,-1.0
Pedro Rocha,CFC,Atacante,Provável,6.33,0.0,3.63,18,False,RBB,estavel,0.0,3.6,1.57,0.433,1.0,4.045,0.657,valor_bom,0.639,8,0.375,-12.6,45.1,neutro,2.51,False,WATCH,1.368,1.407,1.315,0.76,-2.0
Alesson,MIR,Atacante,Provável,9.29,0.0,5.13,16,False,VAS,estavel,0.0,5.1,4.19,0.817,1.0,5.08,0.63,valor_bom,0.547,41,0.85,-36.6,53.9,neutro,3.46,False,TITULAR,0.9,0.864,0.345,1.14,1.0
Alerrandro,INT,Atacante,Provável,6.77,0.34,3.79,18,False,CAP,estavel,0.0,2.7,1.62,0.427,1.0,4.156,0.584,valor_bom,0.614,13,0.1,-39.7,27.8,desfavoravel,4.82,False,WATCH,1.382,1.583,0.877,0.8,-3.0
Spinelli,VAS,Atacante,Provável,6.18,0.0,3.16,12,True,MIR,estavel,0.0,3.2,2.49,0.788,1.0,3.887,0.561,valor_bom,0.629,9,0.65,36.6,41.1,neutro,2.73,False,TITULAR,0.345,1.14,0.9,0.864,-4.0
Erick,VIT,Atacante,Provável,8.67,0.0,4.68,15,False,REM,estavel,0.0,4.7,2.28,0.487,1.0,4.784,0.526,valor_bom,0.552,38,0.75,-23.7,46.4,neutro,2.3,False,WATCH,0.691,0.76,1.086,0.95,2.0
Erick Pulga,BAH,Atacante,Provável,7.37,-0.18,3.91,18,True,COR,estavel,0.0,1.4,3.19,0.816,1.0,4.239,0.429,neutro,0.575,33,0.25,16.3,49.9,neutro,1.75,False,WATCH,1.086,0.95,1.99,1.2,3.0
Calleri,SAO,Atacante,Provável,11.68,-0.02,5.68,17,False,FLA,estavel,0.0,2.6,2.56,0.451,1.0,5.456,0.344,neutro,0.467,67,0.25,-44.1,19.8,desfavoravel,3.28,False,WATCH,0.792,1.555,0.926,0.9,-2.0
Pavón,GRE,Atacante,Provável,7.76,0.0,3.91,16,True,FLU,estavel,0.0,3.9,3.29,0.841,1.0,4.266,0.31,neutro,0.55,39,0.45,29.7,51.4,neutro,2.79,False,TITULAR,1.086,1.368,0.786,0.95,-2.0
Marcinho,CHA,Atacante,Provável,4.58,-0.13,3.02,17,False,SAN,estavel,0.0,4.9,2.26,0.748,1.0,2.695,0.144,neutro,0.588,28,0.6,-49.3,29.6,desfavoravel,2.13,False,WATCH,0.671,1.169,1.126,1.103,-5.0
Gabriel Mec,GRE,Atacante,Provável,4.45,0.0,2.82,14,True,FLU,estavel,0.0,2.8,1.68,0.596,1.0,2.523,0.043,neutro,0.567,35,0.45,29.7,51.4,neutro,2.32,False,TITULAR,1.086,1.368,0.786,0.95,-2.0
Tarzia,VIT,Atacante,Provável,4.7,0.0,2.93,12,False,REM,estavel,0.0,2.9,1.18,0.403,1.0,2.56,-0.064,neutro,0.545,42,0.75,-23.7,46.4,neutro,2.27,False,WATCH,0.691,0.76,1.086,0.95,2.0
Serna,FLU,Atacante,Provável,6.92,0.0,2.96,18,False,GRE,estavel,0.0,3.0,2.24,0.757,1.0,3.581,-0.072,neutro,0.517,53,0.75,-29.7,51.2,neutro,2.6,False,TITULAR,0.786,0.95,1.086,1.368,2.0
Cassierra,CAM,Atacante,Provável,6.19,0.79,2.33,15,False,PAL,alta,0.0,5.8,0.93,0.399,1.0,3.251,-0.1,neutro,0.525,50,0.15,-55.2,25.1,desfavoravel,2.38,False,WATCH,0.991,0.633,1.036,0.814,2.0
Tetê,GRE,Atacante,Provável,9.01,0.0,3.83,14,True,FLU,estavel,0.0,3.8,2.69,0.702,1.0,4.248,-0.139,neutro,0.471,65,0.45,29.7,51.4,neutro,2.78,False,TITULAR,1.086,1.368,0.786,0.95,-2.0
Ênio,CHA,Atacante,Provável,5.45,-0.16,3.44,10,False,SAN,estavel,0.0,1.8,2.64,0.767,1.0,2.802,-0.213,neutro,0.514,56,0.6,-49.3,29.6,desfavoravel,2.22,False,TITULAR,0.671,1.169,1.126,1.103,-5.0
Carlos Vinícius,GRE,Atacante,Provável,13.93,0.0,5.61,17,True,FLU,estavel,0.0,5.6,1.37,0.244,1.0,5.408,-0.233,neutro,0.388,88,0.45,29.7,51.4,neutro,3.1,False,WATCH,1.086,1.368,0.786,0.95,-2.0
Bruno Rodrigues,CRU,Atacante,Provável,2.99,-0.01,1.6,11,True,BOT,estavel,0.0,0.8,1.15,0.719,1.0,1.253,-0.261,neutro,0.419,79,0.85,16.6,67.3,neutro,2.84,False,TITULAR,1.169,0.655,0.806,0.594,5.0
Kaio Jorge,CRU,Atacante,Provável,12.44,0.2,5.08,13,True,BOT,estavel,0.0,10.9,2.0,0.394,1.0,5.041,-0.272,neutro,0.405,83,0.85,16.6,67.3,neutro,1.45,False,WATCH,1.169,0.655,0.806,0.594,5.0
Edson Carioca,MIR,Atacante,Provável,4.2,0.0,2.08,10,False,VAS,estavel,0.0,2.1,1.28,0.615,1.0,2.046,-0.298,neutro,0.487,60,0.85,-36.6,53.9,neutro,2.39,False,TITULAR,0.9,0.864,0.345,1.14,1.0
Herrera,RBB,Atacante,Provável,4.31,0.0,2.17,14,True,CFC,estavel,0.0,2.2,1.6,0.737,1.0,2.11,-0.299,neutro,0.49,59,0.6,12.6,70.0,neutro,2.5,False,TITULAR,1.315,0.76,1.368,1.407,4.0
Luciano,SAO,Atacante,Provável,13.39,-0.75,5.32,15,False,FLA,baixa,0.0,3.7,1.79,0.336,1.0,5.201,-0.327,neutro,0.388,88,0.25,-44.1,19.8,desfavoravel,5.41,False,WATCH,0.792,1.555,0.926,0.9,-2.0
Bolasie,CHA,Atacante,Provável,4.35,-0.18,2.13,15,False,SAN,estavel,0.0,2.8,1.26,0.592,1.0,2.086,-0.348,neutro,0.48,64,0.6,-49.3,29.6,desfavoravel,1.61,False,WATCH,0.671,1.169,1.126,1.103,-5.0
Hulk,FLU,Atacante,Provável,11.8,0.0,4.55,12,False,GRE,estavel,0.0,4.5,2.63,0.578,1.0,4.721,-0.445,neutro,0.4,84,0.75,-29.7,51.2,neutro,2.91,False,TITULAR,0.786,0.95,1.086,1.368,2.0
Villalba,BOT,Atacante,Provável,4.27,0.0,1.78,8,False,CRU,estavel,0.0,1.8,0.78,0.438,1.0,1.892,-0.5,neutro,0.443,71,0.6,-16.6,41.8,neutro,1.8,False,WATCH,0.806,0.594,1.169,0.655,2.0
Willian José,BAH,Atacante,Provável,8.02,-0.02,2.85,17,True,COR,estavel,0.0,3.0,0.85,0.298,1.0,3.531,-0.543,armadilha_leve,0.44,73,0.25,16.3,49.9,neutro,2.5,False,WATCH,1.086,0.95,1.99,1.2,3.0
Ademir,BAH,Atacante,Provável,7.04,1.46,2.29,18,True,COR,alta,0.0,13.2,1.57,0.686,1.0,3.117,-0.599,armadilha_leve,0.443,71,0.25,16.3,49.9,neutro,5.98,False,WATCH,1.086,0.95,1.99,1.2,3.0
Yuri Alberto,COR,Atacante,Provável,12.95,1.24,4.46,15,False,BAH,alta,0.0,19.9,2.19,0.491,1.0,4.64,-0.806,armadilha_leve,0.358,96,0.375,-16.3,65.8,neutro,2.71,False,WATCH,1.99,1.2,1.086,0.95,3.0
Rony,SAN,Atacante,Provável,5.55,0.0,2.22,13,True,CHA,estavel,0.0,2.2,2.22,1.0,1.0,2.138,-0.948,armadilha_leve,0.385,90,0.7,49.3,68.8,neutro,2.18,False,WATCH,1.126,1.103,0.671,1.169,-1.0
Bruno Henrique,FLA,Atacante,Provável,6.0,0.55,2.07,12,True,SAO,alta,0.0,7.2,1.24,0.599,1.0,2.044,-1.259,armadilha_leve,0.341,100,0.325,44.1,60.5,neutro,2.88,False,WATCH,0.926,0.9,0.792,1.555,2.0
Pedro Rangel,CFC,Goleiro,Provável,6.24,-0.77,4.41,16,False,RBB,baixa,0.0,0.9,2.85,0.646,1.0,4.24,1.103,valor_bom,0.679,5,0.175,-12.6,34.0,desfavoravel,4.16,False,TITULAR,1.368,1.407,1.315,0.76,-2.0
Marcelo Rangel,REM,Goleiro,Provável,5.58,-1.28,3.87,18,True,VIT,baixa,0.0,2.2,3.59,0.928,1.0,3.879,1.012,valor_bom,0.695,3,0.85,23.7,68.6,favoravel,4.45,False,TITULAR,1.086,0.95,0.691,0.76,-1.0
Weverton,GRE,Goleiro,Provável,7.67,0.0,4.89,17,True,FLU,estavel,0.0,4.9,3.13,0.64,1.0,4.573,0.943,valor_bom,0.596,8,0.3,29.7,49.1,neutro,2.9,False,TITULAR,1.086,1.368,0.786,0.95,-2.0
Lucas Arcanjo,VIT,Goleiro,Provável,9.99,0.0,5.99,13,False,REM,estavel,0.0,6.0,4.07,0.679,1.0,5.194,0.907,valor_bom,0.52,12,0.775,-23.7,52.5,neutro,4.39,False,TITULAR,0.691,0.76,1.086,0.95,2.0
Anthoni,INT,Goleiro,Provável,4.25,-0.49,2.96,8,False,CAP,estavel,0.0,0.6,2.33,0.787,1.0,3.137,0.904,valor_bom,0.738,1,0.25,-39.7,29.8,desfavoravel,4.71,False,TITULAR,1.382,1.583,0.877,0.8,-3.0
Carlos Miguel,PAL,Goleiro,Provável,8.56,-0.3,5.11,18,True,CAM,estavel,0.0,6.0,3.44,0.673,1.0,4.738,0.843,valor_bom,0.554,11,0.725,55.2,72.5,favoravel,2.63,True,TITULAR,1.036,0.814,0.991,0.633,14.0
Ronaldo,BAH,Goleiro,Provável,7.42,-0.24,4.7,9,True,COR,estavel,0.0,2.9,3.03,0.645,1.0,4.323,0.784,valor_bom,0.583,9,0.575,16.3,52.3,neutro,1.87,False,TITULAR,1.086,0.95,1.99,1.2,3.0
Otávio,CRU,Goleiro,Provável,1.84,-0.23,1.23,6,True,BOT,estavel,0.0,1.6,1.23,1.0,0.75,1.23,0.716,valor_bom,0.501,14,0.1,16.6,49.1,neutro,1.97,False,TITULAR,1.169,0.655,0.806,0.594,5.0
Rossi,FLA,Goleiro,Provável,9.48,0.31,5.29,17,True,SAO,estavel,0.0,8.9,2.94,0.556,1.0,4.845,0.702,valor_bom,0.511,13,0.725,44.1,70.1,favoravel,3.22,True,TITULAR,0.926,0.9,0.792,1.555,2.0
Tiago Volpi,RBB,Goleiro,Provável,10.45,0.0,5.95,11,True,CFC,estavel,0.0,6.0,3.04,0.511,1.0,5.087,0.698,valor_bom,0.487,15,0.15,12.6,46.0,neutro,3.1,False,TITULAR,1.315,0.76,1.368,1.407,4.0
Matheus Aurélio,CHA,Goleiro,Provável,1.77,-0.23,-0.1,1,False,SAN,estavel,0.0,0.0,0.0,0.0,0.125,1.082,0.642,valor_bom,0.076,34,0.6,-49.3,34.7,desfavoravel,1.45,False,WATCH,0.671,1.169,1.126,1.103,-5.0
Walter,MIR,Goleiro,Provável,5.18,0.0,2.89,16,False,VAS,estavel,0.0,2.9,2.58,0.893,1.0,3.227,0.56,valor_bom,0.623,6,0.9,-36.6,57.5,neutro,2.46,False,TITULAR,0.9,0.864,0.345,1.14,1.0
Fábio,FLU,Goleiro,Provável,9.11,0.0,4.39,18,False,GRE,estavel,0.0,4.4,3.56,0.811,1.0,4.239,0.223,neutro,0.465,21,0.35,-29.7,37.2,desfavoravel,4.11,False,TITULAR,0.786,0.95,1.086,1.368,2.0
Everson,CAM,Goleiro,Provável,9.14,-1.53,4.39,19,False,PAL,baixa,0.0,2.9,3.07,0.699,1.0,4.245,0.221,neutro,0.464,22,0.175,-55.2,32.0,desfavoravel,4.2,False,TITULAR,0.991,0.633,1.036,0.814,2.0
Rafael,SAO,Goleiro,Provável,7.3,-0.08,3.39,19,False,FLA,estavel,0.0,0.6,2.34,0.69,1.0,3.541,0.082,neutro,0.485,16,0.0,-44.1,17.5,desfavoravel,4.58,False,TITULAR,0.792,1.555,0.926,0.9,-2.0
Santos,CAP,Goleiro,Provável,7.84,-1.01,3.58,17,True,INT,baixa,0.0,1.6,2.11,0.589,1.0,3.682,0.049,neutro,0.47,20,0.4,39.7,57.3,neutro,4.94,False,TITULAR,0.877,0.8,1.382,1.583,4.0
Gabriel Brazão,SAN,Goleiro,Provável,6.33,0.0,2.62,15,True,CHA,estavel,0.0,2.6,1.62,0.618,1.0,3.065,-0.042,neutro,0.484,17,0.95,49.3,76.2,neutro,2.59,False,TITULAR,1.126,1.103,0.671,1.169,-1.0
Hugo Souza,COR,Goleiro,Provável,9.37,0.58,4.07,16,False,BAH,alta,0.0,5.0,2.2,0.541,1.0,4.013,-0.057,neutro,0.428,24,0.475,-16.3,50.7,neutro,2.72,False,TITULAR,1.99,1.2,1.086,0.95,3.0
Léo Jardim,VAS,Goleiro,Provável,6.5,0.0,2.76,18,True,MIR,estavel,0.0,2.8,2.48,0.899,1.0,3.111,-0.059,neutro,0.479,18,0.8,36.6,61.5,neutro,2.53,False,TITULAR,0.345,1.14,0.9,0.864,-4.0
Luciano Juba,BAH,Lateral,Provável,11.65,0.0,7.73,15,True,COR,estavel,0.0,7.7,3.8,0.492,1.0,6.839,1.312,valor_bom,0.587,28,0.575,16.3,53.0,neutro,1.51,False,WATCH,1.086,0.95,1.99,1.2,3.0
Marcelinho,REM,Lateral,Provável,5.58,-2.13,5.13,16,True,VIT,baixa,0.0,0.4,3.69,0.719,1.0,4.552,1.152,valor_bom,0.816,1,0.85,23.7,68.7,favoravel,4.18,False,TITULAR,1.086,0.95,0.691,0.76,-1.0
Claudinho,CAP,Lateral,Provável,6.46,-0.93,7.88,4,True,INT,baixa,0.0,3.7,5.88,0.746,0.5,4.891,1.081,valor_bom,0.379,73,0.4,39.7,57.9,neutro,7.37,False,WATCH,0.877,0.8,1.382,1.583,4.0
Matheus Bidu,COR,Lateral,Provável,13.3,0.47,7.86,15,False,BAH,estavel,0.0,9.7,5.53,0.704,1.0,6.923,0.991,valor_bom,0.521,46,0.475,-16.3,51.4,neutro,3.51,False,TITULAR,1.99,1.2,1.086,0.95,3.0
Gabriel Rojas,CRU,Lateral,Provável,7.15,1.15,4.4,1,True,BOT,alta,0.0,4.4,4.4,1.0,0.125,5.082,0.982,valor_bom,0.089,93,0.1,16.6,49.9,neutro,5.1,False,WATCH,1.169,0.655,0.806,0.594,5.0
Igor Vinícius,SAN,Lateral,Provável,9.34,0.0,6.19,12,True,CHA,estavel,0.0,6.2,4.77,0.771,1.0,5.781,0.904,valor_bom,0.619,17,0.95,49.3,76.1,favoravel,2.58,False,WATCH,1.126,1.103,0.671,1.169,-1.0
Escobar,SAN,Lateral,Provável,10.22,0.0,6.44,12,True,CHA,estavel,0.0,6.4,5.02,0.78,1.0,5.931,0.786,valor_bom,0.58,31,0.95,49.3,76.1,favoravel,2.74,True,TITULAR,1.126,1.103,0.671,1.169,-1.0
Puma Rodríguez,VAS,Lateral,Provável,8.19,0.0,5.35,12,True,MIR,estavel,0.0,5.3,2.43,0.454,1.0,5.277,0.782,valor_bom,0.644,12,0.8,36.6,61.9,favoravel,1.49,False,WATCH,0.345,1.14,0.9,0.864,-4.0
Esquivel,CAP,Lateral,Provável,7.33,-0.18,4.67,13,True,INT,estavel,0.0,4.7,2.59,0.555,1.0,4.86,0.684,valor_bom,0.663,7,0.4,39.7,57.9,neutro,3.39,False,TITULAR,0.877,0.8,1.382,1.583,4.0
Juninho Capixaba,RBB,Lateral,Provável,13.92,0.0,7.52,16,True,CFC,estavel,0.0,7.5,4.64,0.617,1.0,6.736,0.66,valor_bom,0.484,56,0.15,12.6,47.0,neutro,3.61,False,TITULAR,1.315,0.76,1.368,1.407,4.0
Ramon,VIT,Lateral,Provável,8.73,0.0,5.41,13,False,REM,estavel,0.0,5.4,3.33,0.616,1.0,5.318,0.635,valor_bom,0.609,21,0.775,-23.7,53.2,neutro,3.42,False,TITULAR,0.691,0.76,1.086,0.95,2.0
Cuiabano,VAS,Lateral,Provável,13.25,0.0,7.47,11,True,MIR,estavel,0.0,7.5,5.11,0.684,1.0,6.501,0.573,valor_bom,0.491,53,0.8,36.6,61.9,favoravel,1.78,False,WATCH,0.345,1.14,0.9,0.864,-4.0
Román Gómez,BAH,Lateral,Provável,8.77,1.02,5.43,4,True,COR,alta,0.0,7.4,4.68,0.862,0.5,5.255,0.557,valor_bom,0.3,77,0.575,16.3,53.0,neutro,5.03,False,WATCH,1.086,0.95,1.99,1.2,3.0
Renê,FLU,Lateral,Provável,9.88,0.0,5.9,11,False,GRE,estavel,0.0,5.9,4.45,0.754,1.0,5.592,0.543,valor_bom,0.566,32,0.35,-29.7,38.5,desfavoravel,3.44,False,TITULAR,0.786,0.95,1.086,1.368,2.0
Varela,FLA,Lateral,Provável,8.29,0.0,4.94,14,True,SAO,estavel,0.0,4.9,2.94,0.595,1.0,5.023,0.488,neutro,0.606,24,0.725,44.1,70.2,favoravel,2.68,False,WATCH,0.926,0.9,0.792,1.555,2.0
Natanael,CAM,Lateral,Provável,8.79,-0.54,5.07,12,False,PAL,baixa,0.0,4.2,3.74,0.738,1.0,5.109,0.402,neutro,0.581,30,0.175,-55.2,33.5,desfavoravel,4.82,False,TITULAR,0.991,0.633,1.036,0.814,2.0
Igor Formiga,MIR,Lateral,Provável,7.89,0.0,4.52,13,False,VAS,estavel,0.0,4.5,3.6,0.796,1.0,4.767,0.373,neutro,0.604,25,0.9,-36.6,58.1,neutro,2.83,False,TITULAR,0.9,0.864,0.345,1.14,1.0
Piquerez,PAL,Lateral,Provável,11.52,0.09,6.58,7,True,CAM,estavel,0.0,7.5,4.29,0.652,0.875,5.827,0.317,neutro,0.443,65,0.725,55.2,72.5,favoravel,3.2,True,TITULAR,1.036,0.814,0.991,0.633,14.0
Lucas Ramon,SAO,Lateral,Provável,10.75,0.32,5.82,13,False,FLA,estavel,0.0,5.0,4.74,0.814,1.0,5.571,0.267,neutro,0.518,49,0.0,-44.1,19.5,desfavoravel,5.14,False,TITULAR,0.792,1.555,0.926,0.9,-2.0
Matheus Bahia,INT,Lateral,Provável,7.66,1.25,4.13,11,False,CAP,alta,0.0,9.5,2.86,0.692,1.0,4.567,0.257,neutro,0.596,27,0.25,-39.7,31.3,desfavoravel,4.57,False,TITULAR,1.382,1.583,0.877,0.8,-3.0
Bruno Melo,CFC,Lateral,Provável,5.52,-0.1,3.63,17,False,RBB,estavel,0.0,0.5,2.1,0.579,1.0,3.555,0.168,neutro,0.644,12,0.175,-12.6,35.4,desfavoravel,4.64,False,TITULAR,1.368,1.407,1.315,0.76,-2.0
Luan Cândido,VIT,Lateral,Provável,6.49,0.0,4.45,9,False,REM,estavel,0.0,4.5,2.34,0.526,1.0,3.954,0.114,neutro,0.609,21,0.775,-23.7,53.2,neutro,4.04,False,TITULAR,0.691,0.76,1.086,0.95,2.0
Bruno Pacheco,CHA,Lateral,Provável,6.51,0.09,4.31,10,False,SAN,estavel,0.0,2.7,2.81,0.652,1.0,3.904,0.055,neutro,0.6,26,0.6,-49.3,36.1,desfavoravel,2.58,False,WATCH,0.671,1.169,1.126,1.103,-5.0
Jamerson,VIT,Lateral,Provável,6.14,0.0,4.17,6,False,REM,estavel,0.0,4.2,2.67,0.64,0.75,3.728,0.043,neutro,0.455,64,0.775,-23.7,53.2,neutro,4.01,False,TITULAR,0.691,0.76,1.086,0.95,2.0
Tinga,CFC,Lateral,Provável,5.43,-1.1,3.36,12,False,RBB,baixa,0.0,3.4,2.28,0.679,1.0,3.375,0.031,neutro,0.622,16,0.175,-12.6,35.4,desfavoravel,3.58,False,TITULAR,1.368,1.407,1.315,0.76,-2.0
Vitinho,BOT,Lateral,Provável,9.63,0.0,4.9,14,False,CRU,estavel,0.0,4.9,3.97,0.81,1.0,4.997,0.015,neutro,0.519,48,0.475,-16.6,48.1,neutro,5.34,False,TITULAR,0.806,0.594,1.169,0.655,2.0
Renan Lodi,CAM,Lateral,Provável,10.09,-1.13,5.12,18,False,PAL,baixa,0.0,3.4,3.9,0.762,1.0,5.135,0.015,neutro,0.509,52,0.175,-55.2,33.5,desfavoravel,6.35,False,TITULAR,0.991,0.633,1.036,0.814,2.0
Andrés Hurtado,RBB,Lateral,Provável,5.62,0.0,3.45,12,True,CFC,estavel,0.0,3.5,2.2,0.638,1.0,3.429,-0.01,neutro,0.61,19,0.15,12.6,47.0,neutro,2.56,False,WATCH,1.315,0.76,1.368,1.407,4.0
Wendell,SAO,Lateral,Provável,8.5,0.24,4.26,13,False,FLA,estavel,0.0,4.6,2.41,0.566,1.0,4.606,-0.01,neutro,0.542,41,0.0,-44.1,19.5,desfavoravel,4.28,False,TITULAR,0.792,1.555,0.926,0.9,-2.0
Caio Paulista,GRE,Lateral,Provável,5.62,0.0,3.43,7,True,FLU,estavel,0.0,3.4,2.57,0.749,0.875,3.412,-0.028,neutro,0.531,43,0.3,29.7,49.9,neutro,2.74,False,TITULAR,1.086,1.368,0.786,0.95,-2.0
Matheuzinho,COR,Lateral,Provável,11.25,1.05,5.5,14,False,BAH,alta,0.0,11.6,3.64,0.662,1.0,5.379,-0.067,neutro,0.478,59,0.475,-16.3,51.4,neutro,3.09,False,TITULAR,1.99,1.2,1.086,0.95,3.0
Guga,FLU,Lateral,Provável,6.01,0.0,3.27,11,False,GRE,estavel,0.0,3.3,1.82,0.557,1.0,3.323,-0.308,neutro,0.553,38,0.35,-29.7,38.5,desfavoravel,3.76,False,TITULAR,0.786,0.95,1.086,1.368,2.0
Mayk,REM,Lateral,Provável,5.92,-0.62,3.05,11,True,VIT,baixa,0.0,2.0,2.5,0.82,1.0,3.196,-0.394,neutro,0.54,42,0.85,23.7,68.7,neutro,4.2,False,TITULAR,1.086,0.95,0.691,0.76,-1.0
Alex Telles,BOT,Lateral,Provável,9.08,0.0,3.72,14,False,CRU,estavel,0.0,3.7,1.93,0.519,1.0,4.246,-0.573,armadilha_leve,0.468,63,0.475,-16.6,48.1,neutro,5.22,False,WATCH,0.806,0.594,1.169,0.655,2.0
Fagner,CRU,Lateral,Provável,7.08,1.8,3.3,13,True,BOT,alta,0.0,13.4,1.68,0.509,1.0,3.337,-0.765,armadilha_leve,0.471,62,0.1,16.6,49.9,neutro,2.53,False,WATCH,1.169,0.655,0.806,0.594,5.0
Marçal,BOT,Lateral,Provável,6.79,0.0,2.77,4,False,CRU,estavel,0.0,2.8,2.02,0.729,0.5,3.188,-0.795,armadilha_leve,0.235,82,0.475,-16.6,48.1,neutro,4.24,False,WATCH,0.806,0.594,1.169,0.655,2.0
Reinaldo,MIR,Lateral,Provável,7.76,0.0,2.2,13,False,VAS,estavel,0.0,2.2,1.58,0.718,1.0,3.33,-1.04,armadilha_leve,0.429,67,0.9,-36.6,58.1,neutro,2.52,False,WATCH,0.9,0.864,0.345,1.14,1.0
Huguinho,BOT,Meia,Provável,6.02,0.0,5.13,3,False,CRU,estavel,0.0,5.1,3.46,0.674,0.375,4.312,1.641,valor_oculto,0.269,142,0.6,-16.6,41.9,neutro,2.83,False,RESERVA_LUXO,0.806,0.594,1.169,0.655,2.0
Lorran,FLA,Meia,Provável,9.29,5.29,14.6,1,True,SAO,alta,0.0,14.6,9.6,0.658,0.125,5.182,1.463,valor_bom,0.07,175,0.325,44.1,60.1,favoravel,5.51,False,WATCH,0.926,0.9,0.792,1.555,2.0
David,CHA,Meia,Provável,1.13,-0.33,0.86,5,False,SAN,estavel,0.0,0.9,0.86,1.0,0.625,0.898,1.384,valor_bom,0.497,60,0.6,-49.3,30.1,desfavoravel,1.91,False,BANCO,0.671,1.169,1.126,1.103,-5.0
Acevedo,BAH,Meia,Provável,7.16,0.61,4.63,16,True,COR,alta,0.0,3.7,4.63,1.0,1.0,4.422,1.302,valor_bom,0.618,8,0.25,16.3,49.8,neutro,2.26,False,TITULAR,1.086,0.95,1.99,1.2,3.0
Zé Vitor,VIT,Meia,Provável,6.35,0.0,4.07,9,False,REM,estavel,0.0,4.1,3.51,0.862,1.0,4.04,1.183,valor_bom,0.636,4,0.75,-23.7,46.4,neutro,2.76,False,TITULAR,0.691,0.76,1.086,0.95,2.0
André,COR,Meia,Provável,6.86,-1.59,4.31,14,False,BAH,baixa,0.0,5.0,2.88,0.668,1.0,4.199,1.159,valor_bom,0.612,9,0.375,-16.3,65.2,neutro,2.67,False,TITULAR,1.99,1.2,1.086,0.95,3.0
Baralhas,VIT,Meia,Provável,9.16,0.0,5.37,13,False,REM,estavel,0.0,5.4,3.83,0.713,1.0,4.85,1.117,valor_bom,0.529,40,0.75,-23.7,46.4,neutro,2.3,False,TITULAR,0.691,0.76,1.086,0.95,2.0
Erick,BAH,Meia,Provável,6.04,-0.43,3.71,15,True,COR,estavel,0.0,1.5,3.04,0.819,1.0,3.813,1.054,valor_bom,0.631,6,0.25,16.3,49.8,neutro,2.81,False,TITULAR,1.086,0.95,1.99,1.2,3.0
Luiz Gustavo,CAP,Meia,Provável,5.98,-0.8,3.51,12,True,INT,baixa,0.0,0.9,2.68,0.764,1.0,3.708,0.958,valor_bom,0.62,7,0.45,39.7,64.1,favoravel,2.61,False,TITULAR,0.877,0.8,1.382,1.583,4.0
Barros,VAS,Meia,Provável,8.85,0.0,4.96,15,True,MIR,estavel,0.0,5.0,3.96,0.798,1.0,4.628,0.956,valor_bom,0.523,45,0.65,36.6,41.2,neutro,2.72,False,TITULAR,0.345,1.14,0.9,0.864,-4.0
Hércules,FLU,Meia,Provável,6.85,0.0,4.01,16,False,GRE,estavel,0.0,4.0,3.07,0.766,1.0,4.008,0.942,valor_bom,0.585,17,0.75,-29.7,51.1,neutro,1.8,False,WATCH,0.786,0.95,1.086,1.368,2.0
Savarino,FLU,Meia,Provável,9.0,0.0,5.0,15,False,GRE,estavel,0.0,5.0,3.33,0.666,1.0,4.654,0.939,valor_bom,0.517,52,0.75,-29.7,51.1,neutro,1.75,False,WATCH,0.786,0.95,1.086,1.368,2.0
Lucho Acosta,FLU,Meia,Provável,11.02,0.0,5.76,14,False,GRE,estavel,0.0,5.8,3.26,0.566,1.0,5.122,0.911,valor_bom,0.465,76,0.75,-29.7,51.1,neutro,1.72,False,WATCH,0.786,0.95,1.086,1.368,2.0
Thiago Mendes,VAS,Meia,Provável,7.83,0.0,4.39,16,True,MIR,estavel,0.0,4.4,2.83,0.645,1.0,4.262,0.871,valor_bom,0.544,33,0.65,36.6,41.2,neutro,1.86,False,WATCH,0.345,1.14,0.9,0.864,-4.0
Josué,CFC,Meia,Provável,7.14,1.72,4.05,18,False,RBB,alta,0.0,12.3,1.55,0.383,1.0,4.036,0.861,valor_bom,0.565,24,0.375,-12.6,45.1,neutro,3.99,False,WATCH,1.368,1.407,1.315,0.76,-2.0
Victor Hugo,CAM,Meia,Provável,6.36,-0.24,3.59,16,False,PAL,estavel,0.0,0.5,2.34,0.652,1.0,3.728,0.817,valor_bom,0.586,15,0.15,-55.2,25.7,desfavoravel,2.06,False,WATCH,0.991,0.633,1.036,0.814,2.0
Adson,VAS,Meia,Provável,6.45,0.0,3.51,8,True,MIR,estavel,0.0,3.5,3.51,1.0,1.0,3.758,0.814,valor_bom,0.583,18,0.65,36.6,41.2,neutro,2.68,False,TITULAR,0.345,1.14,0.9,0.864,-4.0
Maycon,CAM,Meia,Provável,5.77,-0.33,3.08,11,False,PAL,estavel,0.0,1.5,2.17,0.705,1.0,3.47,0.777,valor_bom,0.601,10,0.15,-55.2,25.7,desfavoravel,3.27,False,TITULAR,0.991,0.633,1.036,0.814,2.0
Gabriel Bontempo,SAN,Meia,Provável,4.71,0.0,3.54,15,True,CHA,estavel,0.0,3.5,2.87,0.811,1.0,3.004,0.765,valor_bom,0.638,3,0.7,49.3,68.2,favoravel,2.33,False,TITULAR,1.126,1.103,0.671,1.169,-1.0
Bruno Gomes,INT,Meia,Provável,6.24,-0.59,3.46,19,False,CAP,baixa,0.0,0.1,3.46,1.0,1.0,3.622,0.745,valor_bom,0.58,19,0.1,-39.7,28.3,desfavoravel,4.42,False,TITULAR,1.382,1.583,0.877,0.8,-3.0
Raniele,COR,Meia,Provável,7.72,0.0,4.17,15,False,BAH,estavel,0.0,4.2,3.84,0.921,1.0,4.113,0.737,valor_bom,0.533,38,0.375,-16.3,65.2,neutro,2.66,False,TITULAR,1.99,1.2,1.086,0.95,3.0
Bernard,CAM,Meia,Provável,5.77,0.48,3.1,16,False,PAL,estavel,0.0,9.7,1.85,0.597,1.0,3.402,0.698,valor_bom,0.59,13,0.15,-55.2,25.7,desfavoravel,4.05,False,TITULAR,0.991,0.633,1.036,0.814,2.0
Medina,BOT,Meia,Provável,7.74,0.0,4.13,10,False,CRU,estavel,0.0,4.1,3.63,0.879,1.0,4.075,0.686,valor_bom,0.526,43,0.6,-16.6,41.9,neutro,2.82,False,TITULAR,0.806,0.594,1.169,0.655,2.0
Vitor Bueno,REM,Meia,Provável,7.1,-0.16,3.78,12,True,VIT,estavel,0.0,1.2,2.11,0.558,1.0,3.87,0.684,valor_bom,0.545,31,1.0,23.7,68.8,favoravel,2.61,False,TITULAR,1.086,0.95,0.691,0.76,-1.0
Arias,PAL,Meia,Provável,14.1,0.33,6.41,14,True,CAM,estavel,0.0,5.4,5.34,0.833,1.0,5.536,0.683,valor_bom,0.393,114,0.175,55.2,49.4,neutro,3.18,False,TITULAR,1.036,0.814,0.991,0.633,14.0
Garro,COR,Meia,Provável,10.78,0.0,5.27,17,False,BAH,estavel,0.0,5.3,3.21,0.609,1.0,4.865,0.676,valor_bom,0.451,83,0.375,-16.3,65.2,neutro,2.74,False,TITULAR,1.99,1.2,1.086,0.95,3.0
José Welison,REM,Meia,Provável,3.68,-0.75,2.51,16,True,VIT,baixa,0.0,3.1,2.51,1.0,1.0,2.34,0.613,valor_bom,0.636,4,1.0,23.7,68.8,favoravel,3.11,False,TITULAR,1.086,0.95,0.691,0.76,-1.0
Neymar,SAN,Meia,Provável,18.96,0.0,8.42,8,True,CHA,estavel,0.0,8.4,5.29,0.628,1.0,6.213,0.602,valor_bom,0.328,132,0.7,49.3,68.2,favoravel,2.81,True,TITULAR,1.126,1.103,0.671,1.169,-1.0
Bobadilla,SAO,Meia,Provável,8.22,-0.93,4.12,15,False,FLA,baixa,0.0,1.2,3.45,0.837,1.0,4.08,0.526,valor_bom,0.496,61,0.25,-44.1,20.6,desfavoravel,3.0,False,TITULAR,0.792,1.555,0.926,0.9,-2.0
Lucas Romero,CRU,Meia,Provável,8.33,0.0,4.09,12,True,BOT,estavel,0.0,4.1,2.42,0.592,1.0,4.056,0.461,neutro,0.487,66,0.85,16.6,66.6,favoravel,2.66,False,TITULAR,1.169,0.655,0.806,0.594,5.0
Patrick,REM,Meia,Provável,5.61,-0.38,3.66,16,True,VIT,estavel,0.0,5.5,3.66,1.0,1.0,3.106,0.429,neutro,0.554,26,1.0,23.7,68.8,favoravel,2.41,False,TITULAR,1.086,0.95,0.691,0.76,-1.0
Vini Paulista,CFC,Meia,Provável,3.97,0.17,2.42,19,False,RBB,estavel,0.0,2.7,2.42,1.0,1.0,2.295,0.374,neutro,0.578,20,0.375,-12.6,45.1,neutro,2.66,False,TITULAR,1.368,1.407,1.315,0.76,-2.0
Willian Arão,SAN,Meia,Provável,6.08,0.0,2.7,12,True,CHA,estavel,0.0,2.7,2.7,1.0,1.0,3.222,0.35,neutro,0.53,39,0.7,49.3,68.2,favoravel,2.56,False,TITULAR,1.126,1.103,0.671,1.169,-1.0
Gabriel,RBB,Meia,Provável,5.17,0.0,3.17,16,True,CFC,estavel,0.0,3.2,2.54,0.801,1.0,2.78,0.265,neutro,0.538,36,0.6,12.6,69.3,favoravel,2.53,False,TITULAR,1.315,0.76,1.368,1.407,4.0
Jadson,CAP,Meia,Provável,4.37,-0.58,2.63,12,True,INT,baixa,0.0,2.6,2.21,0.84,1.0,2.378,0.23,neutro,0.544,33,0.45,39.7,64.1,favoravel,2.3,False,TITULAR,0.877,0.8,1.382,1.583,4.0
Jorginho,FLA,Meia,Provável,9.27,-0.75,4.15,12,True,SAO,baixa,0.0,2.5,3.32,0.8,1.0,4.092,0.205,neutro,0.441,91,0.325,44.1,60.1,favoravel,2.69,False,TITULAR,0.926,0.9,0.792,1.555,2.0
Camilo,CHA,Meia,Provável,5.39,-0.23,3.22,15,False,SAN,estavel,0.0,4.5,3.22,1.0,1.0,2.795,0.173,neutro,0.519,49,0.6,-49.3,30.1,desfavoravel,2.22,False,WATCH,0.671,1.169,1.126,1.103,-5.0
Andreas Pereira,PAL,Meia,Provável,12.53,-0.25,5.15,18,True,CAM,estavel,0.0,3.0,2.37,0.46,1.0,4.798,0.168,neutro,0.383,119,0.175,55.2,49.4,neutro,2.96,False,WATCH,1.036,0.814,0.991,0.633,14.0
Marlon Freitas,PAL,Meia,Provável,6.63,0.61,2.92,18,True,CAM,alta,0.0,6.4,2.09,0.716,1.0,3.254,0.155,neutro,0.491,64,0.175,55.2,49.4,neutro,2.51,False,TITULAR,1.036,0.814,0.991,0.633,14.0
Breno Bidon,COR,Meia,Provável,9.54,0.36,4.17,17,False,BAH,estavel,0.0,7.0,3.29,0.789,1.0,4.117,0.153,neutro,0.432,97,0.375,-16.3,65.2,neutro,2.66,False,TITULAR,1.99,1.2,1.086,0.95,3.0
Aldo Filho,MIR,Meia,Provável,4.17,0.0,2.26,14,False,VAS,estavel,0.0,2.3,1.9,0.841,1.0,2.165,0.1,neutro,0.519,49,0.85,-36.6,53.6,neutro,2.72,False,TITULAR,0.9,0.864,0.345,1.14,1.0
Danielzinho,SAO,Meia,Provável,6.49,0.15,2.73,17,False,FLA,estavel,0.0,1.5,2.14,0.784,1.0,3.138,0.078,neutro,0.484,67,0.25,-44.1,20.6,desfavoravel,2.72,False,TITULAR,0.792,1.555,0.926,0.9,-2.0
Rodrigo Nestor,BAH,Meia,Provável,6.33,1.83,2.34,11,True,COR,alta,0.0,14.1,1.89,0.808,1.0,3.041,0.033,neutro,0.48,70,0.25,16.3,49.8,neutro,5.17,False,TITULAR,1.086,0.95,1.99,1.2,3.0
Denilson,MIR,Meia,Provável,5.21,0.0,3.04,10,False,VAS,estavel,0.0,3.0,2.54,0.836,1.0,2.577,0.009,neutro,0.495,62,0.85,-36.6,53.6,neutro,2.31,False,TITULAR,0.9,0.864,0.345,1.14,1.0
Barreal,SAN,Meia,Provável,11.27,0.0,4.55,14,True,CHA,estavel,0.0,4.5,3.48,0.765,1.0,4.352,-0.046,neutro,0.386,117,0.7,49.3,68.2,neutro,2.66,False,TITULAR,1.126,1.103,0.671,1.169,-1.0
Caíque,VIT,Meia,Provável,4.29,0.0,2.1,14,False,REM,estavel,0.0,2.1,2.1,1.0,1.0,2.063,-0.089,neutro,0.481,69,0.75,-23.7,46.4,neutro,2.37,False,TITULAR,0.691,0.76,1.086,0.95,2.0
Montoro,BOT,Meia,Provável,7.1,0.0,2.73,14,False,CRU,estavel,0.0,2.7,1.66,0.608,1.0,3.194,-0.1,neutro,0.45,85,0.6,-16.6,41.9,neutro,3.28,False,TITULAR,0.806,0.594,1.169,0.655,2.0
Bruno Henrique,INT,Meia,Provável,4.16,-0.36,1.93,16,False,CAP,estavel,0.0,2.3,1.62,0.839,1.0,1.953,-0.139,neutro,0.469,74,0.1,-39.7,28.3,desfavoravel,2.75,False,TITULAR,1.382,1.583,0.877,0.8,-3.0
Erick Pulgar,FLA,Meia,Provável,6.05,0.21,1.49,8,True,SAO,estavel,0.0,2.5,1.49,1.0,1.0,2.748,-0.186,neutro,0.454,82,0.325,44.1,60.1,neutro,1.52,False,WATCH,0.926,0.9,0.792,1.555,2.0
Nardoni,GRE,Meia,Provável,6.42,0.0,2.04,11,True,FLU,estavel,0.0,2.0,1.59,0.779,1.0,2.867,-0.207,neutro,0.447,87,0.45,29.7,51.2,neutro,2.41,False,TITULAR,1.086,1.368,0.786,0.95,-2.0
Giovanni Augusto,CHA,Meia,Provável,3.87,0.43,1.49,11,False,SAN,estavel,0.0,4.4,1.49,1.0,1.0,1.704,-0.249,neutro,0.44,92,0.6,-49.3,30.1,desfavoravel,1.67,False,WATCH,0.671,1.169,1.126,1.103,-5.0
Eric Ramires,RBB,Meia,Provável,2.32,0.0,0.47,11,True,CFC,estavel,0.0,0.5,0.47,1.0,1.0,0.66,-0.27,neutro,0.284,139,0.6,12.6,69.3,neutro,2.38,False,TITULAR,1.315,0.76,1.368,1.407,4.0
Yago Pikachu,REM,Meia,Provável,5.18,-0.07,2.42,18,True,VIT,estavel,0.0,2.0,1.59,0.657,1.0,2.29,-0.309,neutro,0.442,90,1.0,23.7,68.8,neutro,2.85,False,TITULAR,1.086,0.95,0.691,0.76,-1.0
Johan Rojas,VAS,Meia,Provável,4.09,0.0,1.63,15,True,MIR,estavel,0.0,1.6,1.3,0.798,1.0,1.758,-0.323,neutro,0.43,98,0.65,36.6,41.2,neutro,1.78,False,WATCH,0.345,1.14,0.9,0.864,-4.0
Rollheiser,SAN,Meia,Provável,5.6,0.0,2.71,13,True,CHA,estavel,0.0,2.7,1.56,0.576,1.0,2.439,-0.34,neutro,0.436,95,0.7,49.3,68.2,neutro,4.83,False,TITULAR,1.126,1.103,0.671,1.169,-1.0
Nuno Moreira,VAS,Meia,Provável,5.37,0.0,2.3,15,True,MIR,estavel,0.0,2.3,1.63,0.709,1.0,2.195,-0.513,armadilha_leve,0.409,109,0.65,36.6,41.2,neutro,1.76,False,WATCH,0.345,1.14,0.9,0.864,-4.0
Villagra,INT,Meia,Provável,5.01,-0.17,1.94,14,False,CAP,estavel,0.0,0.1,1.94,1.0,1.0,1.961,-0.604,armadilha_leve,0.391,115,0.1,-39.7,28.3,desfavoravel,2.8,False,WATCH,1.382,1.583,0.877,0.8,-3.0
Lucas Evangelista,PAL,Meia,Provável,4.09,-0.24,1.22,17,True,CAM,estavel,0.0,1.2,0.93,0.762,1.0,1.469,-0.658,armadilha_leve,0.359,127,0.175,55.2,49.4,neutro,1.99,False,WATCH,1.036,0.814,0.991,0.633,14.0
Matheus Henrique,CRU,Meia,Provável,5.6,0.4,2.04,18,True,BOT,estavel,0.0,6.0,2.04,1.0,1.0,2.027,-0.818,armadilha_leve,0.362,126,0.85,16.6,66.6,neutro,2.43,False,WATCH,1.169,0.655,0.806,0.594,5.0
Martinelli,FLU,Meia,Provável,5.53,0.0,1.95,12,False,GRE,estavel,0.0,1.9,1.53,0.785,1.0,1.97,-0.851,armadilha_leve,0.356,129,0.75,-29.7,51.1,neutro,2.16,False,WATCH,0.786,0.95,1.086,1.368,2.0
Lucas Silva,CRU,Meia,Provável,3.22,-0.4,0.19,14,True,BOT,estavel,0.0,0.2,0.19,1.0,1.0,0.456,-1.252,armadilha_leve,0.142,161,0.85,16.6,66.6,neutro,2.27,False,WATCH,1.169,0.655,0.806,0.594,5.0
Leonardo Jardim,FLA,Técnico,Provável,14.01,0.25,7.37,15,True,SAO,estavel,0.0,11.0,7.37,1.0,1.0,6.885,0.53,valor_bom,0.491,17,0.325,44.1,60.1,favoravel,3.45,True,TITULAR,0.926,0.9,0.792,1.555,2.0
Fernando Seabra,CFC,Técnico,Provável,7.88,0.25,5.18,19,False,RBB,estavel,0.0,4.5,5.18,1.0,1.0,5.116,0.451,neutro,0.649,1,0.375,-12.6,45.4,neutro,4.25,False,TITULAR,1.368,1.407,1.315,0.76,-2.0
Abel Ferreira,PAL,Técnico,Provável,12.27,0.05,6.57,19,True,CAM,estavel,0.0,7.7,6.57,1.0,1.0,6.393,0.449,neutro,0.521,14,0.175,55.2,49.6,neutro,3.42,False,TITULAR,1.036,0.814,0.991,0.633,14.0
Vagner Mancini,RBB,Técnico,Provável,8.78,0.0,5.58,18,True,CFC,estavel,0.0,5.6,5.58,1.0,1.0,5.391,0.425,neutro,0.614,4,0.6,12.6,69.2,favoravel,2.72,False,WATCH,1.315,0.76,1.368,1.407,4.0
Jair Ventura,VIT,Técnico,Provável,8.87,0.0,5.46,16,False,REM,estavel,0.0,5.5,5.46,1.0,1.0,5.357,0.373,neutro,0.604,6,0.75,-23.7,46.6,neutro,3.12,False,TITULAR,0.691,0.76,1.086,0.95,2.0
Odair Hellmann,CAP,Técnico,Provável,8.86,-0.42,5.5,17,True,INT,estavel,0.0,6.1,5.5,1.0,1.0,5.329,0.353,neutro,0.601,7,0.45,39.7,64.1,favoravel,3.08,True,TITULAR,0.877,0.8,1.382,1.583,4.0
Paulo Pezzolano,INT,Técnico,Provável,7.56,0.09,4.84,19,False,CAP,estavel,0.0,3.6,4.84,1.0,1.0,4.877,0.352,neutro,0.645,2,0.1,-39.7,28.8,desfavoravel,4.51,False,TITULAR,1.382,1.583,0.877,0.8,-3.0
Cuca,SAN,Técnico,Provável,10.35,0.0,5.62,11,True,CHA,estavel,0.0,5.6,5.62,1.0,1.0,5.769,0.346,neutro,0.557,9,0.7,49.3,68.1,favoravel,2.81,False,WATCH,1.126,1.103,0.671,1.169,-1.0
Artur Jorge,CRU,Técnico,Provável,12.2,0.33,6.44,11,True,BOT,estavel,0.0,7.7,6.44,1.0,1.0,6.244,0.34,neutro,0.512,15,0.85,16.6,66.6,favoravel,2.27,False,WATCH,1.169,0.655,0.806,0.594,5.0
Fernando Diniz,COR,Técnico,Provável,9.89,0.63,5.81,12,False,BAH,alta,0.0,10.5,5.81,1.0,1.0,5.547,0.272,neutro,0.561,8,0.375,-16.3,65.2,neutro,2.82,False,WATCH,1.99,1.2,1.086,0.95,3.0
Rogério Ceni,BAH,Técnico,Provável,10.53,-0.22,5.48,18,True,COR,estavel,0.0,4.8,5.48,1.0,1.0,5.632,0.192,neutro,0.535,12,0.25,16.3,50.0,neutro,2.18,False,WATCH,1.086,0.95,1.99,1.2,3.0
Léo Condé,REM,Técnico,Provável,7.63,-0.92,4.53,15,True,VIT,baixa,0.0,2.3,4.53,1.0,1.0,4.681,0.17,neutro,0.613,5,1.0,23.7,68.7,favoravel,3.04,True,TITULAR,1.086,0.95,0.691,0.76,-1.0
Rafael Lacerda,CHA,Técnico,Provável,7.99,0.68,3.52,1,False,SAN,alta,0.0,3.5,3.52,1.0,0.125,4.804,0.164,neutro,0.075,19,0.6,-49.3,30.5,desfavoravel,4.26,False,WATCH,0.671,1.169,1.126,1.103,-5.0
Luis Zubeldía,FLU,Técnico,Provável,10.0,0.0,5.56,18,False,GRE,estavel,0.0,5.6,5.56,1.0,1.0,5.434,0.153,neutro,0.543,10,0.75,-29.7,51.2,neutro,2.55,False,WATCH,0.786,0.95,1.086,1.368,2.0
Eduardo Domínguez,CAM,Técnico,Provável,10.29,-0.74,5.27,15,False,PAL,baixa,0.0,3.9,5.27,1.0,1.0,5.515,0.151,neutro,0.536,11,0.15,-55.2,26.2,desfavoravel,4.83,False,TITULAR,0.991,0.633,1.036,0.814,2.0
Rafael Guanaes,MIR,Técnico,Provável,7.04,0.0,4.16,16,False,VAS,estavel,0.0,4.2,4.16,1.0,1.0,4.428,0.147,neutro,0.629,3,0.85,-36.6,53.7,neutro,2.56,False,BANCO,0.9,0.864,0.345,1.14,1.0
Franclim Carvalho,BOT,Técnico,Provável,11.21,0.0,5.07,8,False,CRU,estavel,0.0,5.1,5.07,1.0,1.0,5.522,-0.047,neutro,0.493,16,0.6,-16.6,42.1,neutro,4.77,False,TITULAR,0.806,0.594,1.169,0.655,2.0
Luís Castro,GRE,Técnico,Provável,9.22,0.0,4.76,18,True,FLU,estavel,0.0,4.8,4.76,1.0,1.0,4.881,-0.108,neutro,0.529,13,0.45,29.7,51.4,neutro,2.95,False,WATCH,1.086,1.368,0.786,0.95,-2.0
Dorival Júnior,SAO,Técnico,Provável,9.6,0.24,4.17,12,False,FLA,estavel,0.0,4.2,4.17,1.0,1.0,4.563,-0.464,neutro,0.475,18,0.25,-44.1,21.1,desfavoravel,2.92,False,WATCH,0.792,1.555,0.926,0.9,-2.0
Jacy,CFC,Zagueiro,Provável,5.73,0.29,4.07,16,False,RBB,estavel,0.0,4.9,3.13,0.769,1.0,3.964,1.317,valor_bom,0.692,1,0.175,-12.6,34.8,desfavoravel,4.85,False,TITULAR,1.368,1.407,1.315,0.76,-2.0
Jonathan Jesus,CRU,Zagueiro,Provável,6.18,-0.56,4.18,11,True,BOT,baixa,0.0,2.6,3.63,0.868,1.0,3.999,1.175,valor_bom,0.647,4,0.1,16.6,49.8,neutro,3.57,False,TITULAR,1.169,0.655,0.806,0.594,5.0
Gustavo Marques,RBB,Zagueiro,Provável,6.8,0.0,4.33,16,True,CFC,estavel,0.0,4.3,3.21,0.741,1.0,4.137,1.092,valor_bom,0.608,9,0.15,12.6,46.8,neutro,2.78,False,TITULAR,1.315,0.76,1.368,1.407,4.0
Mercado,INT,Zagueiro,Provável,6.22,0.57,3.83,12,False,CAP,alta,0.0,3.0,2.58,0.674,1.0,3.798,0.944,valor_bom,0.611,7,0.25,-39.7,30.6,desfavoravel,3.99,False,TITULAR,1.382,1.583,0.877,0.8,-3.0
David Duarte,BAH,Zagueiro,Provável,6.11,-0.9,3.69,12,True,COR,baixa,0.0,4.2,2.44,0.661,1.0,3.714,0.897,valor_bom,0.608,9,0.575,16.3,53.0,neutro,1.72,False,WATCH,1.086,0.95,1.99,1.2,3.0
Thiago Santos,CFC,Zagueiro,Provável,4.29,-0.06,3.15,12,False,RBB,estavel,0.0,2.6,2.15,0.683,1.0,2.908,0.857,valor_bom,0.678,2,0.175,-12.6,34.8,desfavoravel,1.95,False,WATCH,1.368,1.407,1.315,0.76,-2.0
Félix Torres,INT,Zagueiro,Provável,4.71,-0.87,3.45,13,False,CAP,baixa,0.0,3.7,2.3,0.667,1.0,3.105,0.855,valor_bom,0.659,3,0.25,-39.7,30.6,desfavoravel,4.23,False,TITULAR,1.382,1.583,0.877,0.8,-3.0
Aguirre,CAP,Zagueiro,Provável,5.86,-0.71,3.47,14,True,INT,baixa,0.0,4.2,2.61,0.752,1.0,3.572,0.845,valor_bom,0.61,8,0.4,39.7,58.0,neutro,4.12,False,TITULAR,0.877,0.8,1.382,1.583,4.0
Osorio,SAO,Zagueiro,Provável,2.36,1.63,1.93,3,False,FLA,alta,0.0,6.2,1.93,1.0,0.375,1.643,0.764,valor_bom,0.261,65,0.0,-44.1,18.4,desfavoravel,1.32,False,WATCH,0.792,1.555,0.926,0.9,-2.0
Tiago Cóser,CFC,Zagueiro,Provável,3.1,-0.18,2.23,16,False,RBB,estavel,0.0,0.2,0.92,0.413,1.0,1.998,0.591,valor_bom,0.645,5,0.175,-12.6,34.8,desfavoravel,1.58,False,WATCH,1.368,1.407,1.315,0.76,-2.0
Gustavo Martins,GRE,Zagueiro,Provável,6.29,0.0,3.25,11,True,FLU,estavel,0.0,3.2,1.52,0.468,1.0,3.461,0.557,valor_bom,0.55,17,0.3,29.7,49.8,neutro,2.57,False,WATCH,1.086,1.368,0.786,0.95,-2.0
Justino,BOT,Zagueiro,Provável,2.32,0.0,1.25,6,False,CRU,estavel,0.0,1.2,1.25,1.0,0.75,1.413,0.552,valor_bom,0.457,41,0.475,-16.6,48.0,neutro,3.76,False,TITULAR,0.806,0.594,1.169,0.655,2.0
Gabriel Paulista,COR,Zagueiro,Provável,9.6,0.3,4.79,14,False,BAH,estavel,0.0,5.2,3.08,0.643,1.0,4.412,0.534,valor_bom,0.46,40,0.475,-16.3,51.4,neutro,2.83,False,TITULAR,1.99,1.2,1.086,0.95,3.0
Cacá,VIT,Zagueiro,Provável,6.06,0.0,3.09,12,False,REM,estavel,0.0,3.1,1.34,0.434,1.0,3.354,0.532,valor_bom,0.553,16,0.775,-23.7,53.2,neutro,4.1,False,WATCH,0.691,0.76,1.086,0.95,2.0
Murilo,PAL,Zagueiro,Provável,6.58,-0.6,3.37,16,True,CAM,baixa,0.0,1.2,1.75,0.519,1.0,3.497,0.487,neutro,0.531,25,0.725,55.2,73.1,favoravel,2.59,False,TITULAR,1.036,0.814,0.991,0.633,14.0
Ruan,CAM,Zagueiro,Provável,6.2,1.41,3.1,16,False,PAL,alta,0.0,9.5,1.98,0.639,1.0,3.317,0.437,neutro,0.535,24,0.175,-55.2,32.8,desfavoravel,4.22,False,TITULAR,0.991,0.633,1.036,0.814,2.0
Terán,CAP,Zagueiro,Provável,5.37,-0.51,3.32,11,True,INT,baixa,0.0,1.5,2.5,0.753,1.0,2.994,0.432,neutro,0.558,14,0.4,39.7,58.0,neutro,2.48,False,TITULAR,0.877,0.8,1.382,1.583,4.0
Gustavo Gómez,PAL,Zagueiro,Provável,10.14,-0.72,4.7,17,True,CAM,baixa,0.0,2.7,2.29,0.487,1.0,4.396,0.379,neutro,0.434,49,0.725,55.2,73.1,favoravel,2.61,True,WATCH,1.036,0.814,0.991,0.633,14.0
Bruno Fuchs,PAL,Zagueiro,Provável,8.5,0.0,4.21,7,True,CAM,estavel,0.0,4.2,2.5,0.594,0.875,3.965,0.36,neutro,0.408,55,0.725,55.2,73.1,favoravel,2.95,False,TITULAR,1.036,0.814,0.991,0.633,14.0
Eduardo Doma,CHA,Zagueiro,Provável,4.44,0.5,2.45,16,False,SAN,estavel,0.0,4.3,1.89,0.771,1.0,2.482,0.323,neutro,0.559,13,0.6,-49.3,35.5,desfavoravel,2.27,False,WATCH,0.671,1.169,1.126,1.103,-5.0
Lucas Veríssimo,SAN,Zagueiro,Provável,8.84,0.0,4.2,11,True,CHA,estavel,0.0,4.2,3.11,0.74,1.0,4.011,0.312,neutro,0.454,42,0.95,49.3,76.8,favoravel,3.59,False,TITULAR,1.126,1.103,0.671,1.169,-1.0
Alix Vinicius,RBB,Zagueiro,Provável,5.18,0.0,2.9,15,True,CFC,estavel,0.0,2.9,1.7,0.586,1.0,2.776,0.283,neutro,0.536,23,0.15,12.6,46.8,neutro,2.35,False,WATCH,1.315,0.76,1.368,1.407,4.0
Freytes,FLU,Zagueiro,Provável,4.63,0.0,2.5,15,False,GRE,estavel,0.0,2.5,1.9,0.76,1.0,2.516,0.264,neutro,0.543,19,0.35,-29.7,38.0,desfavoravel,3.53,False,TITULAR,0.786,0.95,1.086,1.368,2.0
Luan Peres,SAN,Zagueiro,Provável,4.07,0.0,1.99,14,True,CHA,estavel,0.0,2.0,1.35,0.678,1.0,2.192,0.208,neutro,0.539,20,0.95,49.3,76.8,favoravel,2.6,False,TITULAR,1.126,1.103,0.671,1.169,-1.0
Léo Pereira,FLA,Zagueiro,Provável,9.46,0.15,4.23,14,True,SAO,estavel,0.0,5.0,2.3,0.544,1.0,4.056,0.19,neutro,0.429,51,0.725,44.1,70.8,favoravel,2.62,True,TITULAR,0.926,0.9,0.792,1.555,2.0
Lyanco,CAM,Zagueiro,Provável,7.9,-1.6,3.32,8,False,PAL,baixa,0.0,3.3,2.19,0.66,1.0,3.535,0.081,neutro,0.447,44,0.175,-55.2,32.8,desfavoravel,2.37,False,WATCH,0.991,0.633,1.036,0.814,2.0
Arboleda,SAO,Zagueiro,Provável,9.21,0.26,4.05,7,False,FLA,estavel,0.0,4.5,3.19,0.788,0.875,3.89,0.08,neutro,0.37,59,0.0,-44.1,18.4,desfavoravel,2.86,False,TITULAR,0.792,1.555,0.926,0.9,-2.0
Gustavo Henrique,COR,Zagueiro,Provável,8.81,0.8,3.74,15,False,BAH,alta,0.0,6.2,2.54,0.679,1.0,3.744,0.034,neutro,0.425,52,0.475,-16.3,51.4,neutro,2.65,False,TITULAR,1.99,1.2,1.086,0.95,3.0
Maripán,INT,Zagueiro,Provável,4.8,-0.2,0.7,1,False,CAP,estavel,0.0,0.7,0.7,1.0,0.125,2.34,-0.007,neutro,0.061,84,0.25,-39.7,30.6,desfavoravel,2.3,False,WATCH,1.382,1.583,0.877,0.8,-3.0
João Victor,MIR,Zagueiro,Provável,4.48,0.0,2.0,16,False,VAS,estavel,0.0,2.0,1.5,0.75,1.0,2.182,-0.018,neutro,0.487,34,0.9,-36.6,58.2,neutro,2.52,False,TITULAR,0.9,0.864,0.345,1.14,1.0
Robert Renan,VAS,Zagueiro,Provável,4.65,0.0,2.06,18,True,MIR,estavel,0.0,2.1,1.56,0.757,1.0,2.209,-0.075,neutro,0.475,37,0.8,36.6,62.2,neutro,2.49,False,TITULAR,0.345,1.14,0.9,0.864,-4.0
Rafael Thyere,CHA,Zagueiro,Provável,2.75,-0.45,-0.1,3,False,SAN,estavel,0.0,0.0,0.0,0.0,0.375,1.089,-0.134,neutro,0.148,75,0.6,-49.3,35.5,desfavoravel,1.49,False,WATCH,0.671,1.169,1.126,1.103,-5.0
Carlos Cuesta,VAS,Zagueiro,Provável,5.11,0.0,1.88,8,True,MIR,estavel,0.0,1.9,0.88,0.468,1.0,2.212,-0.289,neutro,0.433,50,0.8,36.6,62.2,neutro,2.59,False,WATCH,0.345,1.14,0.9,0.864,-4.0
Zé Ivaldo,REM,Zagueiro,Provável,5.58,-0.17,1.98,5,True,VIT,estavel,0.0,2.3,1.98,1.0,0.625,2.327,-0.372,neutro,0.261,65,0.85,23.7,69.2,neutro,3.0,False,TITULAR,1.086,0.95,0.691,0.76,-1.0
Fabrício Bruno,CRU,Zagueiro,Provável,6.39,0.47,2.12,18,True,BOT,estavel,0.0,2.7,1.62,0.764,1.0,2.622,-0.379,neutro,0.41,54,0.1,16.6,49.8,neutro,2.33,False,WATCH,1.169,0.655,0.806,0.594,5.0
Matheus Felipe,REM,Zagueiro,Provável,3.0,0.0,0.0,0,True,VIT,estavel,0.0,0.0,0.0,0.0,0.0,0.0,-1.479,armadilha_leve,0.0,86,0.85,23.7,69.2,neutro,1.89,False,WATCH,1.086,0.95,0.691,0.76,-1.0
