atleta_id,nome,clube_id,clube,posicao_id,posicao,status_id,preco,variacao,media,jogos,pontos_rodada,scout_A,scout_CA,scout_DS,scout_FC,scout_FD,scout_FF,scout_FS,scout_SG,scout_FT,scout_I,scout_PC,scout_DE,scout_GS,scout_G,scout_PP,scout_PS,scout_CV,scout_V,scout_DP,scout_GC,mandante,adversario,tendencia,custo_beneficio,cb_rank,armadilha,status_label
112709,Kaiki Bruno,283,CRU,2,Lateral,2,11.15,0.32,5.23,8,7.5,2.0,1.0,15.0,11.0,1.0,3.0,10.0,1.0,,,,,,,,,,,,,True,VIT,estavel,0.469,58,False,Dúvida
99552,Rossi,262,FLA,1,Goleiro,7,8.1,-1.13,4.6,6,0.3,,,,,,,2.0,3.0,,,,12.0,4.0,,,,,,,,False,RBB,baixa,0.568,8,False,Provável
89837,Lucho Acosta,266,FLU,4,Meia,7,12.77,-1.19,8.53,8,3.5,3.0,2.0,12.0,9.0,4.0,7.0,11.0,,,,,,,3.0,,,,,,,True,COR,baixa,0.668,21,False,Provável
130843,Arthur Dias,293,CAP,3,Zagueiro,7,6.28,1.29,3.87,6,8.0,,2.0,10.0,4.0,,,3.0,2.0,,1.0,,,,,,,,,,,False,BAH,alta,0.616,19,False,Provável
80287,Luciano,276,SAO,5,Atacante,7,14.97,-0.12,5.72,7,3.9,1.0,2.0,6.0,7.0,4.0,7.0,14.0,,,3.0,,,,2.0,1.0,1.0,,,,,False,INT,estavel,0.382,80,False,Provável
51413,Walter,2305,MIR,1,Goleiro,7,6.14,0.58,3.43,6,5.5,,,,,,,,,,,,22.0,8.0,,,,,,,,False,BOT,alta,0.559,10,False,Provável
39148,Hulk,282,CAM,5,Atacante,7,12.33,-0.66,5.24,8,1.6,2.0,1.0,4.0,7.0,4.0,5.0,25.0,,,3.0,,,,1.0,,,,,,,False,CHA,baixa,0.425,69,False,Provável
100652,Yuri Alberto,264,COR,5,Atacante,7,14.68,0.9,3.95,4,10.9,,1.0,1.0,4.0,4.0,2.0,5.0,,,4.0,,,,1.0,,,,,,,False,FLU,alta,0.269,97,False,Provável
126471,Barreal,277,SAN,4,Meia,7,10.74,-0.67,4.56,7,0.3,,2.0,11.0,11.0,3.0,6.0,9.0,,,2.0,,,,1.0,,,,,,,True,REM,baixa,0.425,85,False,Provável
89274,Andreas Pereira,275,PAL,4,Meia,7,14.52,-1.65,7.35,8,2.4,7.0,2.0,10.0,11.0,1.0,3.0,5.0,,,,,,,1.0,,,,,,,True,GRE,baixa,0.506,57,False,Provável
94583,Pedro,262,FLA,5,Atacante,7,16.65,0.44,7.32,6,6.1,2.0,,8.0,6.0,1.0,2.0,10.0,,,1.0,,,,2.0,,,,,,,False,RBB,estavel,0.44,67,False,Provável
106104,Enamorado,284,GRE,5,Atacante,7,7.14,-0.31,3.19,7,2.5,1.0,1.0,5.0,6.0,3.0,5.0,10.0,,,,,,,,,,,,,,False,PAL,estavel,0.447,62,False,Provável
114802,Vitor Roque,275,PAL,5,Atacante,7,17.99,-0.6,8.72,6,3.0,,1.0,8.0,6.0,3.0,4.0,17.0,,1.0,2.0,,,,3.0,,1.0,,,,,True,GRE,baixa,0.485,52,False,Provável
118655,Saldivia,267,VAS,3,Zagueiro,7,5.47,0.21,2.16,5,4.2,,1.0,7.0,5.0,,1.0,4.0,,,,,,,,,,,,,,False,CFC,estavel,0.395,63,False,Provável
103445,Kaio Jorge,283,CRU,5,Atacante,2,12.66,0.0,4.42,4,0.0,,,,2.0,3.0,7.0,3.0,,,4.0,,,,1.0,,,,,,,True,VIT,estavel,0.349,86,False,Dúvida
101908,Willian Machado,2305,MIR,3,Zagueiro,7,4.26,-0.27,2.07,6,0.0,,1.0,6.0,3.0,1.0,2.0,5.0,,,,,,,,,,,,,,False,BOT,estavel,0.486,49,False,Provável
86292,Bolasie,315,CHA,5,Atacante,7,4.08,0.26,1.13,6,2.0,,1.0,1.0,6.0,,4.0,8.0,,,1.0,,,,,,1.0,,,,,True,CAM,estavel,0.277,96,False,Provável
131516,JP Chermont,294,CFC,2,Lateral,7,6.18,-0.32,5.88,5,2.7,1.0,,5.0,1.0,1.0,,2.0,3.0,,,,,,,,,,,,,True,VAS,estavel,0.951,9,False,Provável
126182,Paulinho,285,INT,4,Meia,2,5.39,1.59,2.92,7,7.7,,3.0,12.0,11.0,2.0,3.0,8.0,,,1.0,,,,,,,,,,,True,SAO,alta,0.542,48,False,Dúvida
93988,Breno Lopes,294,CFC,5,Atacante,7,8.26,-0.47,4.32,8,0.9,,2.0,4.0,6.0,2.0,2.0,10.0,,,6.0,,,,3.0,,,,,,,True,VAS,estavel,0.523,43,False,Provável
130048,Noriega,284,GRE,3,Zagueiro,2,8.42,0.0,5.63,6,0.0,1.0,1.0,10.0,11.0,,2.0,7.0,1.0,,,,,,1.0,,,,,,,False,PAL,estavel,0.669,16,False,Dúvida
70666,Marllon,364,REM,3,Zagueiro,7,5.2,-0.54,2.88,8,0.2,,2.0,15.0,6.0,,1.0,7.0,,,,,,,,,,,,,,False,SAN,baixa,0.554,32,False,Provável
107093,Luciano Juba,265,BAH,2,Lateral,7,9.41,-2.51,6.64,7,-2.1,,1.0,7.0,5.0,4.0,4.0,7.0,3.0,,,,,,2.0,1.0,,,,,,True,CAP,baixa,0.706,18,False,Provável
106302,Preciado,282,CAM,2,Lateral,7,7.95,-0.7,4.58,6,4.3,,1.0,9.0,8.0,,3.0,10.0,2.0,,,,,,,,,,,,,False,CHA,baixa,0.576,40,False,Provável
116034,Victor Hugo,282,CAM,4,Meia,7,6.85,-0.04,4.2,8,2.1,1.0,,5.0,1.0,3.0,1.0,2.0,,,,,,,2.0,,,,,,,False,CHA,estavel,0.613,31,False,Provável
89256,Gerson,283,CRU,4,Meia,7,8.33,0.22,2.5,7,3.6,,2.0,8.0,8.0,3.0,,13.0,,,2.0,,,,,,,,,,,True,VIT,estavel,0.3,126,False,Provável
69208,Gabriel Paulista,264,COR,3,Zagueiro,7,9.37,-0.87,4.92,5,0.6,,,6.0,7.0,,4.0,3.0,1.0,,,,,,1.0,,,,,,,False,FLU,baixa,0.525,38,False,Provável
106708,Igor Formiga,2305,MIR,2,Lateral,7,7.14,0.83,3.88,6,5.4,,,9.0,5.0,1.0,2.0,1.0,,,,,,,1.0,,,,,,,False,BOT,alta,0.543,47,False,Provável
105157,Villagra,285,INT,4,Meia,7,6.92,0.17,2.0,3,4.1,,,2.0,4.0,2.0,1.0,2.0,,,,,,,,,,,,,,True,SAO,estavel,0.289,129,False,Provável
103388,Emmanuel Martínez,287,VIT,4,Meia,7,6.97,0.26,4.15,4,3.9,,1.0,9.0,9.0,,1.0,12.0,,,,,,,,,,,,,,False,CRU,estavel,0.595,34,False,Provável
71536,Luiz Gustavo,293,CAP,4,Meia,7,5.94,-0.53,3.3,5,0.7,,1.0,5.0,5.0,,,7.0,,,,,,,1.0,,,,,,,False,BAH,baixa,0.556,44,False,Provável
95362,Cassierra,282,CAM,5,Atacante,2,6.03,-0.66,0.8,5,1.2,,,,1.0,1.0,2.0,3.0,,,,,,,,,,,,,,False,CHA,baixa,0.133,117,True,Dúvida
113125,Picco,364,REM,4,Meia,7,6.24,-0.63,3.7,7,0.0,,1.0,12.0,9.0,1.0,3.0,,,,,,,,1.0,,,,,,,False,SAN,baixa,0.593,36,False,Provável
90370,Matheus Pereira,264,COR,4,Meia,7,4.38,-0.49,1.17,4,0.5,,,2.0,4.0,,3.0,1.0,,,,,,,,,,,,,,False,FLU,estavel,0.267,133,False,Provável
110598,Marino Hinestroza,267,VAS,5,Atacante,2,6.24,-0.84,1.1,4,0.0,,,2.0,3.0,,1.0,3.0,,,,,,,,,,,,,,False,CFC,baixa,0.176,114,True,Dúvida
145404,Arthur,275,PAL,2,Lateral,2,2.33,0.0,2.4,4,0.0,,,2.0,2.0,1.0,,2.0,1.0,,,,,,,,,,,,,True,GRE,estavel,1.03,6,False,Dúvida
94930,Lucas Paquetá,262,FLA,4,Meia,2,17.01,1.83,7.32,5,15.7,,1.0,12.0,9.0,2.0,5.0,16.0,,,1.0,,,,1.0,,,,,,,False,RBB,alta,0.43,82,False,Dúvida
132553,Jemmes,266,FLU,3,Zagueiro,7,7.25,0.48,4.04,7,3.7,,2.0,10.0,4.0,,,3.0,3.0,,,,,,,,,,,,,True,COR,estavel,0.557,29,False,Provável
101715,Alerrandro,285,INT,5,Atacante,2,5.75,-1.19,2.04,7,0.2,,,4.0,3.0,1.0,6.0,7.0,,,3.0,,,,,,,,,,,True,SAO,baixa,0.355,85,False,Dúvida
116065,Cuiabano,267,VAS,2,Lateral,7,14.32,0.59,10.34,5,12.0,4.0,1.0,13.0,5.0,3.0,2.0,3.0,,,,,,,1.0,,,,,,,False,CFC,alta,0.722,16,False,Provável
99815,Arias,275,PAL,4,Meia,2,16.7,-1.23,9.22,5,9.0,,2.0,17.0,9.0,2.0,5.0,6.0,,,1.0,,,,2.0,,,,,,,True,GRE,baixa,0.552,45,False,Dúvida
97899,Matheus Bahia,285,INT,2,Lateral,7,6.77,0.72,2.1,3,5.2,,1.0,2.0,4.0,,,1.0,1.0,,,,,,,,,,,,,True,SAO,alta,0.31,69,True,Provável
108162,Nardoni,284,GRE,4,Meia,7,7.44,-0.69,2.56,5,0.5,,1.0,3.0,5.0,,1.0,4.0,,,,,,,1.0,,,,,,,False,PAL,baixa,0.344,110,False,Provável
92747,Eduardo Domínguez,282,CAM,6,Técnico,7,10.74,-1.14,5.42,4,2.76,,,,,,,,,,,,,,,,,,2.0,,,False,CHA,baixa,0.505,14,False,Provável
101807,Oliva,277,SAN,4,Meia,7,8.58,1.08,6.13,3,7.5,,,11.0,4.0,,2.0,3.0,,,,,,,,,,,,,,True,REM,alta,0.714,19,False,Provável
126189,Tomás Pérez,282,CAM,4,Meia,7,5.36,0.0,2.5,3,0.0,,1.0,5.0,5.0,1.0,1.0,1.0,,,,,,,,,,,,,,False,CHA,estavel,0.466,72,False,Provável
41929,Renato Gaúcho,267,VAS,6,Técnico,7,10.97,-0.17,6.17,4,5.87,,,,,,,,,,,,,,,,,,3.0,,,False,CFC,estavel,0.562,9,False,Provável
100804,Tchamba,364,REM,3,Zagueiro,7,5.36,0.02,2.75,4,4.2,,,8.0,5.0,,,1.0,,,,,,,,,,,,,,False,SAN,estavel,0.513,40,False,Provável
88963,Leonardo Jardim,262,FLA,6,Técnico,7,14.14,-1.11,8.55,4,3.97,,,,,,,,,,,,,,,,,,3.0,,,False,RBB,baixa,0.605,5,False,Provável
37457,Léo Condé,364,REM,6,Técnico,7,8.16,1.15,4.06,4,8.52,,,,,,,,,,,,,,,,,,1.0,,,False,SAN,alta,0.498,15,False,Provável
79437,Roger Machado,276,SAO,6,Técnico,7,11.43,-0.19,5.38,4,4.45,,,,,,,,,,,,,,,,,,2.0,,,False,INT,estavel,0.471,18,False,Provável
93368,Lucas Veríssimo,277,SAN,3,Zagueiro,7,9.36,1.36,5.1,1,5.1,,,,1.0,,,1.0,1.0,,1.0,,,,,,,,,,,True,REM,alta,0.545,35,False,Provável
71898,Gabriel Pires,2305,MIR,4,Meia,7,5.45,-0.28,2.67,3,2.4,,1.0,2.0,5.0,2.0,2.0,7.0,,,,,,,,,,,,,,False,BOT,estavel,0.49,65,False,Provável
109573,Martinelli,266,FLU,4,Meia,7,5.99,0.01,1.94,8,2.9,,2.0,6.0,11.0,4.0,5.0,6.0,,,,,,,,,,,,,,True,COR,estavel,0.324,117,False,Provável
95131,Gabriel Taliari,364,REM,5,Atacante,7,10.91,5.06,10.1,2,19.3,,,1.0,4.0,1.0,1.0,4.0,,,1.0,,,,2.0,,,,,,,False,SAN,alta,0.926,2,False,Provável
42411,Cuca,277,SAN,6,Técnico,7,9.36,1.17,4.64,1,4.64,,,,,,,,,,,,,,,,,,,,,True,REM,alta,0.496,16,False,Provável
101254,Alef Manga,364,REM,5,Atacante,7,9.0,0.13,6.11,8,4.7,3.0,,4.0,3.0,4.0,9.0,4.0,,,12.0,,,,2.0,,,,,,,False,SAN,estavel,0.679,17,False,Provável
127273,Artur Jorge,283,CRU,6,Técnico,7,9.76,0.0,0.0,0,0.0,,,,,,,,,,,,,,,,,,,,,True,VIT,estavel,0.0,19,True,Provável
106593,Villalba,283,CRU,3,Zagueiro,7,7.29,0.37,1.82,5,5.5,,,3.0,7.0,,1.0,2.0,1.0,,1.0,,,,,,,,,,,True,VIT,estavel,0.25,72,True,Provável
68685,Alan Patrick,285,INT,4,Meia,7,9.27,2.05,5.11,7,12.5,,,5.0,5.0,1.0,7.0,14.0,,,,,,,2.0,,,,,,,True,SAO,alta,0.551,46,False,Provável
51772,Everton Ribeiro,265,BAH,4,Meia,2,10.45,0.0,5.87,3,0.0,1.0,,5.0,3.0,1.0,1.0,8.0,,,,,,,,,,,,,,True,CAP,estavel,0.562,43,False,Dúvida
97810,Erick,287,VIT,5,Atacante,7,8.63,0.15,4.67,6,2.9,2.0,1.0,1.0,2.0,4.0,3.0,6.0,,,1.0,,,,1.0,,,,,,,False,CRU,estavel,0.541,38,False,Provável
68928,Rafael,276,SAO,1,Goleiro,7,7.97,-0.62,4.02,8,0.3,,,,,,,,3.0,,,,17.0,5.0,,,,,,,,False,INT,baixa,0.504,14,False,Provável
63007,Neymar,277,SAN,4,Meia,7,22.63,0.0,10.77,3,0.0,,2.0,2.0,5.0,2.0,2.0,10.0,,,2.0,,,,3.0,,,,,,,True,REM,estavel,0.476,70,False,Provável
72294,Everson,282,CAM,1,Goleiro,7,10.29,-0.9,5.82,8,2.9,1.0,,,,,,2.0,2.0,,,,32.0,11.0,,,,,,,,False,CHA,baixa,0.566,9,False,Provável
103056,Gabriel Brazão,277,SAN,1,Goleiro,7,6.35,0.93,2.3,7,8.9,,2.0,,,1.0,,1.0,1.0,,,1.0,18.0,11.0,,,,,,,,True,REM,alta,0.362,23,False,Provável
69012,Santos,293,CAP,1,Goleiro,7,9.79,0.86,5.0,6,6.3,,,,,,,,2.0,,,,20.0,6.0,,,,,,,,False,BAH,alta,0.511,13,False,Provável
96591,Renan Lodi,282,CAM,2,Lateral,7,10.12,-1.31,5.08,8,0.6,1.0,2.0,13.0,17.0,,4.0,21.0,2.0,,5.0,,,,,,,,,,,False,CHA,baixa,0.502,53,False,Provável
99274,Alexander Barboza,263,BOT,3,Zagueiro,7,11.79,1.87,5.76,5,10.4,2.0,2.0,9.0,9.0,,,,1.0,,,,,,1.0,,,1.0,,,,True,MIR,alta,0.489,45,False,Provável
104502,Christian,283,CRU,4,Meia,7,7.48,-0.43,4.02,8,1.4,,,9.0,7.0,2.0,4.0,15.0,,,4.0,,,,1.0,,,,,,,True,VIT,estavel,0.537,49,False,Provável
87008,Léo Jardim,267,VAS,1,Goleiro,7,6.39,0.25,1.61,8,3.6,,,1.0,,,,2.0,,,,,18.0,13.0,,,,,,,,False,CFC,estavel,0.252,25,False,Provável
37656,Fábio,266,FLU,1,Goleiro,7,10.91,1.53,4.91,8,10.2,,1.0,,,,,3.0,3.0,,,1.0,26.0,9.0,,,,,,,,True,COR,alta,0.45,18,False,Provável
101727,Matheuzinho,264,COR,2,Lateral,7,10.0,-0.5,4.27,6,2.7,,1.0,10.0,9.0,,2.0,6.0,2.0,,3.0,,,,,,,,,,,False,FLU,estavel,0.427,63,False,Provável
85425,João Paulo,265,BAH,1,Goleiro,7,6.19,0.19,1.7,1,1.7,,,,,,,1.0,,,,,4.0,4.0,,,,,,,,True,CAP,estavel,0.275,24,False,Provável
100898,Vitinho,263,BOT,2,Lateral,7,9.49,-0.82,5.15,6,1.8,,,16.0,8.0,,1.0,7.0,1.0,,,,,,,,,,,,,True,MIR,baixa,0.543,47,False,Provável
90768,Fabrício Bruno,283,CRU,3,Zagueiro,7,7.31,0.76,1.82,8,5.5,,2.0,4.0,3.0,1.0,4.0,4.0,1.0,,,,,,,,,,,,,True,VIT,alta,0.249,73,True,Provável
80313,Gilberto,265,BAH,2,Lateral,2,7.31,0.0,4.1,2,0.0,1.0,,2.0,2.0,,1.0,,,,,,,,,,,,,,,True,CAP,estavel,0.561,45,False,Dúvida
98022,Erick,265,BAH,4,Meia,7,6.03,-0.95,3.53,7,3.0,,1.0,6.0,12.0,1.0,2.0,7.0,,2.0,,,,,1.0,,,,,,,True,CAP,baixa,0.585,40,False,Provável
109401,Erick Pulga,265,BAH,5,Atacante,7,7.24,-0.32,2.77,7,2.4,,1.0,7.0,6.0,2.0,2.0,12.0,,,3.0,,,,,,2.0,,,,,True,CAP,estavel,0.383,77,False,Provável
113397,Cristian Olivera,265,BAH,5,Atacante,7,8.04,-0.33,5.1,7,4.9,1.0,1.0,8.0,8.0,4.0,2.0,16.0,,,3.0,,,,1.0,,,,,,,True,CAP,estavel,0.634,27,False,Provável
104783,Acevedo,265,BAH,4,Meia,2,6.0,0.0,3.75,6,0.0,,3.0,15.0,16.0,,1.0,8.0,,1.0,,,,,,,,,,,,True,CAP,estavel,0.625,29,False,Dúvida
98517,Jean Lucas,265,BAH,4,Meia,7,10.04,-0.23,5.94,7,5.7,1.0,1.0,9.0,9.0,2.0,5.0,9.0,,,1.0,,,,2.0,,,,,,,True,CAP,estavel,0.592,38,False,Provável
105373,Gabriel Xavier,265,BAH,3,Zagueiro,7,7.26,-0.39,4.7,5,3.0,,,5.0,1.0,,1.0,1.0,3.0,,,,,,,,,,,,,True,CAP,estavel,0.647,17,False,Provável
105990,Santiago Mingo,265,BAH,3,Zagueiro,7,4.8,-0.53,2.45,7,1.4,,1.0,2.0,4.0,,,3.0,3.0,,1.0,,,,,,,,,,,True,CAP,baixa,0.51,42,False,Provável
106323,Caio Alexandre,265,BAH,4,Meia,2,4.85,-0.69,1.62,5,1.5,,1.0,4.0,3.0,,,8.0,,,,,,,,,,,,,,True,CAP,baixa,0.334,113,False,Dúvida
123360,Cauly,276,SAO,4,Meia,7,7.02,-0.04,3.18,5,4.0,,,4.0,6.0,1.0,,5.0,,,,,,,1.0,,,,,,,False,INT,estavel,0.453,75,False,Provável
97341,Rogério Ceni,265,BAH,6,Técnico,7,10.72,-0.67,5.79,7,3.73,,,,,,,,,,,,,,,,,,4.0,,,True,CAP,baixa,0.54,11,False,Provável
72493,Alex Telles,263,BOT,2,Lateral,7,11.06,0.59,4.95,6,10.0,,1.0,12.0,7.0,,1.0,4.0,1.0,,,1.0,,,1.0,,,,,,,True,MIR,alta,0.448,60,False,Provável
96353,Joaquín Correa,263,BOT,5,Atacante,7,7.44,0.3,1.55,2,3.6,,1.0,,,,2.0,3.0,,,,,,,,,1.0,,,,,True,MIR,estavel,0.208,106,False,Provável
111831,Matheus Martins,263,BOT,5,Atacante,7,6.44,0.74,3.15,6,5.3,,1.0,4.0,2.0,2.0,2.0,5.0,,,,,,,1.0,,,,,,,True,MIR,alta,0.489,51,False,Provável
107231,Danilo Santos,263,BOT,4,Meia,2,15.85,-0.32,10.02,6,8.2,1.0,,7.0,5.0,,2.0,3.0,,1.0,,,,,5.0,,,,,,,True,MIR,estavel,0.632,28,False,Dúvida
105214,Santi Rodríguez,263,BOT,4,Meia,7,7.33,-0.25,2.72,4,3.0,,1.0,6.0,2.0,,,7.0,,,,,,,,,,,,,,True,MIR,estavel,0.371,100,False,Provável
104191,Raul,263,BOT,1,Goleiro,7,4.81,0.76,3.63,3,5.5,,,,,,,,,,,,13.0,6.0,,,,,,,,True,MIR,alta,0.755,4,False,Provável
98672,Savarino,266,FLU,4,Meia,2,9.85,1.05,5.03,6,7.2,2.0,1.0,3.0,5.0,4.0,6.0,6.0,,2.0,4.0,,,,,,,,,,,True,COR,alta,0.511,55,False,Dúvida
98280,Bastos,263,BOT,3,Zagueiro,2,4.83,0.0,-0.05,2,0.0,,,,2.0,,,1.0,,,,,,,,,,,,,,True,MIR,estavel,-0.01,116,False,Dúvida
142890,Montoro,263,BOT,4,Meia,7,9.04,-0.03,4.44,5,5.5,2.0,1.0,3.0,6.0,1.0,1.0,11.0,,1.0,,,,,,,,,,,,True,MIR,estavel,0.491,64,False,Provável
39850,Vagner Mancini,280,RBB,6,Técnico,7,7.57,0.1,4.52,8,4.32,,,,,,,,,,,,,,,,,,2.0,,,True,FLA,estavel,0.597,6,False,Provável
70360,Eduardo Sasha,280,RBB,5,Atacante,7,5.39,-0.01,1.95,7,2.1,,,3.0,1.0,4.0,3.0,5.0,,,3.0,,,,,,,,,,,True,FLA,estavel,0.362,84,False,Provável
78605,Gabriel,280,RBB,4,Meia,7,3.94,-0.45,1.23,6,-0.3,,4.0,5.0,7.0,2.0,2.0,6.0,,,,1.0,,,,,,,,,,True,FLA,estavel,0.312,122,False,Provável
40990,Dorival Júnior,264,COR,6,Técnico,7,10.44,-0.33,4.96,7,3.78,,,,,,,,,,,,,,,,,,1.0,,,False,FLU,estavel,0.475,17,True,Provável
93882,Cleiton,280,RBB,1,Goleiro,7,6.19,-0.56,2.56,7,-2.0,,1.0,,,,,,2.0,,,,13.0,8.0,,,,,,,,True,FLA,baixa,0.414,21,False,Provável
94968,Juninho Capixaba,280,RBB,2,Lateral,7,13.44,-0.14,8.36,7,3.5,1.0,4.0,16.0,13.0,1.0,4.0,8.0,2.0,1.0,,,,,2.0,,,,,,,True,FLA,estavel,0.622,34,False,Provável
110750,Gustavo Marques,280,RBB,3,Zagueiro,7,7.37,0.5,5.18,6,4.2,,,10.0,4.0,2.0,3.0,5.0,2.0,,,,,,,,,,,,,True,FLA,estavel,0.703,12,False,Provável
111246,Alix Vinicius,280,RBB,3,Zagueiro,7,4.39,-0.65,1.47,6,-0.1,,2.0,5.0,15.0,,1.0,,2.0,,,,,,,,,1.0,,,,True,FLA,baixa,0.335,66,False,Provável
112886,Lucas Barbosa,280,RBB,5,Atacante,7,9.99,2.6,5.39,7,15.2,,3.0,13.0,20.0,7.0,5.0,14.0,,,2.0,,,,1.0,,,,,,,True,FLA,alta,0.54,39,False,Provável
110715,Andrés Hurtado,280,RBB,2,Lateral,7,4.75,-0.13,2.81,7,0.2,,2.0,5.0,4.0,1.0,4.0,2.0,2.0,,,,,,,,,,,,,True,FLA,estavel,0.592,38,False,Provável
113157,Nathan Mendes,287,VIT,2,Lateral,7,6.85,1.73,4.82,5,9.7,,2.0,10.0,8.0,,,7.0,2.0,,,,,,,,,,,,,False,CRU,alta,0.704,19,False,Provável
39656,Alan Franco,282,CAM,4,Meia,7,5.46,-0.94,3.01,8,1.2,1.0,2.0,12.0,12.0,2.0,3.0,4.0,,,1.0,,,,,,,,,,,False,CHA,baixa,0.551,46,False,Provável
124239,Henry Mosquera,280,RBB,5,Atacante,7,5.93,1.61,3.34,8,8.7,1.0,1.0,5.0,7.0,5.0,10.0,7.0,,,2.0,,,,,,,,,,,True,FLA,alta,0.563,34,False,Provável
98909,Cuello,282,CAM,5,Atacante,2,8.0,-0.42,5.09,8,2.0,,,14.0,9.0,1.0,5.0,8.0,,2.0,8.0,,,,1.0,,,,,,,False,CHA,estavel,0.636,26,False,Dúvida
101002,Júnior Santos,263,BOT,5,Atacante,7,4.31,-0.54,0.83,3,0.0,,,1.0,,,,2.0,,,,,,,,,,,,,,True,MIR,baixa,0.193,109,False,Provável
68920,Dudu,282,CAM,5,Atacante,2,6.49,0.0,2.46,7,0.0,,,2.0,1.0,2.0,2.0,5.0,,,,,,,1.0,,,,,,,False,CHA,estavel,0.379,81,False,Dúvida
100842,Ruan,282,CAM,3,Zagueiro,7,5.13,0.08,2.85,7,2.7,,4.0,6.0,8.0,,1.0,7.0,1.0,,,,,,1.0,,,,,,,False,CHA,estavel,0.556,30,False,Provável
92087,Lyanco,282,CAM,3,Zagueiro,2,10.22,0.0,5.0,1,0.0,,,,,,,,1.0,,,,,,,,,,,,,False,CHA,estavel,0.489,45,False,Dúvida
91607,Rony,277,SAN,5,Atacante,7,6.21,0.4,2.38,6,3.8,,2.0,6.0,11.0,1.0,2.0,16.0,,,2.0,,,,,,,,,,,True,REM,estavel,0.383,77,False,Provável
72460,Bernard,282,CAM,4,Meia,2,3.7,-0.13,0.78,5,1.5,,,2.0,2.0,,,3.0,,,,,,,,,,,,,,False,CHA,estavel,0.211,143,False,Dúvida
124661,Iván Román,282,CAM,3,Zagueiro,2,8.47,-1.93,6.4,4,1.0,,2.0,7.0,9.0,,1.0,2.0,2.0,,,,,,1.0,,,,,,,False,CHA,baixa,0.756,6,False,Dúvida
78248,Gustavo Henrique,264,COR,3,Zagueiro,7,8.86,-1.09,3.62,5,-0.3,,2.0,7.0,5.0,2.0,4.0,3.0,1.0,,,1.0,,,,,,,,,,False,FLU,baixa,0.409,60,False,Provável
94067,Matheus Fernandes,280,RBB,4,Meia,7,4.27,-0.28,2.12,6,1.5,,1.0,6.0,5.0,,6.0,3.0,,,1.0,,,,,,,,,,,True,FLA,estavel,0.496,62,False,Provável
105531,Matheus Bidu,264,COR,2,Lateral,7,13.29,1.97,8.5,5,12.1,1.0,1.0,11.0,7.0,1.0,2.0,17.0,1.0,,2.0,,,,1.0,,,,,,,False,FLU,alta,0.64,31,False,Provável
117910,Breno Bidon,264,COR,4,Meia,7,9.72,-0.19,3.85,6,2.6,,1.0,5.0,9.0,,1.0,15.0,,1.0,,,,,1.0,,,,,,,False,FLU,estavel,0.396,94,False,Provável
70944,Bruno Henrique,285,INT,4,Meia,7,4.09,0.2,1.03,6,2.0,,,2.0,6.0,1.0,3.0,3.0,,,1.0,,,,,,,,,,,True,SAO,estavel,0.252,136,False,Provável
145744,André,264,COR,4,Meia,7,6.33,0.41,3.87,6,4.7,,,11.0,2.0,1.0,2.0,9.0,,,,,,,,,,,,,,False,FLU,estavel,0.611,32,False,Provável
89275,William,283,CRU,2,Lateral,7,8.57,0.64,2.78,6,5.1,,1.0,10.0,9.0,1.0,1.0,3.0,1.0,,1.0,,,,,,,1.0,,,,True,VIT,alta,0.324,67,False,Provável
79701,Lucas Silva,283,CRU,4,Meia,7,4.17,-0.18,0.46,8,0.0,,2.0,3.0,2.0,,1.0,2.0,,,,,,,,,,,,,,True,VIT,estavel,0.11,157,False,Provável
117632,Garro,264,COR,4,Meia,7,10.67,-1.41,4.7,7,0.0,3.0,1.0,2.0,4.0,4.0,3.0,14.0,,1.0,1.0,,,,,,,,,,,False,FLU,baixa,0.44,79,False,Provável
96610,Matheus Pereira,283,CRU,4,Meia,7,13.87,-0.99,5.1,7,-1.1,,4.0,4.0,20.0,3.0,9.0,24.0,,,1.0,,,,2.0,,1.0,,,,,True,VIT,baixa,0.368,103,False,Provável
131753,Felipe Longo,264,COR,1,Goleiro,7,2.0,0.0,0.0,0,0.0,,,,,,,,,,,,,,,,,,,,,False,FLU,estavel,0.0,27,False,Provável
111690,Matheus Cunha,283,CRU,1,Goleiro,7,3.49,1.21,1.7,4,6.3,,,,,,,,1.0,,,,6.0,6.0,,,,,,,,True,VIT,alta,0.487,17,False,Provável
100742,Matheus Henrique,283,CRU,4,Meia,7,6.09,0.78,2.29,8,4.5,,1.0,8.0,3.0,,4.0,12.0,,,,1.0,,,,,,,,,,True,VIT,alta,0.376,99,False,Provável
131967,Villarreal,283,CRU,5,Atacante,2,8.52,-0.56,6.57,4,4.0,,,3.0,4.0,2.0,4.0,3.0,,,1.0,,,,2.0,,,,,,,True,VIT,baixa,0.771,8,False,Dúvida
139345,Kauã Prates,283,CRU,2,Lateral,2,3.39,0.0,0.0,1,0.0,,,,,,,,,,,,,,,,,,,,,True,VIT,estavel,0.0,79,False,Dúvida
92854,Borré,285,INT,5,Atacante,2,7.49,0.15,3.55,8,4.5,,,6.0,13.0,6.0,6.0,6.0,,,7.0,,,,1.0,,1.0,,,,,True,SAO,estavel,0.474,55,False,Dúvida
84816,Varela,262,FLA,2,Lateral,2,8.96,0.32,5.6,6,6.5,1.0,1.0,8.0,2.0,,1.0,3.0,3.0,,1.0,,,,,,1.0,,,,,False,RBB,estavel,0.625,33,False,Dúvida
82627,Luiz Araújo,262,FLA,5,Atacante,7,11.57,0.0,5.77,3,0.0,1.0,,2.0,2.0,,,4.0,,,1.0,,,,1.0,,,,,,,False,RBB,estavel,0.499,47,False,Provável
87863,Arrascaeta,262,FLA,4,Meia,2,16.8,-1.71,6.2,5,4.5,1.0,,4.0,4.0,1.0,5.0,4.0,,2.0,,,,,1.0,,,,,,,False,RBB,baixa,0.369,101,False,Dúvida
84735,Jorginho,262,FLA,4,Meia,7,9.18,-0.17,1.8,5,4.4,,2.0,9.0,5.0,,,4.0,,,,,,,,,,1.0,,,,False,RBB,estavel,0.196,146,False,Provável
83528,Léo Pereira,262,FLA,3,Zagueiro,2,10.34,0.0,5.14,5,0.0,,2.0,3.0,10.0,1.0,,4.0,3.0,,,,,,1.0,,,,,,,False,RBB,estavel,0.497,44,False,Dúvida
96870,Emerson Royal,262,FLA,2,Lateral,2,6.7,0.0,4.43,3,0.0,,,2.0,3.0,,1.0,1.0,2.0,,1.0,,,,,,,,,,,False,RBB,estavel,0.661,26,False,Dúvida
88393,Ayrton Lucas,262,FLA,2,Lateral,7,9.14,-1.11,4.37,3,1.0,,,2.0,4.0,,1.0,1.0,2.0,,,,,,,,,,,,,False,RBB,baixa,0.478,57,False,Provável
98873,Samuel Lino,262,FLA,5,Atacante,7,10.44,-0.91,6.75,6,3.9,1.0,1.0,10.0,7.0,,4.0,9.0,,,1.0,,,,2.0,,,,,,,False,RBB,baixa,0.647,23,False,Provável
97867,Léo Ortiz,262,FLA,3,Zagueiro,7,9.66,-2.06,5.22,6,0.0,,,4.0,4.0,,,1.0,3.0,1.0,,,,,1.0,,,,,,,False,RBB,baixa,0.54,36,False,Provável
72951,Mercado,285,INT,3,Zagueiro,7,7.19,2.29,4.36,5,13.0,,2.0,6.0,4.0,1.0,1.0,2.0,1.0,,,,,,1.0,,,,,,,True,SAO,alta,0.606,22,False,Provável
96652,Allan,264,COR,4,Meia,7,4.28,0.0,1.58,5,0.0,,1.0,4.0,3.0,,1.0,6.0,,,,,,,,,,,,,,False,FLU,estavel,0.369,101,False,Provável
91473,Erick Pulgar,262,FLA,4,Meia,7,7.1,0.0,1.9,5,0.0,,3.0,8.0,9.0,1.0,,4.0,,,,,,,,,,,,,,False,RBB,estavel,0.268,132,False,Provável
78445,Renê,266,FLU,2,Lateral,7,10.43,0.0,8.24,5,0.0,2.0,,12.0,5.0,2.0,1.0,3.0,2.0,,,,,,,,,,,,,True,COR,estavel,0.79,11,False,Provável
73384,Samuel Xavier,266,FLU,2,Lateral,7,8.91,0.0,5.03,6,0.0,,1.0,11.0,5.0,,1.0,11.0,2.0,,1.0,,,,,,,,,,,True,COR,estavel,0.565,42,False,Provável
78117,Everaldo,265,BAH,5,Atacante,7,6.81,2.7,3.9,5,14.0,,,5.0,4.0,1.0,2.0,5.0,,,1.0,,,,1.0,,,,,,,True,CAP,alta,0.573,32,False,Provável
87258,Soteldo,266,FLU,5,Atacante,2,4.52,-0.6,0.88,4,0.0,,,,,1.0,1.0,3.0,,,,,,,,,,,,,,True,COR,baixa,0.195,108,False,Dúvida
102928,Canobbio,266,FLU,5,Atacante,2,10.99,-1.18,7.98,7,5.9,1.0,2.0,12.0,12.0,3.0,5.0,8.0,,2.0,1.0,,,,3.0,,,1.0,,,,True,COR,baixa,0.726,9,False,Dúvida
103523,Ignácio,266,FLU,3,Zagueiro,7,6.57,0.0,3.53,3,0.0,,1.0,5.0,5.0,,2.0,2.0,,1.0,,,,,,,,,,,,True,COR,estavel,0.537,37,False,Provável
99366,Luis Zubeldía,266,FLU,6,Técnico,7,10.66,0.46,6.31,8,7.35,,,,,,,,,,,,,,,,,,5.0,,,True,COR,estavel,0.592,7,False,Provável
116447,Hércules,266,FLU,4,Meia,7,7.32,-0.72,4.63,6,3.5,,1.0,7.0,9.0,1.0,3.0,3.0,,,1.0,,,,2.0,,,,,,,True,COR,baixa,0.633,27,False,Provável
110759,John Kennedy,266,FLU,5,Atacante,7,8.39,0.0,5.89,7,0.0,,,7.0,9.0,11.0,3.0,4.0,,,2.0,,,,2.0,,,,,,,True,COR,estavel,0.702,12,False,Provável
132071,Serna,266,FLU,5,Atacante,2,5.08,-0.24,1.22,8,0.2,,,2.0,4.0,2.0,4.0,5.0,,,1.0,,,,,,,,,,,True,COR,estavel,0.24,100,True,Dúvida
87887,Balbuena,284,GRE,3,Zagueiro,2,6.3,-1.2,3.18,5,1.5,,,7.0,,,,1.0,1.0,,1.0,,,,,,,,,,,False,PAL,baixa,0.505,43,False,Dúvida
88037,Luís Castro,284,GRE,6,Técnico,7,9.63,-0.61,4.99,8,3.45,,,,,,,,,,,,,,,,,,3.0,,,False,PAL,baixa,0.518,13,False,Provável
102318,Caio Paulista,284,GRE,2,Lateral,7,5.86,-1.0,3.58,4,1.5,,,5.0,,,1.0,2.0,1.0,,,,,,,,,,,,,False,PAL,baixa,0.611,36,False,Provável
91908,Pavón,284,GRE,5,Atacante,7,6.64,0.92,3.63,8,8.3,,1.0,16.0,4.0,2.0,1.0,2.0,,1.0,,,,,,,,,,,,False,PAL,alta,0.547,37,False,Provável
90532,Arthur Melo,284,GRE,4,Meia,7,10.21,0.34,5.02,4,4.5,,,9.0,3.0,,,15.0,,,,,,,,,,,,,,False,PAL,estavel,0.492,63,False,Provável
63289,Edenílson,263,BOT,4,Meia,2,5.48,-0.85,2.08,5,-1.3,,1.0,2.0,3.0,,1.0,1.0,,,,,,,1.0,,,,,,,True,MIR,baixa,0.38,97,False,Dúvida
89883,Dodi,284,GRE,4,Meia,2,3.26,0.0,0.02,4,0.0,,1.0,1.0,3.0,,,1.0,,,,,,,,,,,,,,False,PAL,estavel,0.006,168,False,Dúvida
105563,Carlos Vinícius,284,GRE,5,Atacante,7,17.03,1.31,7.49,8,9.7,,1.0,2.0,8.0,4.0,3.0,5.0,,1.0,4.0,,,,6.0,,,,,,,False,PAL,alta,0.44,67,False,Provável
111309,Gustavo Martins,284,GRE,3,Zagueiro,2,5.92,-0.38,2.36,5,1.2,1.0,,3.0,4.0,1.0,3.0,2.0,,,1.0,1.0,,,,,,,,,,False,PAL,estavel,0.399,62,False,Dúvida
142004,Amuzu,284,GRE,5,Atacante,7,7.53,-1.55,5.21,7,0.8,2.0,,6.0,5.0,4.0,4.0,6.0,,,,,,,1.0,,,,,,,False,PAL,baixa,0.692,15,False,Provável
125467,Viery,284,GRE,3,Zagueiro,7,3.42,-0.4,1.9,5,2.0,,2.0,5.0,8.0,,,5.0,1.0,,1.0,1.0,,,,,,,,,,False,PAL,estavel,0.556,30,False,Provável
102340,Cacá,287,VIT,3,Zagueiro,7,6.92,1.0,4.12,4,6.5,,,4.0,1.0,,1.0,,2.0,,,,,,,,,,,,,False,CRU,alta,0.595,25,False,Provável
107989,Carbonero,285,INT,5,Atacante,2,8.45,-1.07,4.75,8,1.4,1.0,1.0,3.0,4.0,7.0,10.0,13.0,,,2.0,,,,1.0,,,,,,,True,SAO,baixa,0.562,35,False,Dúvida
111466,Victor Gabriel,285,INT,3,Zagueiro,7,4.52,0.85,2.07,7,5.0,,2.0,9.0,10.0,,,2.0,1.0,,,,,,,,,,,,,True,SAO,alta,0.458,53,False,Provável
111683,Anthoni,285,INT,1,Goleiro,7,3.0,0.0,0.0,0,0.0,,,,,,,,,,,,,,,,,,,,,True,SAO,estavel,0.0,27,False,Provável
106202,Bruno Gomes,285,INT,4,Meia,7,6.82,0.47,3.42,8,3.5,,,13.0,5.0,,3.0,8.0,,1.0,,,,,,,,,,,,True,SAO,estavel,0.501,59,False,Provável
115479,Paulo Pezzolano,285,INT,6,Técnico,7,7.65,1.08,4.46,8,9.0,,,,,,,,,,,,,,,,,,2.0,,,True,SAO,alta,0.583,8,False,Provável
107174,Bruno Tabata,285,INT,4,Meia,7,3.71,0.0,0.5,3,0.0,,,,3.0,1.0,1.0,1.0,,,1.0,,,,,,,,,,,True,SAO,estavel,0.135,156,False,Provável
71684,Gustavo Gómez,275,PAL,3,Zagueiro,2,11.41,0.39,5.34,8,6.2,1.0,,6.0,7.0,,5.0,2.0,2.0,,2.0,,,,2.0,,,,,,,True,GRE,estavel,0.468,51,False,Dúvida
71631,Weverton,284,GRE,1,Goleiro,7,6.33,-1.34,2.81,8,0.6,1.0,1.0,,,,,,1.0,,,1.0,15.0,12.0,,,,,,1.0,,False,PAL,baixa,0.444,19,False,Provável
93790,Marlon Freitas,275,PAL,4,Meia,2,5.33,-0.21,1.6,8,-0.1,1.0,2.0,8.0,11.0,1.0,,,,,1.0,,,,,,,,,,,True,GRE,estavel,0.3,126,False,Dúvida
102130,Piquerez,275,PAL,2,Lateral,2,11.43,0.33,6.43,6,6.4,1.0,,9.0,3.0,2.0,2.0,8.0,2.0,1.0,,,,,,,,,,,,True,GRE,estavel,0.563,43,False,Dúvida
97653,Murilo,275,PAL,3,Zagueiro,7,8.07,0.11,4.88,6,5.2,1.0,,8.0,9.0,1.0,1.0,,1.0,,,,,,1.0,,,,,,,True,GRE,estavel,0.605,23,False,Provável
105647,Maurício,275,PAL,4,Meia,2,6.75,-0.64,3.37,7,-0.1,1.0,1.0,4.0,8.0,1.0,5.0,6.0,,,2.0,,,,1.0,,,,,,,True,GRE,baixa,0.499,60,False,Dúvida
110506,Abel Ferreira,275,PAL,6,Técnico,7,12.36,-0.15,6.85,8,6.44,,,,,,,,,,,,,,,,,,6.0,,,True,GRE,estavel,0.554,10,False,Provável
70592,Felipe Anderson,275,PAL,4,Meia,2,6.39,-1.09,1.96,5,0.0,,,6.0,3.0,1.0,,1.0,,,,,,,,,,,,,,True,GRE,baixa,0.307,123,False,Dúvida
105175,Khellven,275,PAL,2,Lateral,2,5.35,0.0,2.16,5,0.0,,1.0,10.0,9.0,,,5.0,,,,,,,,,,,,,1.0,True,GRE,estavel,0.404,65,True,Dúvida
104084,Carlos Miguel,275,PAL,1,Goleiro,7,7.7,0.68,3.88,8,5.8,,2.0,,,,,5.0,2.0,,,,22.0,8.0,,,,,,,,True,GRE,alta,0.504,14,False,Provável
104085,Bruno Fuchs,275,PAL,3,Zagueiro,2,8.1,0.0,2.95,2,0.0,,,1.0,2.0,,,,1.0,,,,,,,,,,,,,True,GRE,estavel,0.364,64,False,Dúvida
84674,Lucas Evangelista,275,PAL,4,Meia,2,5.04,-0.35,1.33,6,0.5,1.0,,1.0,,,,3.0,,,,,,,,,,,,,,True,GRE,estavel,0.264,134,True,Dúvida
113103,Flaco López,275,PAL,5,Atacante,2,14.86,0.04,6.85,8,6.5,1.0,,8.0,14.0,4.0,6.0,18.0,,,6.0,,,,3.0,,,,,,,True,GRE,estavel,0.461,58,False,Dúvida
124526,Giay,275,PAL,2,Lateral,2,6.79,0.64,3.82,7,7.7,,,11.0,6.0,,,4.0,2.0,,,,,,,,,,,,,True,GRE,alta,0.563,43,False,Dúvida
112863,Ramón Sosa,275,PAL,5,Atacante,2,5.59,-0.12,2.16,7,0.4,,1.0,2.0,4.0,1.0,1.0,3.0,,1.0,2.0,,,,1.0,,,,,,,True,GRE,estavel,0.386,76,False,Dúvida
141451,Allan,275,PAL,4,Meia,2,13.88,-0.95,6.93,8,5.0,,2.0,14.0,10.0,5.0,2.0,16.0,,,1.0,,,,3.0,,,,,,,True,GRE,baixa,0.499,60,False,Dúvida
82775,Lucas Ramon,276,SAO,2,Lateral,7,13.72,2.3,10.35,4,14.7,1.0,,13.0,1.0,1.0,2.0,9.0,2.0,,1.0,,,,,,,,,,,False,INT,alta,0.754,13,False,Provável
97460,João Victor,2305,MIR,3,Zagueiro,7,5.33,0.87,2.17,6,5.1,1.0,,4.0,3.0,2.0,,1.0,,,,,,,,,,,,,,False,BOT,alta,0.407,61,False,Provável
97321,Alesson,2305,MIR,5,Atacante,7,7.75,-0.36,3.82,6,1.8,1.0,,6.0,3.0,2.0,2.0,6.0,,1.0,2.0,,,,,,,,,,,False,BOT,estavel,0.493,50,False,Provável
98384,Negueba,2305,MIR,5,Atacante,7,8.84,0.44,5.88,6,5.0,,2.0,12.0,2.0,2.0,5.0,11.0,,,,,,,1.0,,,,,,,False,BOT,estavel,0.665,18,False,Provável
87742,Neto Moura,2305,MIR,4,Meia,7,3.82,-0.45,1.52,5,2.5,,2.0,4.0,5.0,1.0,3.0,3.0,,,,,,,,,,,,,,False,BOT,estavel,0.398,93,False,Provável
104027,Rafael Guanaes,2305,MIR,6,Técnico,7,6.77,0.2,3.62,6,3.61,,,,,,,,,,,,,,,,,,1.0,,,False,BOT,estavel,0.535,12,False,Provável
83257,Gabriel,277,SAN,5,Atacante,7,9.14,0.0,4.3,3,0.0,,,1.0,,,3.0,3.0,,,5.0,,,,1.0,,,,,,,True,REM,estavel,0.47,57,False,Provável
84042,Tiquinho Soares,2305,MIR,5,Atacante,7,6.73,-0.25,2.33,3,2.7,,,2.0,2.0,2.0,1.0,3.0,,,1.0,,,,,,,,,,,False,BOT,estavel,0.346,88,False,Provável
84847,Luan Peres,277,SAN,3,Zagueiro,7,4.82,1.72,1.52,6,7.0,,,3.0,8.0,,,10.0,1.0,,,,,,,,,1.0,,,,True,REM,alta,0.315,68,False,Provável
95466,Igor Vinícius,277,SAN,2,Lateral,7,9.78,0.95,6.32,5,8.7,1.0,2.0,14.0,7.0,1.0,,7.0,1.0,,,,,,,,,,,,,True,REM,alta,0.646,29,False,Provável
105903,Aldo Filho,2305,MIR,4,Meia,7,3.33,0.0,1.16,5,0.0,1.0,3.0,2.0,8.0,1.0,2.0,1.0,,,1.0,,,,,,,,,,,False,BOT,estavel,0.348,109,False,Provável
102975,Escobar,277,SAN,2,Lateral,7,8.81,0.99,5.93,3,7.7,,2.0,9.0,3.0,,1.0,3.0,1.0,,1.0,,,,,,,,,,,True,REM,alta,0.673,21,False,Provável
141754,Gabriel Bontempo,277,SAN,4,Meia,2,3.76,0.0,1.6,5,0.0,,1.0,5.0,4.0,1.0,,3.0,,,,,,,,,,,,,,True,REM,estavel,0.426,83,False,Dúvida
89840,Calleri,276,SAO,5,Atacante,7,12.37,-0.56,6.6,8,1.9,,1.0,7.0,13.0,3.0,5.0,16.0,,,4.0,,,,4.0,,,,,,,False,INT,baixa,0.534,41,False,Provável
85403,Danielzinho,276,SAO,4,Meia,7,7.72,-0.17,4.04,7,1.9,1.0,,5.0,7.0,,3.0,13.0,,,,,,,1.0,,1.0,,,,,False,INT,estavel,0.523,54,False,Provável
99889,Alan Franco,276,SAO,3,Zagueiro,7,6.1,0.39,2.83,8,3.0,,2.0,7.0,7.0,,1.0,1.0,3.0,,,,,,,,,,,,,False,INT,estavel,0.464,52,False,Provável
104075,Sabino,276,SAO,3,Zagueiro,7,7.83,0.46,5.41,7,4.4,,,13.0,13.0,,1.0,7.0,2.0,,,,,,1.0,,,,,,,False,INT,estavel,0.691,13,False,Provável
106294,Marcos Antônio,276,SAO,4,Meia,7,7.0,0.29,3.07,8,2.5,1.0,,11.0,7.0,1.0,,8.0,,,1.0,,,,,,,,,,,False,INT,estavel,0.439,80,False,Provável
105300,Ferraresi,263,BOT,3,Zagueiro,2,6.79,-0.33,3.02,5,3.0,,,7.0,3.0,,,1.0,1.0,,,,,,,,,,,,,True,MIR,estavel,0.445,55,False,Dúvida
107873,Bobadilla,276,SAO,4,Meia,2,9.33,0.34,4.49,8,5.7,1.0,1.0,16.0,8.0,4.0,2.0,2.0,,1.0,1.0,,,,,,,,,,,False,INT,estavel,0.481,66,False,Dúvida
113359,Pablo Maia,276,SAO,4,Meia,2,4.4,0.0,1.22,6,0.0,,1.0,5.0,6.0,,2.0,2.0,,,,,,,,,,,,,,False,INT,estavel,0.277,130,False,Dúvida
80570,Wendell,276,SAO,2,Lateral,7,9.09,-0.7,5.37,3,1.7,,1.0,6.0,9.0,,1.0,,2.0,,,,,,,,,,,,,False,INT,baixa,0.591,39,False,Provável
118563,Rodriguinho,280,RBB,4,Meia,7,5.93,-0.12,3.4,4,2.7,,2.0,5.0,6.0,,,4.0,,,1.0,,,,1.0,,,,,,,True,FLA,estavel,0.573,41,False,Provável
71123,Thiago Mendes,267,VAS,4,Meia,7,9.11,1.0,5.63,7,10.9,,4.0,8.0,8.0,1.0,2.0,14.0,,,,,,,3.0,,,,,,,False,CFC,alta,0.618,30,False,Provável
93716,Paulo Henrique,267,VAS,2,Lateral,7,8.0,-0.55,3.28,6,0.5,1.0,1.0,7.0,6.0,1.0,1.0,10.0,,,,,,,,,,,,,,False,CFC,baixa,0.41,64,False,Provável
86410,Victor Luis,2305,MIR,2,Lateral,7,3.73,0.0,0.75,2,0.0,,1.0,1.0,1.0,,1.0,1.0,,,,,,,,,,,,,,False,BOT,estavel,0.201,73,False,Provável
90309,David,267,VAS,5,Atacante,7,5.69,1.79,2.83,6,9.5,1.0,,1.0,1.0,1.0,1.0,2.0,,,2.0,,,,1.0,,,,,,,False,CFC,alta,0.497,48,False,Provável
86686,Tchê Tchê,267,VAS,4,Meia,7,3.58,-0.34,0.5,5,0.9,,1.0,1.0,3.0,1.0,1.0,2.0,,,1.0,,,,,,,,,,,False,CFC,estavel,0.14,155,False,Provável
117330,Robert Renan,267,VAS,3,Zagueiro,7,4.87,-0.38,1.49,8,0.0,,,8.0,8.0,,1.0,3.0,,,,,,,,,,,,,,False,CFC,estavel,0.306,69,False,Provável
99440,Baralhas,287,VIT,4,Meia,7,10.23,1.29,6.67,6,8.2,1.0,2.0,12.0,14.0,,4.0,8.0,,,,,,,2.0,,,,,,,False,CRU,alta,0.652,22,False,Provável
142279,Nuno Moreira,267,VAS,4,Meia,7,5.7,-0.93,2.48,8,2.3,,1.0,5.0,4.0,2.0,2.0,5.0,,,,,,,1.0,,,,,,,False,CFC,baixa,0.435,81,False,Provável
90703,Matheuzinho,287,VIT,4,Meia,7,5.56,0.23,2.52,6,3.3,,1.0,3.0,2.0,4.0,3.0,10.0,,,,,,,,,,,,,,False,CRU,estavel,0.453,75,False,Provável
101594,Hugo Moura,267,VAS,4,Meia,7,3.46,0.22,1.44,5,2.4,,,4.0,2.0,,1.0,2.0,,,,,,,,,,,,,,False,CFC,estavel,0.416,86,False,Provável
92696,Renato Kayzer,287,VIT,5,Atacante,7,7.27,-0.12,3.72,5,2.1,,1.0,1.0,8.0,1.0,3.0,3.0,,,6.0,,,,2.0,,,,,,,False,CRU,estavel,0.512,45,False,Provável
96793,Camutanga,287,VIT,3,Zagueiro,7,8.26,2.03,4.84,5,10.4,,,6.0,2.0,1.0,2.0,2.0,3.0,,,,,,,,,,,,1.0,False,CRU,alta,0.586,26,False,Provável
90588,Caíque,287,VIT,4,Meia,7,4.49,0.0,1.58,5,0.0,,1.0,5.0,8.0,,1.0,6.0,,,,,,,,,,,,,,False,CRU,estavel,0.352,108,False,Provável
101597,Ramon,287,VIT,2,Lateral,7,8.58,0.39,6.1,6,5.3,,1.0,10.0,14.0,,1.0,6.0,3.0,,,,,,1.0,,,,,,,False,CRU,estavel,0.711,17,False,Provável
92180,Jair Ventura,287,VIT,6,Técnico,7,8.77,1.03,5.72,6,7.39,,,,,,,,,,,,,,,,,,3.0,,,False,CRU,alta,0.652,4,False,Provável
104118,Lucas Arcanjo,287,VIT,1,Goleiro,7,10.11,1.31,7.87,4,8.9,,1.0,,,,,,2.0,,,1.0,15.0,3.0,,,,,,1.0,,False,CRU,alta,0.778,3,False,Provável
90031,Mendoza,293,CAP,5,Atacante,7,7.99,-1.7,5.43,6,-0.3,,,4.0,4.0,1.0,2.0,2.0,,,,,,,3.0,,,,,,,False,BAH,baixa,0.68,16,False,Provável
78478,Willian Arão,277,SAN,4,Meia,2,5.73,0.0,1.13,3,0.0,,,2.0,2.0,,,2.0,,,,,,,,,,,,,,True,REM,estavel,0.197,145,True,Dúvida
102796,Julimar,293,CAP,5,Atacante,7,7.24,0.74,5.03,6,4.9,1.0,1.0,5.0,8.0,1.0,3.0,3.0,,,,,,,2.0,,,,,,,False,BAH,alta,0.695,14,False,Provável
115100,Matheus França,267,VAS,4,Meia,2,3.62,0.07,0.85,2,0.9,,,1.0,2.0,,1.0,,,,,,,,,,,,,,,False,CFC,estavel,0.235,140,False,Dúvida
92273,Odair Hellmann,293,CAP,6,Técnico,7,8.9,0.95,5.83,6,8.59,,,,,,,,,,,,,,,,,,4.0,,,False,BAH,alta,0.655,3,False,Provável
110668,Esquivel,293,CAP,2,Lateral,7,6.83,1.06,4.46,5,6.2,2.0,,4.0,11.0,,2.0,6.0,1.0,,,,,,,,,,,,,False,BAH,alta,0.653,28,False,Provável
80129,Jadson,293,CAP,4,Meia,2,4.67,0.58,1.54,5,4.4,,1.0,5.0,6.0,,,6.0,,,,,,,,,,,,,,False,BAH,alta,0.33,114,False,Dúvida
113113,Benavídez,293,CAP,2,Lateral,7,8.22,1.74,5.4,6,11.4,2.0,,7.0,6.0,,1.0,6.0,2.0,,1.0,,,,,,,,,,,False,BAH,alta,0.657,27,False,Provável
123869,Aguirre,293,CAP,3,Zagueiro,7,6.43,0.46,4.12,5,6.5,,,3.0,1.0,2.0,,2.0,2.0,1.0,,,,,,,,,,,,False,BAH,estavel,0.641,18,False,Provável
131832,Portilla,293,CAP,4,Meia,2,3.27,0.37,1.0,6,4.0,,1.0,5.0,10.0,,,5.0,,,,,,,,,,,,,,False,BAH,estavel,0.306,124,False,Dúvida
143193,Viveros,293,CAP,5,Atacante,7,12.49,0.52,8.3,6,11.0,1.0,1.0,1.0,15.0,5.0,7.0,23.0,,,3.0,,,,3.0,,2.0,,,,,False,BAH,alta,0.665,18,False,Provável
125746,Dudu,293,CAP,4,Meia,7,4.02,3.22,3.04,5,14.2,,,3.0,,1.0,,3.0,,,,,,,1.0,,,,,,,False,BAH,alta,0.756,13,False,Provável
84339,Bruno Melo,294,CFC,2,Lateral,7,5.28,-1.03,3.93,7,0.0,1.0,1.0,5.0,2.0,,1.0,2.0,3.0,,2.0,,,,,,,,,,,True,VAS,baixa,0.744,15,False,Provável
90302,Pedro Rocha,294,CFC,5,Atacante,7,7.09,-0.95,4.35,8,0.5,,1.0,3.0,12.0,4.0,11.0,12.0,,,7.0,,,,2.0,,,,,,,True,VAS,baixa,0.614,29,False,Provável
110708,Pedro Rangel,294,CFC,1,Goleiro,7,5.78,-1.47,5.2,5,0.6,,,,,,,2.0,3.0,,,,10.0,3.0,,,,,,,,True,VAS,baixa,0.9,1,False,Provável
104811,Sebastián Gómez,294,CFC,4,Meia,7,4.09,0.5,2.08,6,3.4,,1.0,6.0,9.0,2.0,1.0,8.0,,,,,,,,,,,,,,True,VAS,estavel,0.509,56,False,Provável
97878,Jacy,294,CFC,3,Zagueiro,7,4.79,-1.5,4.38,7,0.8,,1.0,8.0,2.0,,1.0,3.0,2.0,,,,,,1.0,,,,,,,True,VAS,baixa,0.914,3,False,Provável
126977,Fernando Seabra,294,CFC,6,Técnico,7,7.23,-0.92,5.58,8,1.53,,,,,,,,,,,,,,,,,,4.0,,,True,VAS,baixa,0.772,1,False,Provável
123648,Lucas Ronier,294,CFC,5,Atacante,7,10.58,0.24,8.38,8,4.5,3.0,2.0,19.0,6.0,1.0,7.0,19.0,,1.0,,,,,1.0,,,,,,,True,VAS,estavel,0.792,6,False,Provável
101405,Wallisson,294,CFC,4,Meia,7,4.76,-0.39,3.1,6,0.1,,2.0,14.0,12.0,,1.0,5.0,,,1.0,,,,,,,,,,,True,VAS,estavel,0.651,23,False,Provável
84626,Josué,294,CFC,4,Meia,7,4.63,-0.31,2.43,7,-0.1,2.0,1.0,4.0,8.0,1.0,4.0,6.0,,,,,,,,,,1.0,,,,True,VAS,estavel,0.525,52,False,Provável
82730,Marcelo Rangel,364,REM,1,Goleiro,7,5.4,1.53,2.84,8,6.8,,1.0,,,,,1.0,,,,,24.0,15.0,,,,,,1.0,,False,SAN,alta,0.526,11,False,Provável
109127,Tiago Cóser,294,CFC,3,Zagueiro,7,3.29,0.0,2.47,6,0.0,,1.0,2.0,9.0,,,1.0,3.0,,,,,,,,,,,,,True,VAS,estavel,0.751,7,False,Provável
97795,Marcelinho,364,REM,2,Lateral,7,3.04,0.55,1.58,5,4.4,,,3.0,2.0,1.0,1.0,4.0,,,,,,,,,,,,,,False,SAN,alta,0.52,50,False,Provável
107172,Patrick de Paula,364,REM,4,Meia,7,7.36,0.0,5.48,6,0.0,2.0,4.0,8.0,8.0,3.0,9.0,13.0,,,,,,,,,,,,,,False,SAN,estavel,0.745,14,False,Provável
122441,Kayky Almeida,364,REM,3,Zagueiro,7,2.81,0.0,1.89,7,2.3,,1.0,8.0,5.0,2.0,1.0,1.0,,,,,,,,,,,,,,False,SAN,estavel,0.673,15,False,Provável
98224,Jáderson,364,REM,4,Meia,7,3.22,0.0,0.8,4,1.5,,,1.0,1.0,,,4.0,,,,,,,,,,,,,,False,SAN,estavel,0.248,137,False,Provável
102911,Zé Ricardo,364,REM,4,Meia,7,5.55,1.03,3.85,8,7.0,,2.0,20.0,14.0,2.0,2.0,6.0,,,,,,,,,,,,,,False,SAN,alta,0.694,20,False,Provável
68822,Rafael Santos,315,CHA,1,Goleiro,7,3.0,0.0,0.0,0,0.0,,,,,,,,,,,,,,,,,,,,,True,CAM,estavel,0.0,27,False,Provável
73481,Gilmar Dal Pozzo,315,CHA,6,Técnico,7,6.26,-0.33,4.38,7,2.4,,,,,,,,,,,,,,,,,,1.0,,,True,CAM,estavel,0.7,2,False,Provável
95620,Bruno Leonardo,315,CHA,3,Zagueiro,7,2.87,-1.05,1.73,6,-1.3,,1.0,3.0,1.0,1.0,,4.0,1.0,,,1.0,,,,,,,,,,True,CAM,baixa,0.603,24,False,Provável
68938,Giovanni Augusto,315,CHA,4,Meia,7,3.53,0.12,1.08,6,1.0,,1.0,3.0,5.0,,,9.0,,,,,,,,,,,,,,True,CAM,estavel,0.306,124,False,Provável
105664,Walter Clar,315,CHA,2,Lateral,7,7.96,-0.98,5.94,7,1.5,1.0,,4.0,3.0,1.0,1.0,1.0,1.0,,,,,,3.0,,,,,,,True,CAM,baixa,0.746,14,False,Provável
101393,Eduardo Doma,315,CHA,3,Zagueiro,7,4.17,-0.4,3.13,7,1.5,,1.0,6.0,4.0,,2.0,1.0,1.0,,,,,,1.0,,,,,,,True,CAM,estavel,0.751,7,False,Provável
97969,Marcos Vinícius,315,CHA,2,Lateral,7,2.0,0.0,-1.3,1,0.0,,1.0,,1.0,,,,,,,,,,,,,,,,,True,CAM,estavel,-0.65,114,False,Provável
104519,Camilo,315,CHA,4,Meia,7,4.86,-0.08,2.88,6,2.5,,2.0,11.0,10.0,1.0,2.0,6.0,,,,,,,,,,,,,,True,CAM,estavel,0.593,36,False,Provável
109336,Rafael Carvalheira,315,CHA,4,Meia,7,5.28,0.0,2.77,7,2.0,,1.0,8.0,9.0,,2.0,3.0,,,,,,,1.0,,,,,,,True,CAM,estavel,0.525,52,False,Provável
122138,João Vitor,315,CHA,4,Meia,7,3.11,0.0,1.85,4,0.0,,,4.0,5.0,,3.0,1.0,,,,,,,,,,,,,,True,CAM,estavel,0.595,34,False,Provável
97900,Vitão,262,FLA,3,Zagueiro,2,8.98,-1.67,2.45,2,-1.6,,1.0,1.0,2.0,,,,1.0,,,,,,,,,,,,,False,RBB,baixa,0.273,71,False,Dúvida
123625,Ítalo,315,CHA,5,Atacante,7,3.24,-0.06,2.27,7,2.8,,,7.0,2.0,,3.0,6.0,,,4.0,,,,,,1.0,,,,,True,CAM,estavel,0.701,13,False,Provável
