atleta_id,nome,clube_id,clube,posicao_id,posicao,status_id,preco,variacao,media,jogos,pontos_rodada,scout_DE,scout_FS,scout_GS,scout_SG,scout_CA,scout_DS,scout_FC,scout_I,scout_FD,scout_FF,scout_FT,scout_PC,scout_A,scout_G,scout_PP,scout_PS,scout_CV,scout_V,scout_DP,scout_GC
99552,Rossi,262,FLA,1,Goleiro,7,9.14,-0.11,5.25,4,6.8,10.0,2.0,3.0,2.0,,,,,,,,,,,,,,,,
130843,Arthur Dias,293,CAP,3,Zagueiro,7,5.0,-0.3,3.37,4,0.5,,3.0,,1.0,1.0,6.0,3.0,1.0,,,,,,,,,,,,
97900,Vitão,262,FLA,3,Zagueiro,6,10.65,1.65,6.5,1,6.5,,,,1.0,,1.0,,,,,,,,,,,,,,
110426,Bernabei,285,INT,2,Lateral,7,8.17,0.82,3.28,6,6.5,,7.0,,,2.0,7.0,9.0,4.0,4.0,5.0,1.0,1.0,,,,,,,,
124674,Felipe Negrucci,276,SAO,4,Meia,6,2.0,0.0,0.0,0,0.0,,,,,,,,,,,,,,,,,,,,
51772,Everton Ribeiro,265,BAH,4,Meia,5,10.45,0.0,5.87,3,0.0,,8.0,,,,5.0,3.0,,1.0,1.0,,,1.0,,,,,,,
130806,Kauan,315,CHA,3,Zagueiro,6,1.0,0.0,0.0,0,0.0,,,,,,,,,,,,,,,,,,,,
89274,Andreas Pereira,275,PAL,4,Meia,7,14.05,-1.17,7.27,6,0.0,,2.0,,,1.0,7.0,9.0,,1.0,2.0,,,5.0,1.0,,,,,,
112709,Kaiki Bruno,283,CRU,2,Lateral,7,11.3,1.64,4.67,6,12.0,,7.0,,,1.0,13.0,6.0,,1.0,2.0,,,1.0,,,,,,,
89837,Lucho Acosta,266,FLU,4,Meia,7,12.77,0.08,8.87,6,6.3,,7.0,,,1.0,11.0,8.0,,3.0,5.0,,,1.0,3.0,,,,,,
68708,Eduardo,2305,MIR,4,Meia,5,6.9,0.0,4.2,3,0.0,,5.0,,,,1.0,6.0,,2.0,,,,,1.0,,,,,,
140438,David,315,CHA,4,Meia,6,0.69,-0.16,-0.15,2,-0.3,,,,,,,1.0,,,,,,,,,,,,,
141776,Gustavo Henrique,277,SAN,4,Meia,6,2.58,0.58,2.0,1,2.0,,1.0,,,,1.0,,,,,,,,,,,,,,
78850,Reinaldo,2305,MIR,2,Lateral,7,9.75,-1.14,0.23,4,-0.9,,3.0,,,2.0,1.0,3.0,,,1.0,,,,,,,,,,
126471,Barreal,277,SAN,4,Meia,6,12.01,-0.8,5.96,5,4.1,,6.0,,,1.0,10.0,9.0,1.0,3.0,5.0,,,,1.0,,,,,,
39148,Hulk,282,CAM,5,Atacante,7,12.7,-1.43,6.07,6,0.5,,18.0,,,,4.0,5.0,3.0,1.0,5.0,,,2.0,1.0,,,,,,
89368,Braithwaite,284,GRE,5,Atacante,6,13.0,0.0,0.0,0,0.0,,,,,,,,,,,,,,,,,,,,
80287,Luciano,276,SAO,5,Atacante,7,15.49,-2.29,6.82,5,1.2,,10.0,,,2.0,5.0,6.0,2.0,3.0,5.0,,,1.0,2.0,1.0,1.0,,,,
100652,Yuri Alberto,264,COR,5,Atacante,6,14.76,0.0,1.85,2,0.0,,1.0,,,,,2.0,2.0,2.0,2.0,,,,,,,,,,
147297,William Fernando,283,CRU,2,Lateral,6,1.0,0.0,0.0,0,0.0,,,,,,,,,,,,,,,,,,,,
144423,Nicolas Pontes,283,CRU,2,Lateral,6,1.0,0.0,0.0,0,0.0,,,,,,,,,,,,,,,,,,,,
133673,Mateus Xavier,277,SAN,5,Atacante,6,2.0,0.0,0.0,0,0.0,,,,,,,,,,,,,,,,,,,,
115025,Miguelito,277,SAN,4,Meia,6,4.04,0.0,1.9,4,0.0,,1.0,,,,3.0,2.0,,,4.0,,,,,,,,,,
117842,Vitinho,283,CRU,4,Meia,6,2.0,0.0,0.0,0,0.0,,,,,,,,,,,,,,,,,,,,
142049,Bruno Alves,283,CRU,3,Zagueiro,6,2.0,0.0,0.0,0,0.0,,,,,,,,,,,,,,,,,,,,
123649,Janderson,283,CRU,3,Zagueiro,6,1.0,0.0,0.0,0,0.0,,,,,,,,,,,,,,,,,,,,
128433,Johan Rojas,267,VAS,4,Meia,6,3.96,0.1,0.94,5,-1.0,,,,,1.0,2.0,4.0,1.0,2.0,2.0,,,,,,,,,,
146991,Rhuan Gabriel,283,CRU,4,Meia,6,1.0,0.0,0.0,0,0.0,,,,,,,,,,,,,,,,,,,,
86292,Bolasie,315,CHA,5,Atacante,7,4.45,-0.49,1.27,4,0.9,,7.0,,,1.0,1.0,5.0,,,2.0,,,,,,1.0,,,,
106104,Enamorado,284,GRE,5,Atacante,7,6.82,-1.55,3.1,5,0.0,,5.0,,,1.0,3.0,5.0,,3.0,3.0,,,1.0,,,,,,,
91639,Igor Cariús,2305,MIR,2,Lateral,5,2.94,0.0,1.0,1,0.0,,1.0,,,,1.0,,,,,,1.0,,,,,,,,
142130,Marcelo Eráclito,283,CRU,1,Goleiro,6,1.0,0.0,0.0,0,0.0,,,,,,,,,,,,,,,,,,,,
147287,Kaiquy Luiz,283,CRU,3,Zagueiro,6,1.0,0.0,0.0,0,0.0,,,,,,,,,,,,,,,,,,,,
94583,Pedro,262,FLA,5,Atacante,7,19.02,-0.67,9.45,4,11.8,,8.0,,,,8.0,4.0,,1.0,1.0,,,1.0,2.0,,,,,,
112367,Thalisson Gabriel,364,REM,3,Zagueiro,6,3.0,0.0,0.0,0,0.0,,,,,,,,,,,,,,,,,,,,
118655,Saldivia,267,VAS,3,Zagueiro,7,5.44,-0.27,1.53,3,1.3,,4.0,,,,2.0,4.0,,,1.0,,,,,,,,,,
114802,Vitor Roque,275,PAL,5,Atacante,7,21.71,0.0,11.8,4,0.0,,13.0,,,1.0,7.0,6.0,2.0,3.0,2.0,1.0,,,3.0,,1.0,,,,
78946,Dória,276,SAO,3,Zagueiro,6,7.0,0.0,0.0,0,0.0,,,,,,,,,,,,,,,,,,,,
103445,Kaio Jorge,283,CRU,5,Atacante,2,12.66,0.0,4.42,4,0.0,,3.0,,,,,2.0,4.0,3.0,7.0,,,,1.0,,,,,,
131516,JP Chermont,294,CFC,2,Lateral,7,6.35,2.69,6.73,3,13.0,,2.0,,2.0,,3.0,1.0,,,,,,1.0,,,,,,,
124758,Gustavo Henrique,280,RBB,3,Zagueiro,6,3.0,0.0,0.0,0,0.0,,,,,,,,,,,,,,,,,,,,
126182,Paulinho,285,INT,4,Meia,3,3.8,-1.36,2.12,6,-1.1,,8.0,,,3.0,8.0,10.0,1.0,1.0,2.0,,,,,,,,,,
101908,Willian Machado,2305,MIR,3,Zagueiro,7,5.24,0.35,3.05,4,3.5,,4.0,,,1.0,6.0,2.0,,1.0,2.0,,,,,,,,,,
108713,Galeano,2305,MIR,5,Atacante,6,5.79,0.0,1.17,3,0.0,,,,,,,,1.0,3.0,,,,,,,,,,,
145400,Cauê,280,RBB,2,Lateral,7,2.0,0.0,0.0,0,0.0,,,,,,,,,,,,,,,,,,,,
115986,Denilson,2305,MIR,4,Meia,6,4.74,0.0,1.4,1,0.0,,1.0,,,,1.0,2.0,,,,,,,,,,,,,
81121,Lucas Mugni,2305,MIR,4,Meia,6,7.0,0.0,0.0,0,0.0,,,,,,,,,,,,,,,,,,,,
126120,Marcelinho,280,RBB,4,Meia,6,3.03,0.0,6.3,1,0.0,,,,,,,1.0,,,2.0,,,1.0,,,,,,,
130280,Phillipe Gabriel,267,VAS,1,Goleiro,6,1.0,0.0,0.0,0,0.0,,,,,,,,,,,,,,,,,,,,
94514,Lucas Oliveira,2305,MIR,3,Zagueiro,6,4.0,0.0,0.0,0,0.0,,,,,,,,,,,,,,,,,,,,
141139,Mateus Iseppe,282,CAM,4,Meia,6,2.0,0.0,0.0,0,0.0,,,,,,,,,,,,,,,,,,,,
133696,Wallace Davi,263,BOT,4,Meia,6,4.0,0.0,0.0,0,0.0,,,,,,,,,,,,,,,,,,,,
132412,Román Gómez,265,BAH,2,Lateral,2,8.87,0.0,12.5,1,0.0,,,,1.0,,5.0,,,,,,,,,,,,,,
90061,Bruno Pacheco,315,CHA,2,Lateral,6,6.0,0.0,0.0,0,0.0,,,,,,,,,,,,,,,,,,,,
147090,Kauã Pascini,282,CAM,2,Lateral,6,1.0,0.0,0.0,0,0.0,,,,,,,,,,,,,,,,,,,,
141131,Vitão,282,CAM,3,Zagueiro,6,1.0,0.0,0.0,0,0.0,,,,,,,,,,,,,,,,,,,,
94154,Maycon,282,CAM,4,Meia,5,5.9,0.0,2.4,4,0.0,,2.0,,,,6.0,4.0,,,1.0,,,,,,,,,,
83433,Patrick,364,REM,4,Meia,6,4.45,0.43,1.75,4,3.7,,4.0,,,,3.0,1.0,,,1.0,,,,,,,,,,
114040,Minda,282,CAM,5,Atacante,6,7.02,-0.97,1.07,3,0.0,,1.0,,,,1.0,,,1.0,,,,,,,,,,,
51413,Walter,2305,MIR,1,Goleiro,7,5.63,0.37,3.05,4,2.9,14.0,,6.0,,,,,,,,,,,,,,,,,
141873,Jacaré,264,COR,2,Lateral,6,2.0,0.0,0.0,0,0.0,,,,,,,,,,,,,,,,,,,,
102909,Luan,276,SAO,4,Meia,6,3.48,0.0,0.75,2,0.0,,,,,,1.0,,,,,,,,,,,,,,
70666,Marllon,364,REM,3,Zagueiro,7,5.38,-0.5,3.3,6,0.5,,7.0,,,1.0,12.0,5.0,,,1.0,,,,,,,,,,
70449,Gabriel,287,VIT,1,Goleiro,6,5.6,0.0,2.2,2,0.0,3.0,1.0,5.0,1.0,,,,,,,,,,,,,,,,
91251,Rodrigues,2305,MIR,3,Zagueiro,6,4.11,0.0,2.0,1,0.0,,1.0,,,,1.0,,,,,,,,,,,,,,
116034,Victor Hugo,282,CAM,4,Meia,7,6.83,-0.72,5.0,6,0.0,,2.0,,,,4.0,,,1.0,1.0,,,1.0,2.0,,,,,,
103183,Andrew,262,FLA,1,Goleiro,6,3.0,0.0,0.0,0,0.0,,,,,,,,,,,,,,,,,,,,
130048,Noriega,284,GRE,3,Zagueiro,7,7.12,-1.13,5.42,5,-1.5,,6.0,,,1.0,9.0,10.0,,,2.0,,,1.0,1.0,,,,,,
100342,Léo Andrade,364,REM,3,Zagueiro,6,4.79,0.0,2.95,4,0.0,,1.0,,,1.0,9.0,4.0,,,,,,,,,,,,,
106708,Igor Formiga,2305,MIR,2,Lateral,7,7.33,0.68,4.48,4,4.7,,1.0,,,,6.0,4.0,,,2.0,,,,1.0,,,,,,
103388,Emmanuel Martínez,287,VIT,4,Meia,7,7.35,1.19,5.6,2,6.7,,8.0,,,,6.0,6.0,,,,,,,,,,,,,
93988,Breno Lopes,294,CFC,5,Atacante,7,8.54,-0.37,5.2,6,0.1,,8.0,,,1.0,3.0,6.0,5.0,1.0,1.0,,,,3.0,,,,,,
89256,Gerson,283,CRU,4,Meia,7,8.11,-0.2,2.32,6,2.2,,10.0,,,2.0,7.0,6.0,2.0,2.0,,,,,,,,,,,
69208,Gabriel Paulista,264,COR,3,Zagueiro,7,10.24,-0.8,6.0,4,2.2,,3.0,,1.0,,5.0,4.0,,,4.0,,,,1.0,,,,,,
141614,Paulinho,276,SAO,5,Atacante,6,2.0,0.0,0.0,0,0.0,,,,,,,,,,,,,,,,,,,,
105089,Tetê,284,GRE,5,Atacante,6,12.3,0.51,6.67,4,6.8,,5.0,,,,5.0,1.0,,1.0,6.0,1.0,,,1.0,,,,,,
106302,Preciado,282,CAM,2,Lateral,2,7.12,-0.62,3.15,4,3.2,,5.0,,1.0,1.0,4.0,5.0,,,2.0,,,,,,,,,,
105157,Villagra,285,INT,4,Meia,6,6.55,0.0,0.0,1,0.0,,,,,,,,,,,,,,,,,,,,
147194,Bruninho,293,CAP,4,Meia,6,2.57,0.0,0.0,1,0.0,,,,,,,,,,,,,,,,,,,,
147864,Rafael Monti,364,REM,5,Atacante,6,3.56,0.0,0.0,1,0.0,,,,,,,,,,,,,,,,,,,,
71536,Luiz Gustavo,293,CAP,4,Meia,7,7.8,2.44,4.8,3,11.9,,4.0,,,1.0,4.0,2.0,,,,,,,1.0,,,,,,
123689,Milans,264,COR,2,Lateral,6,7.21,0.0,4.9,1,0.0,,2.0,,,,3.0,2.0,,,,,,,,,,,,,
110633,Gustavo,294,CFC,4,Meia,6,4.0,0.0,0.0,0,0.0,,,,,,,,,,,,,,,,,,,,
114308,Cufré,364,REM,2,Lateral,6,3.45,0.0,-0.3,1,0.0,,,,,,,1.0,,,,,,,,,,,,,
89918,Everton Galdino,2305,MIR,5,Atacante,6,2.84,0.0,0.57,3,0.0,,1.0,,,,,,,1.0,,,,,,,,,,,
113125,Picco,364,REM,4,Meia,7,6.79,-0.06,4.64,5,1.9,,,,,1.0,10.0,8.0,,1.0,3.0,,,,1.0,,,,,,
146374,Gilberto,293,CAP,2,Lateral,6,2.0,0.0,0.0,0,0.0,,,,,,,,,,,,,,,,,,,,
122554,Freitas,364,REM,4,Meia,6,1.0,0.0,0.0,0,0.0,,,,,,,,,,,,,,,,,,,,
142265,Dell,265,BAH,5,Atacante,6,2.2,0.32,0.97,3,1.4,,3.0,,,,2.0,2.0,,1.0,1.0,,,,,,,1.0,,,
97906,Riccieli,287,VIT,3,Zagueiro,6,4.85,0.0,3.5,2,0.0,,,,1.0,,1.0,1.0,,,1.0,,,,,,,,,,
105842,Edu,287,VIT,3,Zagueiro,5,4.13,0.0,1.5,1,0.0,,,,,,1.0,,,,,,,,,,,,,,
146623,Luis Pacheco,275,PAL,4,Meia,6,2.54,0.0,0.0,1,0.0,,,,,,,,,,,,,,,,,,,,
86859,José Welison,364,REM,4,Meia,6,2.32,-0.16,-0.15,4,0.0,,,,,1.0,,4.0,,,2.0,,,,,,,,,,
68952,Marinho,287,VIT,5,Atacante,2,5.91,-0.8,1.8,2,0.0,,2.0,,,,1.0,1.0,2.0,,2.0,,,,,,,,,,
95362,Cassierra,282,CAM,5,Atacante,7,7.45,-0.75,0.7,3,0.8,,1.0,,,,,,,,2.0,,,,,,,,,,
110598,Marino Hinestroza,267,VAS,5,Atacante,6,7.08,0.0,1.47,3,0.0,,3.0,,,,2.0,3.0,,,1.0,,,,,,,,,,
107859,Fintelman,287,VIT,1,Goleiro,5,2.0,0.0,0.0,0,0.0,,,,,,,,,,,,,,,,,,,,
90370,Matheus Pereira,264,COR,4,Meia,6,5.21,0.0,1.6,2,0.0,,,,,,2.0,2.0,,,1.0,,,,,,,,,,
145436,Belé,275,PAL,5,Atacante,6,3.0,0.0,0.0,0,0.0,,,,,,,,,,,,,,,,,,,,
87552,Vitor Bueno,364,REM,4,Meia,7,7.01,-0.33,3.56,5,2.0,,5.0,,,,2.0,3.0,,3.0,2.0,,,,1.0,,,,,,
99789,Brenner,267,VAS,5,Atacante,6,9.4,1.17,4.68,4,8.0,,4.0,,,1.0,,1.0,,2.0,2.0,2.0,,,1.0,,,,,,
140496,Tiaguinho,284,GRE,4,Meia,6,1.0,0.0,0.0,0,0.0,,,,,,,,,,,,,,,,,,,,
147088,Cissé,282,CAM,4,Meia,5,1.72,0.0,1.65,2,0.0,,2.0,,,,1.0,,,,1.0,,,,,,,,,,
107075,Yuri Sena,287,VIT,1,Goleiro,6,1.0,0.0,0.0,0,0.0,,,,,,,,,,,,,,,,,,,,
107093,Luciano Juba,265,BAH,2,Lateral,7,9.87,0.11,7.02,5,4.2,,5.0,,2.0,1.0,7.0,3.0,,3.0,3.0,,,,1.0,,,,,,
145404,Arthur,275,PAL,2,Lateral,6,2.38,1.72,2.23,3,7.0,,1.0,,1.0,,1.0,1.0,,,,,,,,,,,,,
101729,Fabinho,294,CFC,5,Atacante,6,2.11,-0.15,-0.13,3,0.0,,,,,1.0,,2.0,,1.0,,,,,,,,,,,
141628,Pablo Lúcio,262,FLA,4,Meia,6,2.0,0.0,0.0,0,0.0,,,,,,,,,,,,,,,,,,,,
130906,Riquelme,293,CAP,4,Meia,6,0.71,0.0,-0.3,1,0.0,,,,,,,1.0,,,,,,,,,,,,,
130608,Riquelme Fillipi,275,PAL,5,Atacante,6,0.71,0.0,-0.3,1,0.0,,,,,,,1.0,,,,,,,,,,,,,
147202,João Bezerra,285,INT,5,Atacante,6,1.0,0.0,0.0,0,0.0,,,,,,,,,,,,,,,,,,,,
104134,Fabri,287,VIT,5,Atacante,6,5.51,-0.52,3.65,4,0.0,,2.0,,,,2.0,2.0,,2.0,1.0,1.0,,1.0,,,,,,,
141406,Andrey Fernandes,267,VAS,5,Atacante,6,1.41,0.0,1.7,1,0.0,,1.0,,,,,,,1.0,,,,,,,,,,,
141551,Índio,282,CAM,4,Meia,6,1.0,0.0,0.0,0,0.0,,,,,,,,,,,,,,,,,,,,
130847,Zé Breno,287,VIT,4,Meia,6,2.0,0.0,0.0,0,0.0,,,,,,,,,,,,,,,,,,,,
146632,Alisson,285,INT,2,Lateral,6,1.0,0.0,0.0,0,0.0,,,,,,,,,,,,,,,,,,,,
142638,João Victor,285,INT,5,Atacante,6,1.0,0.0,0.0,0,0.0,,,,,,,,,,,,,,,,,,,,
94930,Lucas Paquetá,262,FLA,4,Meia,7,16.85,-0.4,6.23,3,6.8,,9.0,,,1.0,8.0,8.0,,2.0,4.0,,,,,,,,,,
147788,Arthur Izaque,263,BOT,5,Atacante,6,1.0,0.0,0.0,0,0.0,,,,,,,,,,,,,,,,,,,,
147782,Arthur Novaes,263,BOT,4,Meia,6,1.0,0.0,0.0,0,0.0,,,,,,,,,,,,,,,,,,,,
147883,João Vitor,267,VAS,5,Atacante,6,0.72,0.0,0.0,2,0.0,,,,,,,,,,,,,,,,,,,,
130698,Kadu,263,BOT,2,Lateral,6,1.0,0.0,0.0,0,0.0,,,,,,,,,,,,,,,,,,,,
118844,Kaio César,264,COR,5,Atacante,6,10.83,2.83,9.3,1,9.3,,3.0,,,1.0,2.0,1.0,1.0,1.0,,,,1.0,,,,,,,
142086,Kauan Toledo,263,BOT,5,Atacante,6,1.0,0.0,0.0,0,0.0,,,,,,,,,,,,,,,,,,,,
145036,Fernando Pradella,277,SAN,5,Atacante,6,0.82,0.0,0.0,1,0.0,,,,,,,,,,,,,,,,,,,,
141615,Pedro Ferreira,276,SAO,4,Meia,6,1.04,0.0,0.5,1,0.0,,1.0,,,,,,,,,,,,,,,,,,
123738,Herrera,280,RBB,5,Atacante,7,6.12,0.84,3.95,4,8.0,,3.0,,,1.0,4.0,6.0,1.0,2.0,1.0,,,,1.0,,,,,,
101715,Alerrandro,285,INT,5,Atacante,2,5.73,-0.29,1.22,5,2.6,,7.0,,,,,1.0,3.0,,4.0,,,,,,,,,,
129666,JP,267,VAS,4,Meia,6,1.25,0.25,0.9,1,0.9,,,,,,1.0,2.0,,,,,,,,,,,,,
148103,Rafael Soares,364,REM,4,Meia,6,1.0,0.0,0.0,0,0.0,,,,,,,,,,,,,,,,,,,,
108131,Garcez,315,CHA,5,Atacante,5,4.29,0.0,2.4,2,0.0,,3.0,,,,1.0,2.0,,,3.0,,,,,,,,,,
90608,Chico da Costa,283,CRU,5,Atacante,6,6.31,1.52,4.0,2,7.1,,,,,,1.0,3.0,,2.0,,,,1.0,,,,,,,
141126,Pedro Cobra,282,CAM,1,Goleiro,6,1.0,0.0,0.0,0,0.0,,,,,,,,,,,,,,,,,,,,
122413,Pablo Baianinho,287,VIT,4,Meia,6,1.0,0.0,0.0,0,0.0,,,,,,,,,,,,,,,,,,,,
82407,Chico Kim,2305,MIR,4,Meia,6,4.0,0.0,0.0,0,0.0,,,,,,,,,,,,,,,,,,,,
148109,Filipe Lima,364,REM,5,Atacante,6,1.0,0.0,0.0,0,0.0,,,,,,,,,,,,,,,,,,,,
112939,Catarozzi,364,REM,4,Meia,6,5.41,0.0,0.9,1,0.0,,,,,,1.0,2.0,,,,,,,,,,,,,
141991,Tico,364,REM,5,Atacante,6,1.0,0.0,0.0,0,0.0,,,,,,,,,,,,,,,,,,,,
130438,Diego,285,INT,1,Goleiro,6,1.0,0.0,0.0,0,0.0,,,,,,,,,,,,,,,,,,,,
147546,Roger,284,GRE,4,Meia,6,1.5,0.0,1.2,2,0.0,,,,,,1.0,1.0,,1.0,,,,,,,,,,,
116065,Cuiabano,267,VAS,2,Lateral,7,12.6,1.02,9.1,3,11.6,,2.0,,,,7.0,4.0,,2.0,2.0,,,1.0,1.0,,,,,,
143463,Wesley Natã,266,FLU,5,Atacante,6,1.0,0.0,0.0,0,0.0,,,,,,,,,,,,,,,,,,,,
148152,Ararat,294,CFC,4,Meia,6,4.0,0.0,0.0,0,0.0,,,,,,,,,,,,,,,,,,,,
127969,Matheus Reis,266,FLU,5,Atacante,5,1.0,0.0,0.0,0,0.0,,,,,,,,,,,,,,,,,,,,
108162,Nardoni,284,GRE,4,Meia,7,10.19,1.82,4.3,3,11.0,,4.0,,,1.0,3.0,2.0,,,,,,,1.0,,,,,,
97911,Lucas Silva,287,VIT,5,Atacante,6,4.0,0.0,0.0,0,0.0,,,,,,,,,,,,,,,,,,,,
99815,Arias,275,PAL,4,Meia,7,15.69,-0.71,6.6,3,6.4,,4.0,,,1.0,11.0,3.0,,2.0,1.0,,,,,,,,,,
146410,Marquinhos,263,BOT,4,Meia,6,0.85,0.0,0.0,1,0.0,,,,,,,,,,,,,,,,,,,,
148124,Vinicius,315,CHA,3,Zagueiro,6,2.0,0.0,0.0,0,0.0,,,,,,,,,,,,,,,,,,,,
147429,Brayan,294,CFC,5,Atacante,6,1.0,0.0,0.0,0,0.0,,,,,,,,,,,,,,,,,,,,
143173,Leonel Pérez,284,GRE,4,Meia,6,4.33,0.0,-0.3,1,0.0,,,,,,,1.0,,,,,,,,,,,,,
110144,Spinelli,267,VAS,5,Atacante,6,5.6,0.0,1.13,3,0.0,,,,,,2.0,4.0,,,2.0,,,,,,,,,,
148215,Djhordney,276,SAO,4,Meia,6,0.64,0.0,-1.6,1,0.0,,,,,1.0,,2.0,,,,,,,,,,,,,
146430,Justino,263,BOT,3,Zagueiro,6,2.0,0.0,0.0,0,0.0,,,,,,,,,,,,,,,,,,,,
148206,Nadson,277,SAN,5,Atacante,6,1.0,0.0,0.0,0,0.0,,,,,,,,,,,,,,,,,,,,
130393,Luiz Gustavo,265,BAH,3,Zagueiro,6,1.0,0.0,0.0,0,0.0,,,,,,,,,,,,,,,,,,,,
131763,Yuri Leles,280,RBB,4,Meia,6,2.0,0.0,0.0,0,0.0,,,,,,,,,,,,,,,,,,,,
141165,Enzo Vagner,294,CFC,5,Atacante,6,1.04,0.0,0.5,1,0.0,,,,,,,1.0,,,1.0,,,,,,,,,,
93371,Rodrigo Rodrigues,294,CFC,5,Atacante,5,4.0,0.0,0.0,0,0.0,,,,,,,,,,,,,,,,,,,,
141595,Gabriel Mec,284,GRE,5,Atacante,2,1.65,-0.27,1.57,3,0.7,,4.0,,,1.0,2.0,3.0,,,2.0,,,,,,,,,,
97899,Matheus Bahia,285,INT,2,Lateral,2,6.98,-0.02,1.7,1,1.7,,1.0,,,,1.0,1.0,,,,,,,,,,,,,
131964,Jhoan Hernández,263,BOT,2,Lateral,6,4.0,0.0,0.0,0,0.0,,,,,,,,,,,,,,,,,,,,
124386,Kainã,315,CHA,1,Goleiro,6,1.0,0.0,0.0,0,0.0,,,,,,,,,,,,,,,,,,,,
105048,Jajá,364,REM,5,Atacante,6,3.98,1.3,3.23,3,6.1,,5.0,,,1.0,3.0,2.0,1.0,1.0,4.0,,,,,,,,,,
104666,Moisés,277,SAN,5,Atacante,6,5.61,0.0,3.05,2,0.0,,1.0,,,,,2.0,,1.0,,,,1.0,,,,,,,
109987,Medina,263,BOT,4,Meia,7,8.35,0.35,2.9,1,2.9,,3.0,,,,1.0,3.0,,,1.0,,,,,,,,,,
104036,Labyad,264,COR,4,Meia,6,5.53,0.0,0.5,1,0.0,,1.0,,,,,,,,,,,,,,,,,,
133671,Gustavo Reis,280,RBB,1,Goleiro,6,1.0,0.0,0.0,0,0.0,,,,,,,,,,,,,,,,,,,,
145563,João Ananias,277,SAN,3,Zagueiro,6,1.0,0.0,0.0,0,0.0,,,,,,,,,,,,,,,,,,,,
139200,Pedro Kauã,285,INT,3,Zagueiro,6,1.0,0.0,0.0,0,0.0,,,,,,,,,,,,,,,,,,,,
147545,Jefinho,284,GRE,4,Meia,6,1.46,0.0,1.5,1,0.0,,,,,,1.0,,,,,,,,,,,,,,
143465,Keven Samuel,266,FLU,5,Atacante,6,1.0,0.0,0.0,0,0.0,,,,,,,,,,,,,,,,,,,,
132553,Jemmes,266,FLU,3,Zagueiro,7,7.16,-1.48,4.98,5,0.0,,3.0,,2.0,1.0,10.0,2.0,,,,,,,,,,,,,
101807,Oliva,277,SAN,4,Meia,7,7.23,2.23,7.0,1,7.0,,1.0,,,,4.0,1.0,,,1.0,,,,,,,,,,
92747,Eduardo Domínguez,282,CAM,6,Técnico,7,10.85,-0.66,5.35,2,2.55,,,,,,,,,,,,,,,,,,1.0,,
142275,Luiz Felipe,262,FLA,4,Meia,6,1.0,0.0,0.0,0,0.0,,,,,,,,,,,,,,,,,,,,
147875,Daniel Silva,262,FLA,3,Zagueiro,6,1.0,0.0,0.0,0,0.0,,,,,,,,,,,,,,,,,,,,
93834,Keiller,294,CFC,1,Goleiro,6,4.0,0.0,0.0,0,0.0,,,,,,,,,,,,,,,,,,,,
124219,Millán,266,FLU,3,Zagueiro,6,6.0,0.0,0.0,0,0.0,,,,,,,,,,,,,,,,,,,,
100804,Tchamba,364,REM,3,Zagueiro,7,4.4,-0.5,0.7,2,0.2,,1.0,,,,1.0,2.0,,,,,,,,,,,,,
93368,Lucas Veríssimo,277,SAN,3,Zagueiro,7,8.0,0.0,0.0,0,0.0,,,,,,,,,,,,,,,,,,,,
116137,João Moreira,276,SAO,2,Lateral,6,4.0,0.0,0.0,0,0.0,,,,,,,,,,,,,,,,,,,,
126189,Tomás Pérez,282,CAM,4,Meia,2,4.42,0.09,0.8,2,1.9,,,,,1.0,2.0,4.0,,,1.0,,,,,,,,,,
41929,Renato Gaúcho,267,VAS,6,Técnico,7,10.53,0.15,5.89,2,4.83,,,,,,,,,,,,,,,,,,1.0,,
88963,Leonardo Jardim,262,FLA,6,Técnico,7,14.76,1.72,10.43,2,11.41,,,,,,,,,,,,,,,,,,2.0,,
141400,Huguinho,263,BOT,4,Meia,6,3.0,0.0,0.0,0,0.0,,,,,,,,,,,,,,,,,,,,
81720,Lingard,264,COR,5,Atacante,6,6.0,0.0,0.0,0,0.0,,,,,,,,,,,,,,,,,,,,
37457,Léo Condé,364,REM,6,Técnico,7,7.21,-0.19,2.63,2,2.3,,,,,,,,,,,,,,,,,,,,
124424,Rodrigo Castillo,266,FLU,5,Atacante,6,7.7,-0.44,2.2,2,1.7,,2.0,,,,1.0,,1.0,1.0,1.0,,,,,,,,,,
79437,Roger Machado,276,SAO,6,Técnico,7,12.4,-0.1,7.42,2,4.96,,,,,,,,,,,,,,,,,,2.0,,
71898,Gabriel Pires,2305,MIR,4,Meia,6,4.83,-0.17,0.8,1,0.8,,1.0,,,,,3.0,,1.0,,,,,,,,,,,
142260,Bernardo Zortea,284,GRE,4,Meia,6,1.0,0.0,0.0,0,0.0,,,,,,,,,,,,,,,,,,,,
133690,Bruno Lopes,267,VAS,5,Atacante,6,1.0,0.0,0.0,0,0.0,,,,,,,,,,,,,,,,,,,,
147268,Anderson Pato,287,VIT,5,Atacante,6,3.29,0.29,1.5,1,1.5,,,,,,1.0,,,,,,,,,,,,,,
129661,Wendel,265,BAH,4,Meia,6,1.0,0.0,0.0,0,0.0,,,,,,,,,,,,,,,,,,,,
115537,Marcos Victor,265,BAH,3,Zagueiro,6,3.0,0.0,0.0,0,0.0,,,,,,,,,,,,,,,,,,,,
141752,Caio Valle,263,BOT,4,Meia,6,1.0,0.0,0.0,0,0.0,,,,,,,,,,,,,,,,,,,,
84268,Georgemy,2305,MIR,1,Goleiro,6,3.0,0.0,0.0,0,0.0,,,,,,,,,,,,,,,,,,,,
121823,Kauê,264,COR,1,Goleiro,6,1.0,0.0,0.0,0,0.0,,,,,,,,,,,,,,,,,,,,
148125,Ryan Augusto,280,RBB,2,Lateral,6,1.83,0.83,2.4,1,2.4,,,,,,1.0,1.0,,1.0,,,,,,,,,,,
141184,Walace Falcão,267,VAS,3,Zagueiro,6,1.0,0.0,0.0,0,0.0,,,,,,,,,,,,,,,,,,,,
141594,Pedro Gabriel,284,GRE,2,Lateral,6,2.0,0.0,0.0,0,0.0,,,,,,,,,,,,,,,,,,,,
145659,Nicolas,276,SAO,2,Lateral,6,2.79,0.0,5.0,1,0.0,,,,1.0,,,,,,,,,,,,,,,,
142261,Jeferson,284,GRE,5,Atacante,6,1.0,0.0,0.0,0,0.0,,,,,,,,,,,,,,,,,,,,
140726,David Martins,265,BAH,4,Meia,6,0.89,0.0,0.0,1,0.0,,,,,,,,,,,,,,,,,,,,
122922,Wanderson Aranha,275,PAL,1,Goleiro,6,1.0,0.0,0.0,0,0.0,,,,,,,,,,,,,,,,,,,,
130232,Caio Roque,263,BOT,2,Lateral,6,4.0,0.0,0.0,0,0.0,,,,,,,,,,,,,,,,,,,,
146894,João Bom,315,CHA,5,Atacante,6,2.0,0.0,0.0,0,0.0,,,,,,,,,,,,,,,,,,,,
91971,Wesley Carvalho,283,CRU,6,Técnico,7,9.29,0.0,0.0,0,0.0,,,,,,,,,,,,,,,,,,,,
110605,Vinícius Balieiro,315,CHA,4,Meia,6,3.61,-0.39,0.0,1,0.0,,,,,,,,,,,,,,,,,,,,
124270,Allex,285,INT,4,Meia,6,1.77,0.0,2.3,1,0.0,,,,,,1.0,,,,1.0,,,,,,,,,,
109573,Martinelli,266,FLU,4,Meia,7,5.81,0.08,1.63,6,1.7,,4.0,,,1.0,4.0,8.0,,3.0,2.0,,,,,,,,,,
101254,Alef Manga,364,REM,5,Atacante,7,8.58,-0.16,6.73,6,1.6,,4.0,,,,2.0,3.0,9.0,4.0,8.0,,,2.0,2.0,,,,,,
104502,Christian,283,CRU,4,Meia,7,8.85,1.77,4.55,6,11.7,,9.0,,,,7.0,4.0,1.0,2.0,4.0,,,,1.0,,,,,,
106593,Villalba,283,CRU,3,Zagueiro,7,7.73,-0.89,1.07,3,0.5,,,,,,2.0,2.0,,,1.0,,,,,,,,,,
105949,Rochet,285,INT,1,Goleiro,7,6.39,0.21,2.85,6,3.1,17.0,,8.0,,,2.0,,,,,,,,,,,,,,
68685,Alan Patrick,285,INT,4,Meia,7,7.22,-0.03,3.88,6,2.5,,12.0,,,,3.0,4.0,,1.0,6.0,,,,1.0,,,,,,
42234,Cássio,283,CRU,1,Goleiro,5,6.89,0.0,1.32,5,0.0,12.0,2.0,10.0,,,,,,,,,,,,,,,,,
92171,Arthur Cabral,263,BOT,5,Atacante,7,8.64,-0.44,4.65,4,0.7,,6.0,,,,,6.0,,1.0,4.0,,,1.0,1.0,,,,,,
97810,Erick,287,VIT,5,Atacante,2,10.4,2.18,6.22,4,11.9,,4.0,,,1.0,1.0,1.0,1.0,2.0,3.0,,,2.0,1.0,,,,,,
69012,Santos,293,CAP,1,Goleiro,7,10.29,0.54,5.85,4,6.1,18.0,,5.0,1.0,,,,,,,,,,,,,,,,
72294,Everson,282,CAM,1,Goleiro,7,9.79,-2.12,5.8,6,0.6,26.0,2.0,10.0,1.0,,,,,,,,,1.0,,,,,,,
104758,Enzo Díaz,276,SAO,2,Lateral,7,10.18,-1.15,6.87,4,1.9,,8.0,,1.0,1.0,10.0,7.0,,,2.0,,,1.0,,,,,,,
68928,Rafael,276,SAO,1,Goleiro,7,8.48,-0.76,4.82,6,1.6,13.0,,3.0,3.0,,,,,,,,,,,,,,,,
96591,Renan Lodi,282,CAM,2,Lateral,7,10.95,0.32,5.27,6,7.6,,15.0,,1.0,2.0,12.0,10.0,5.0,,2.0,,,1.0,,,,,,,
103056,Gabriel Brazão,277,SAN,1,Goleiro,7,4.68,0.1,0.28,5,2.9,9.0,1.0,9.0,,2.0,,,,1.0,,,1.0,,,,,,,,
63007,Neymar,277,SAN,4,Meia,7,22.31,-1.93,11.45,2,3.7,,8.0,,,1.0,1.0,5.0,1.0,2.0,2.0,,,,2.0,,,,,,
100898,Vitinho,263,BOT,2,Lateral,7,10.21,0.17,5.8,4,4.7,,6.0,,1.0,,10.0,2.0,,,1.0,,,,,,,,,,
105436,Carrascal,262,FLA,4,Meia,6,12.22,0.16,5.83,4,8.6,,5.0,,,,5.0,1.0,,2.0,4.0,,,,1.0,,,,,,
99274,Alexander Barboza,263,BOT,3,Zagueiro,3,9.92,-1.76,4.6,4,-3.1,,,,1.0,2.0,7.0,7.0,,,,,,2.0,,,,1.0,,,
87008,Léo Jardim,267,VAS,1,Goleiro,7,6.29,0.13,1.23,6,2.7,13.0,1.0,10.0,,,,,,,,,,,,,,,,,
37656,Fábio,266,FLU,1,Goleiro,7,9.37,-1.79,4.7,6,-1.5,19.0,3.0,6.0,2.0,1.0,,,,,,,1.0,,,,,,,,
101727,Matheuzinho,264,COR,2,Lateral,7,11.02,0.41,4.55,4,6.0,,5.0,,1.0,1.0,8.0,6.0,1.0,,2.0,,,,,,,,,,
124661,Iván Román,282,CAM,3,Zagueiro,7,6.78,-0.94,4.4,2,0.2,,1.0,,1.0,,3.0,4.0,,,,,,,,,,,,,
80196,Yago Pikachu,364,REM,4,Meia,7,5.39,-0.59,2.42,6,0.0,,2.0,,,,2.0,1.0,,1.0,2.0,,,,1.0,,,,,,
85425,João Paulo,265,BAH,1,Goleiro,6,6.0,0.0,0.0,0,0.0,,,,,,,,,,,,,,,,,,,,
90768,Fabrício Bruno,283,CRU,3,Zagueiro,7,6.85,-0.14,1.42,6,1.3,,2.0,,,2.0,4.0,3.0,,1.0,4.0,,,,,,,,,,
80313,Gilberto,265,BAH,2,Lateral,6,7.31,0.0,4.1,2,0.0,,,,,,2.0,2.0,,,1.0,,,1.0,,,,,,,
123717,Zé Guilherme,265,BAH,2,Lateral,6,3.0,0.0,0.0,0,0.0,,,,,,,,,,,,,,,,,,,,
98484,Kanu,265,BAH,3,Zagueiro,5,4.67,0.0,3.4,1,0.0,,,,1.0,1.0,,2.0,,,,,,,,,,,,,
91101,Ronaldo,265,BAH,1,Goleiro,7,7.6,1.11,4.74,5,7.1,14.0,1.0,3.0,2.0,2.0,,,,,,,,,,,,,,,
68996,Willian José,265,BAH,5,Atacante,7,10.31,0.42,3.96,5,7.4,,1.0,,,,1.0,4.0,,1.0,1.0,,,1.0,2.0,1.0,,,,,
109401,Erick Pulga,265,BAH,5,Atacante,7,7.42,-0.03,2.58,5,3.9,,7.0,,,1.0,5.0,4.0,1.0,2.0,1.0,,,,,,1.0,,,,
104783,Acevedo,265,BAH,4,Meia,7,6.43,0.52,4.14,5,4.9,,6.0,,,2.0,13.0,12.0,,,1.0,1.0,,,,,,,,,
91772,David Duarte,265,BAH,3,Zagueiro,6,5.01,0.0,2.6,2,0.0,,,,,,4.0,2.0,2.0,,,,,,,,,,,,
101314,Ademir,265,BAH,5,Atacante,2,6.56,-0.76,2.72,5,0.4,,11.0,,,,3.0,4.0,2.0,2.0,2.0,,,,,,1.0,,,,
97868,Iago,265,BAH,2,Lateral,6,4.0,0.0,0.0,0,0.0,,,,,,,,,,,,,,,,,,,,
105373,Gabriel Xavier,265,BAH,3,Zagueiro,7,7.53,0.91,5.17,3,6.3,,1.0,,2.0,,3.0,1.0,,,1.0,,,,,,,,,,
106323,Caio Alexandre,265,BAH,4,Meia,6,5.33,0.4,0.73,3,3.0,,1.0,,,1.0,2.0,1.0,,,,,,,,,,,,,
98022,Erick,265,BAH,4,Meia,2,4.86,-1.3,2.12,5,0.7,,6.0,,,,2.0,10.0,,,2.0,2.0,,,,,,,,,
113397,Cristian Olivera,265,BAH,5,Atacante,2,7.12,-0.1,4.48,5,2.4,,13.0,,,1.0,6.0,6.0,3.0,1.0,1.0,,,,1.0,,,,,,
107173,Michel Araújo,265,BAH,4,Meia,2,3.75,0.19,-0.13,3,2.7,,1.0,,,,2.0,3.0,,,,,,,,,,1.0,,,
98517,Jean Lucas,265,BAH,4,Meia,7,9.39,-0.95,5.54,5,4.5,,6.0,,,1.0,4.0,6.0,1.0,2.0,4.0,,,,2.0,,,,,,
122994,Victor Nascimento,265,BAH,1,Goleiro,6,1.0,0.0,0.0,0,0.0,,,,,,,,,,,,,,,,,,,,
106822,Rodrigo Nestor,265,BAH,4,Meia,2,6.01,-0.73,2.13,3,1.2,,3.0,,,,2.0,3.0,,1.0,2.0,,,,,,,,,,
105990,Santiago Mingo,265,BAH,3,Zagueiro,7,5.03,0.93,2.16,5,5.2,,3.0,,2.0,1.0,1.0,4.0,,,,,,,,,,,,,
123360,Cauly,276,SAO,4,Meia,6,7.0,-0.69,3.07,3,-0.3,,,,,,1.0,5.0,,1.0,,,,,1.0,,,,,,
111829,Kayky,285,INT,5,Atacante,6,4.78,0.0,2.13,3,0.0,,2.0,,,,2.0,,,2.0,,,,,,,,,,,
129663,Ruan Pablo,265,BAH,5,Atacante,5,2.0,0.0,0.0,0,0.0,,,,,,,,,,,,,,,,,,,,
97341,Rogério Ceni,265,BAH,6,Técnico,7,10.77,0.1,5.74,5,6.0,,,,,,,,,,,,,,,,,,3.0,,
141419,Fredi Lippert,265,BAH,3,Zagueiro,6,2.0,0.0,0.0,0,0.0,,,,,,,,,,,,,,,,,,,,
68806,Neto,263,BOT,1,Goleiro,6,8.62,0.0,4.43,3,0.0,11.0,,6.0,1.0,,,,,,,,,,,,,,,,
97468,Marçal,263,BOT,2,Lateral,5,7.71,0.0,8.0,1,0.0,,,,1.0,,2.0,,,,,,,,,,,,,,
136955,Sanabria,265,BAH,5,Atacante,6,6.63,-0.9,3.17,3,-0.3,,3.0,,,,,3.0,1.0,2.0,2.0,,,1.0,,,,,,,
72493,Alex Telles,263,BOT,2,Lateral,7,9.36,-0.63,2.57,4,1.0,,1.0,,1.0,1.0,5.0,5.0,,,1.0,,1.0,,,,,,,,
107183,Léo Linck,263,BOT,1,Goleiro,7,6.0,0.0,0.0,0,0.0,,,,,,,,,,,,,,,,,,,,
145379,Kauê Furquim,265,BAH,5,Atacante,6,2.0,0.0,0.0,0,0.0,,,,,,,,,,,,,,,,,,,,
96353,Joaquín Correa,263,BOT,5,Atacante,6,8.0,0.0,0.0,0,0.0,,,,,,,,,,,,,,,,,,,,
98280,Bastos,263,BOT,3,Zagueiro,7,5.38,-0.62,-0.1,1,-0.1,,1.0,,,,,2.0,,,,,,,,,,,,,
108274,David Ricardo,263,BOT,3,Zagueiro,6,7.0,0.0,0.0,0,0.0,,,,,,,,,,,,,,,,,,,,
111831,Matheus Martins,263,BOT,5,Atacante,7,6.11,-0.05,3.15,4,1.2,,2.0,,,,1.0,1.0,,2.0,,,,,1.0,,,,,,
129930,Cristhian Loor,263,BOT,1,Goleiro,6,2.0,0.0,0.0,0,0.0,,,,,,,,,,,,,,,,,,,,
104693,Newton,263,BOT,4,Meia,6,5.14,-0.62,3.03,4,0.5,,4.0,,,1.0,8.0,3.0,,,,,,,,,,,,,
117965,Martín Anselmi,263,BOT,6,Técnico,7,8.42,-0.26,5.43,4,1.82,,,,,,,,,,,,,,,,,,1.0,,
126013,Ythallo,263,BOT,3,Zagueiro,6,3.5,0.0,0.2,1,0.0,,,,,1.0,1.0,1.0,,,,,,,,,,,,,
124481,Mateo Ponte,263,BOT,2,Lateral,7,5.07,-0.08,1.97,3,0.5,,2.0,,1.0,1.0,1.0,2.0,,,,,,,,,,,,,
107231,Danilo,263,BOT,4,Meia,7,14.95,-0.01,10.17,4,3.5,,1.0,,,,3.0,3.0,,,2.0,1.0,,,4.0,,,,,,
103179,Chris Ramos,263,BOT,5,Atacante,5,7.0,0.0,0.0,0,0.0,,,,,,,,,,,,,,,,,,,,
142890,Montoro,263,BOT,4,Meia,7,8.45,0.0,4.07,3,0.0,,7.0,,,1.0,,5.0,,1.0,,,,2.0,,,,,,,
142877,Villalba,263,BOT,5,Atacante,6,5.14,0.0,0.0,1,0.0,,,,,,,,,,,,,,,,,,,,
105214,Santi Rodríguez,263,BOT,4,Meia,5,7.36,0.0,2.85,2,0.0,,3.0,,,,3.0,1.0,,,,,,,,,,,,,
95799,Artur,263,BOT,5,Atacante,6,8.57,0.0,4.7,3,0.0,,4.0,,,,1.0,2.0,,2.0,1.0,,,,1.0,,,,,,
69140,Allan,263,BOT,4,Meia,3,4.99,0.15,1.72,4,2.9,,4.0,,,3.0,5.0,4.0,,,2.0,,,,,,,,,,
124757,Nathan Fernandes,263,BOT,5,Atacante,6,5.61,0.0,3.17,3,0.0,,3.0,,,,2.0,,,,,,,1.0,,,,,,,
104191,Raul,263,BOT,1,Goleiro,6,3.06,0.06,0.9,1,0.9,3.0,,3.0,,,,,,,,,,,,,,,,,
91158,Kaio,263,BOT,3,Zagueiro,5,7.0,0.0,0.0,0,0.0,,,,,,,,,,,,,,,,,,,,
98672,Savarino,266,FLU,4,Meia,7,10.63,1.54,5.65,4,10.6,,4.0,,,1.0,1.0,4.0,3.0,2.0,4.0,2.0,,2.0,,,,,,,
143072,Gabriel Abdias,263,BOT,2,Lateral,5,3.0,0.0,0.0,0,0.0,,,,,,,,,,,,,,,,,,,,
142484,Barrera,263,BOT,4,Meia,6,5.03,-0.71,1.6,4,0.0,,2.0,,,,2.0,2.0,,,,1.0,,,,,,,,,
115674,Gabriel Delfim,282,CAM,1,Goleiro,6,2.0,0.0,0.0,0,0.0,,,,,,,,,,,,,,,,,,,,
146375,Kadir,263,BOT,5,Atacante,6,4.9,0.0,1.7,1,0.0,,1.0,,,,1.0,1.0,,,,,,,,,,,,,
94968,Juninho Capixaba,280,RBB,2,Lateral,3,13.58,-0.65,9.17,6,3.6,,6.0,,2.0,3.0,14.0,12.0,,1.0,3.0,1.0,,1.0,2.0,,,,,,
100695,Fernando,280,RBB,5,Atacante,2,2.35,0.0,0.1,2,0.0,,1.0,,,,,1.0,,,,,,,,,,,,,
94067,Matheus Fernandes,280,RBB,4,Meia,6,4.55,0.42,2.24,5,3.8,,1.0,,,1.0,5.0,2.0,,,6.0,,,,,,,,,,
39850,Vagner Mancini,280,RBB,6,Técnico,7,7.3,-0.15,4.66,6,3.25,,,,,,,,,,,,,,,,,,2.0,,
78605,Gabriel,280,RBB,4,Meia,7,4.39,-0.07,1.54,5,1.8,,5.0,,,4.0,5.0,5.0,,2.0,1.0,,,,,,,,,,
87225,Pedro Henrique,280,RBB,3,Zagueiro,6,6.81,0.0,3.24,5,0.0,,4.0,,2.0,2.0,4.0,2.0,,,1.0,,,,,,,,,,
70360,Eduardo Sasha,280,RBB,5,Atacante,7,5.27,-0.87,1.96,5,0.0,,4.0,,,,1.0,,1.0,4.0,2.0,,,,,,,,,,
100848,Luan Cândido,287,VIT,2,Lateral,6,4.56,0.0,0.9,1,0.0,,,,,,,1.0,,1.0,,,,,,,,,,,
104588,Fabrício,280,RBB,1,Goleiro,5,2.0,0.0,0.0,0,0.0,,,,,,,,,,,,,,,,,,,,
103295,Eric Ramires,280,RBB,4,Meia,6,3.24,0.0,-0.03,3,0.0,,1.0,,,,,2.0,,,,,,,,,,,,,
106434,Eduardo Santos,280,RBB,3,Zagueiro,6,3.9,0.0,0.0,2,0.0,,,,,,,,,,,,,,,,,,,,
93882,Cleiton,280,RBB,1,Goleiro,7,6.75,-0.81,3.32,6,-0.7,13.0,,6.0,2.0,1.0,,,,,,,,,,,,,,,
107236,Vanderlan,280,RBB,2,Lateral,5,5.0,0.0,0.0,0,0.0,,,,,,,,,,,,,,,,,,,,
105213,Sant Anna,280,RBB,2,Lateral,5,5.45,0.0,6.2,1,0.0,,,,1.0,,,,,1.0,,,,,,,,,,,
107744,Praxedes,280,RBB,4,Meia,6,4.0,0.0,0.0,0,0.0,,,,,,,,,,,,,,,,,,,,
106160,Lucão,280,RBB,1,Goleiro,6,4.0,0.0,0.0,0,0.0,,,,,,,,,,,,,,,,,,,,
111246,Alix Vinicius,280,RBB,3,Zagueiro,7,5.09,0.59,1.43,4,2.7,,,,2.0,1.0,2.0,11.0,,,,,,,,,,1.0,,,
113157,Nathan Mendes,287,VIT,2,Lateral,7,5.92,1.75,4.23,3,8.9,,6.0,,1.0,1.0,5.0,6.0,,,,,,,,,,,,,
122897,Guzmán Rodríguez,280,RBB,3,Zagueiro,5,6.0,0.0,0.0,0,0.0,,,,,,,,,,,,,,,,,,,,
110715,Andrés Hurtado,280,RBB,2,Lateral,7,4.88,-1.14,3.25,6,0.0,,1.0,,2.0,2.0,5.0,3.0,,1.0,4.0,,,,,,,,,,
112886,Lucas Barbosa,280,RBB,5,Atacante,3,7.39,0.25,3.75,6,2.6,,13.0,,,3.0,12.0,20.0,2.0,4.0,3.0,,,,,,,,,,
111760,Fabinho,280,RBB,4,Meia,6,2.52,0.0,0.17,3,0.0,,4.0,,,,2.0,5.0,,,,,,,,,,1.0,,,
110750,Gustavo Marques,280,RBB,3,Zagueiro,7,6.87,-0.64,5.38,5,1.2,,5.0,,2.0,,8.0,4.0,,1.0,3.0,,,,,,,,,,
108133,Isidro Pitta,280,RBB,5,Atacante,2,3.36,-0.1,-0.14,5,1.6,,1.0,,,,1.0,7.0,2.0,1.0,3.0,,,,,1.0,,,,,
140906,Davi Gomes,280,RBB,5,Atacante,6,3.0,0.0,0.0,0,0.0,,,,,,,,,,,,,,,,,,,,
132580,Vinicinho,280,RBB,5,Atacante,6,4.02,0.27,1.0,3,2.5,,3.0,,,,1.0,,,,,,,,,,,,,,
122755,Lucas Cunha,280,RBB,3,Zagueiro,6,3.0,0.0,0.0,0,0.0,,,,,,,,,,,,,,,,,,,,
122394,Gustavinho,280,RBB,4,Meia,7,7.39,0.32,5.05,6,3.6,,4.0,,,,12.0,11.0,,4.0,1.0,,,,1.0,,,,,,
72605,Vitor Hugo,282,CAM,3,Zagueiro,5,7.24,0.0,3.0,2,0.0,,1.0,,1.0,1.0,1.0,,,,,,,,,,,,,,
138021,Palacios,280,RBB,3,Zagueiro,6,3.0,0.0,0.0,0,0.0,,,,,,,,,,,,,,,,,,,,
132274,Ignacio Sosa,280,RBB,4,Meia,6,3.42,0.0,0.12,4,0.0,,5.0,,,2.0,1.0,5.0,,,,,,,,,,,,,
98909,Cuello,282,CAM,5,Atacante,7,7.99,-1.47,5.77,6,1.1,,7.0,,,,11.0,8.0,6.0,1.0,3.0,2.0,,,1.0,,,,,,
91607,Rony,277,SAN,5,Atacante,7,6.56,-0.02,2.38,4,3.5,,10.0,,,2.0,5.0,7.0,1.0,1.0,,,,,,,,,,,
68920,Dudu,282,CAM,5,Atacante,6,6.8,-0.21,2.87,6,0.5,,5.0,,,,2.0,1.0,,2.0,2.0,,,,1.0,,,,,,
124239,Henry Mosquera,280,RBB,5,Atacante,7,4.88,-0.2,3.1,6,2.3,,7.0,,,1.0,3.0,5.0,1.0,5.0,9.0,,,,,,,,,,
100084,Igor Gomes,282,CAM,4,Meia,6,5.03,0.0,0.07,3,0.0,,3.0,,,1.0,,1.0,,,,,,,,,,,,,
88312,Junior Alonso,282,CAM,3,Zagueiro,7,6.01,0.22,2.92,4,2.7,,5.0,,,,6.0,2.0,,,1.0,,,,,,,,,,
101002,Júnior Santos,263,BOT,5,Atacante,6,5.29,0.29,2.0,1,2.0,,1.0,,,,1.0,,,,,,,,,,,,,,
87999,Gustavo Scarpa,282,CAM,4,Meia,2,6.28,-0.18,1.95,6,1.2,,3.0,,,,1.0,1.0,,2.0,2.0,,,1.0,,,,,,,
39656,Alan Franco,282,CAM,4,Meia,7,5.23,-0.15,2.5,6,2.4,,3.0,,,1.0,9.0,7.0,1.0,2.0,1.0,,,,,,,,,,
61987,Alex Sandro,262,FLA,2,Lateral,7,11.41,1.27,5.4,4,11.2,,6.0,,2.0,,6.0,4.0,,,1.0,,,,,,,,,,
118774,Alexsander,282,CAM,4,Meia,6,7.14,0.0,1.7,1,0.0,,3.0,,,1.0,1.0,1.0,,,,,,,,,,,,,
72460,Bernard,282,CAM,4,Meia,6,4.12,0.0,0.8,3,0.0,,,,,,2.0,2.0,,,,,,,,,,,,,
92087,Lyanco,282,CAM,3,Zagueiro,6,9.0,0.0,0.0,0,0.0,,,,,,,,,,,,,,,,,,,,
122990,Patrick,282,CAM,4,Meia,6,4.0,0.0,0.0,0,0.0,,,,,,,,,,,,,,,,,,,,
116067,Thiago Beltrame,284,GRE,1,Goleiro,6,2.0,0.0,0.0,0,0.0,,,,,,,,,,,,,,,,,,,,
103767,Gabriel Menino,277,SAN,4,Meia,7,9.34,-0.09,5.78,5,3.0,,11.0,,,1.0,8.0,5.0,1.0,3.0,3.0,,,,1.0,,,,,,
100842,Ruan,282,CAM,3,Zagueiro,3,5.05,-0.14,2.87,6,2.7,,5.0,,1.0,3.0,4.0,7.0,,,1.0,,,,1.0,,,,,,
78435,Vitinho,264,COR,5,Atacante,6,4.75,0.0,1.63,4,0.0,,3.0,,,,2.0,4.0,,2.0,1.0,,,,,,,,,,
77485,Carrillo,264,COR,4,Meia,6,5.47,0.36,1.74,5,3.3,,2.0,,,2.0,8.0,13.0,,,2.0,,,,,,,,,,
107554,Natanael,282,CAM,2,Lateral,2,5.16,0.0,-2.8,1,0.0,,1.0,,,,,1.0,,,,,,,,,,1.0,,,
105068,Reinier,282,CAM,4,Meia,6,3.52,0.47,1.55,6,2.7,,4.0,,,,,3.0,,3.0,2.0,1.0,,,,,,,,,
40990,Dorival Júnior,264,COR,6,Técnico,7,10.56,-0.15,5.11,5,4.45,,,,,,,,,,,,,,,,,,1.0,,
78248,Gustavo Henrique,264,COR,3,Zagueiro,7,9.95,-0.92,4.6,4,1.4,,3.0,,1.0,2.0,7.0,4.0,,2.0,4.0,,1.0,,,,,,,,
107170,Jeffinho,263,BOT,5,Atacante,6,5.0,0.0,0.0,0,0.0,,,,,,,,,,,,,,,,,,,,
98720,Angileri,264,COR,2,Lateral,6,4.06,0.0,1.5,2,0.0,,2.0,,,1.0,2.0,,,,,,,,,,,,,,
85048,Memphis Depay,264,COR,5,Atacante,7,11.38,0.86,2.64,5,9.3,,4.0,,,,1.0,3.0,2.0,1.0,2.0,,,,1.0,,,,,,
96342,Charles,264,COR,4,Meia,6,4.09,0.0,1.7,2,0.0,,1.0,,,,2.0,,1.0,,,,,,,,,,,,
105531,Matheus Bidu,264,COR,2,Lateral,7,11.32,-1.08,7.6,4,0.9,,15.0,,1.0,1.0,7.0,5.0,1.0,1.0,1.0,,,,1.0,,,,,,
101574,Hugo Souza,264,COR,1,Goleiro,7,9.89,0.24,4.44,5,4.2,14.0,,6.0,1.0,1.0,,,,,,,1.0,,,,,,,1.0,
98225,Pedro Raul,264,COR,5,Atacante,6,3.56,-0.56,0.2,4,0.0,,2.0,,,,,3.0,1.0,,1.0,,,,,,,,,,
130889,Riquelme,284,GRE,4,Meia,6,4.0,0.0,0.0,0,0.0,,,,,,,,,,,,,,,,,,,,
107908,Hugo,264,COR,2,Lateral,5,4.0,0.0,0.0,0,0.0,,,,,,,,,,,,,,,,,,,,
97642,Félix Torres,285,INT,3,Zagueiro,6,3.26,0.0,1.76,5,0.0,,1.0,,,,6.0,5.0,,,1.0,,,,,,,,,,
117632,Garro,264,COR,4,Meia,7,11.12,-0.81,5.08,5,1.6,,8.0,,,,2.0,3.0,1.0,3.0,1.0,,,3.0,,,,,,,
117910,Breno Bidon,264,COR,4,Meia,7,10.62,-0.69,4.62,4,1.9,,10.0,,,1.0,3.0,6.0,,,1.0,1.0,,,1.0,,,,,,
92440,André Ramalho,264,COR,3,Zagueiro,6,5.69,0.0,0.9,1,0.0,,2.0,,,1.0,1.0,2.0,,,,,,,,,,,,,
102340,Cacá,287,VIT,3,Zagueiro,7,6.72,1.24,4.6,2,6.5,,,,1.0,,3.0,1.0,,,,,,,,,,,,,
107179,Matheus Donelli,264,COR,1,Goleiro,6,3.0,0.0,0.0,0,0.0,,,,,,,,,,,,,,,,,,,,
133543,Gui Negão,264,COR,5,Atacante,7,3.91,0.0,0.9,3,0.0,,,,,,2.0,1.0,,,,,,,,,,,,,
125488,João Pedro,264,COR,3,Zagueiro,6,7.85,0.0,8.9,1,0.0,,,,,,1.0,2.0,,,,,,,1.0,,,,,,
89275,William,283,CRU,2,Lateral,7,9.37,0.0,2.8,4,5.7,,2.0,,,,9.0,5.0,,1.0,,,,,,,,1.0,,,
121824,Kayke,264,COR,5,Atacante,6,4.31,0.34,2.0,2,2.5,,2.0,,,,2.0,,,,,,,,,,,,,,
145744,André,264,COR,4,Meia,7,5.93,-0.18,3.95,4,2.2,,5.0,,,,8.0,1.0,,,2.0,,,,,,,,,,
127242,Bahia,264,COR,4,Meia,6,2.0,0.0,0.0,0,0.0,,,,,,,,,,,,,,,,,,,,
79701,Lucas Silva,283,CRU,4,Meia,7,4.69,0.06,0.62,6,1.5,,1.0,,,1.0,3.0,1.0,,,,,,,,,,,,,
122396,Ryan,264,COR,4,Meia,6,3.0,0.0,0.0,0,0.0,,,,,,,,,,,,,,,,,,,,
131753,Felipe Longo,264,COR,1,Goleiro,6,2.0,0.0,0.0,0,0.0,,,,,,,,,,,,,,,,,,,,
84558,Lucas Romero,283,CRU,4,Meia,5,8.39,0.0,3.85,4,0.0,,5.0,,,1.0,2.0,1.0,,1.0,,,,2.0,,,,,,,
88479,Walace,283,CRU,4,Meia,6,4.0,0.0,0.0,0,0.0,,,,,,,,,,,,,,,,,,,,
141995,Dieguinho,264,COR,4,Meia,6,4.0,0.0,1.45,2,0.0,,2.0,,,,1.0,1.0,1.0,,1.0,,,,,,,,,,
42500,Fagner,283,CRU,2,Lateral,6,4.23,0.0,1.16,5,0.0,,1.0,,,1.0,5.0,4.0,,,,,,,,,,,,,
96610,Matheus Pereira,283,CRU,4,Meia,3,14.86,-0.72,6.13,6,2.3,,21.0,,,3.0,4.0,15.0,,3.0,9.0,,,,2.0,,1.0,,,,
124912,Jonathan Jesus,283,CRU,3,Zagueiro,6,4.91,0.0,0.0,1,0.0,,,,,,,,,,,,,,,,,,,,
93478,Wanderson,283,CRU,5,Atacante,6,4.86,-0.45,2.38,5,0.0,,1.0,,,,1.0,4.0,1.0,,4.0,,,,1.0,,,,,,
113158,Marquinhos,283,CRU,5,Atacante,5,4.0,0.0,0.0,0,0.0,,,,,,,,,,,,,,,,,,,,
105047,João Marcelo,283,CRU,3,Zagueiro,6,3.75,0.0,0.9,3,0.0,,,,,,2.0,1.0,,,,,,,,,,,,,
143600,Kauã Moraes,283,CRU,2,Lateral,6,4.96,1.96,5.8,1,5.8,,,,,,,,,,1.0,,,1.0,,,,,,,
114405,Sinisterra,283,CRU,5,Atacante,5,5.76,0.0,1.7,1,0.0,,,,,,1.0,2.0,,,1.0,,,,,,,,,,
139345,Kauã Prates,283,CRU,2,Lateral,6,3.39,0.0,0.0,1,0.0,,,,,,,,,,,,,,,,,,,,
100742,Matheus Henrique,283,CRU,4,Meia,7,6.22,0.33,2.47,6,4.3,,8.0,,,,6.0,2.0,,,3.0,,,,,,,,,,
111690,Matheus Cunha,283,CRU,1,Goleiro,7,2.36,-0.42,-0.05,2,-0.4,3.0,,4.0,,,,,,,,,,,,,,,,,
146807,Rayan Lelis,283,CRU,5,Atacante,6,2.0,0.0,0.0,0,0.0,,,,,,,,,,,,,,,,,,,,
132264,Arroyo,283,CRU,5,Atacante,7,4.51,0.23,0.9,5,3.2,,1.0,,,,1.0,5.0,,2.0,2.0,,,,,,,,,,
131967,Villarreal,283,CRU,5,Atacante,2,7.62,1.76,6.1,2,8.5,,2.0,,,,1.0,1.0,,1.0,1.0,,,,1.0,,,,,,
137542,Kaique Kenji,283,CRU,5,Atacante,6,2.16,0.0,0.0,2,0.0,,1.0,,,1.0,,1.0,,,1.0,,,,,,,,,,
122660,Japa,283,CRU,4,Meia,6,5.76,1.83,5.65,2,8.0,,2.0,,,,1.0,,,,1.0,,,,1.0,,,,,,
117404,Otávio,283,CRU,1,Goleiro,6,2.0,0.0,0.0,0,0.0,,,,,,,,,,,,,,,,,,,,
137543,Tevis,283,CRU,5,Atacante,6,2.0,0.0,0.0,0,0.0,,,,,,,,,,,,,,,,,,,,
143350,Murilo Rhikman,283,CRU,4,Meia,6,3.0,0.0,0.0,0,0.0,,,,,,,,,,,,,,,,,,,,
69783,Danilo,262,FLA,3,Zagueiro,6,8.0,0.0,0.0,0,0.0,,,,,,,,,,,,,,,,,,,,
80061,Saúl,262,FLA,4,Meia,5,7.0,0.0,0.0,0,0.0,,,,,,,,,,,,,,,,,,,,
83528,Léo Pereira,262,FLA,3,Zagueiro,7,12.28,2.7,5.53,4,17.4,,3.0,,2.0,1.0,3.0,7.0,,1.0,,,,,1.0,,,,,,
92854,Borré,285,INT,5,Atacante,2,7.05,-0.03,3.35,6,2.1,,5.0,,,,3.0,12.0,5.0,5.0,4.0,,,,1.0,,,,,,
86757,Everton,262,FLA,5,Atacante,7,7.9,0.0,2.87,3,0.0,,2.0,,,,2.0,2.0,,1.0,5.0,,,,,,,,,,
84816,Varela,262,FLA,2,Lateral,7,8.94,1.28,5.32,4,9.9,,2.0,,2.0,1.0,4.0,2.0,1.0,,,,,1.0,,,1.0,,,,
82627,Luiz Araújo,262,FLA,5,Atacante,6,7.84,-1.05,-0.15,2,-0.3,,,,,,,1.0,,,,,,,,,,,,,
90285,Bruno Henrique,262,FLA,5,Atacante,6,7.29,0.0,1.55,2,0.0,,,,,,1.0,1.0,1.0,1.0,1.0,,,,,,,,,,
96870,Emerson Royal,262,FLA,2,Lateral,6,5.92,0.0,3.6,2,0.0,,1.0,,1.0,,1.0,2.0,,,1.0,,,,,,,,,,
97867,Léo Ortiz,262,FLA,3,Zagueiro,7,10.41,0.29,4.58,4,8.2,,1.0,,2.0,,4.0,4.0,,,,1.0,,,,,,,,,
84735,Jorginho,262,FLA,4,Meia,7,10.93,-0.47,1.53,3,4.0,,1.0,,,1.0,6.0,3.0,,,,,,,,,,1.0,,,
98873,Samuel Lino,262,FLA,5,Atacante,6,11.27,2.46,6.55,4,15.3,,6.0,,,1.0,7.0,3.0,,,2.0,,,1.0,1.0,,,,,,
87863,Arrascaeta,262,FLA,4,Meia,7,19.05,0.0,6.17,3,0.0,,3.0,,,,2.0,2.0,,1.0,3.0,1.0,,,1.0,,,,,,
122320,Daniel Sales,262,FLA,2,Lateral,6,2.0,0.0,0.0,0,0.0,,,,,,,,,,,,,,,,,,,,
88393,Ayrton Lucas,262,FLA,2,Lateral,6,9.51,1.51,5.9,1,5.9,,,,1.0,,1.0,2.0,,,,,,,,,,,,,
142004,Amuzu,284,GRE,5,Atacante,2,7.38,-0.06,4.84,5,4.4,,5.0,,,,5.0,2.0,,2.0,3.0,,,2.0,,,,,,,
122318,Dyogo Alves,262,FLA,1,Goleiro,6,3.0,0.0,0.0,0,0.0,,,,,,,,,,,,,,,,,,,,
96652,Allan,264,COR,4,Meia,7,3.4,-0.56,0.62,4,0.0,,4.0,,,1.0,1.0,,,,,,,,,,,,,,
91473,Erick Pulgar,262,FLA,4,Meia,7,6.84,-1.06,1.27,4,-0.1,,4.0,,,2.0,4.0,7.0,,1.0,,,,,,,,,,,
115914,Evertton Araújo,262,FLA,4,Meia,6,3.45,0.15,0.93,3,1.3,,1.0,,,,,3.0,,,4.0,,,,,,,,,,
130189,Léo Nannetti,262,FLA,1,Goleiro,6,2.0,0.0,0.0,0,0.0,,,,,,,,,,,,,,,,,,,,
99228,De la Cruz,262,FLA,4,Meia,6,7.9,0.0,3.1,1,0.0,,4.0,,,1.0,2.0,3.0,,,,,,,,,,,,,
140492,João Victor,262,FLA,3,Zagueiro,6,2.0,0.0,0.0,0,0.0,,,,,,,,,,,,,,,,,,,,
122573,Wallace Yan,262,FLA,5,Atacante,6,4.33,0.0,-0.3,1,0.0,,,,,,,1.0,,,,,,,,,,,,,
130382,Guilherme Gomes,262,FLA,4,Meia,6,3.0,0.0,0.0,0,0.0,,,,,,,,,,,,,,,,,,,,
140303,Da Mata,262,FLA,3,Zagueiro,6,2.0,0.0,0.0,0,0.0,,,,,,,,,,,,,,,,,,,,
143295,Joshua,262,FLA,4,Meia,6,3.0,0.0,0.0,0,0.0,,,,,,,,,,,,,,,,,,,,
145705,Douglas Telles,262,FLA,5,Atacante,6,2.0,0.0,0.0,0,0.0,,,,,,,,,,,,,,,,,,,,
87228,Guilherme Arana,266,FLU,2,Lateral,6,9.64,1.25,4.4,4,9.1,,,,1.0,1.0,3.0,3.0,,1.0,1.0,,,,1.0,,,,,,
82463,Otávio,266,FLU,4,Meia,6,4.09,0.0,1.6,2,0.0,,1.0,,,,1.0,,,1.0,,,,,,,,,,,
78445,Renê,266,FLU,2,Lateral,7,11.38,0.0,9.43,4,0.0,,3.0,,2.0,,10.0,4.0,,2.0,,,,2.0,,,,,,,
62977,Ganso,266,FLU,4,Meia,6,3.8,-0.73,0.68,5,0.0,,2.0,,,,2.0,2.0,,,,,,,,,,,,,
78117,Everaldo,265,BAH,5,Atacante,6,4.07,0.0,1.27,3,0.0,,3.0,,,,2.0,2.0,1.0,,,,,,,,,,,,
73384,Samuel Xavier,266,FLU,2,Lateral,7,9.15,-0.6,5.4,5,4.8,,10.0,,2.0,1.0,9.0,4.0,1.0,,1.0,,,,,,,,,,
86485,Keno,294,CFC,5,Atacante,6,4.22,0.0,-0.3,2,0.0,,,,,,,2.0,,,,,,,,,,,,,
100987,Nonato,266,FLU,4,Meia,6,7.28,0.0,5.3,2,0.0,,1.0,,,2.0,,3.0,,,,,,1.0,1.0,,,,,,
101478,Marcelo Pitaluga,266,FLU,1,Goleiro,6,3.0,0.0,0.0,0,0.0,,,,,,,,,,,,,,,,,,,,
101319,Guga,266,FLU,2,Lateral,6,5.78,0.0,1.9,2,0.0,,1.0,,1.0,1.0,,2.0,1.0,,,,,,,,,,,,
78855,Thiago Santos,294,CFC,3,Zagueiro,6,3.93,0.35,2.88,4,5.0,,,,2.0,,1.0,,,,,,,,,,,,,,
103523,Ignácio,266,FLU,3,Zagueiro,6,7.97,2.02,5.45,2,9.3,,2.0,,,1.0,5.0,4.0,,,2.0,1.0,,,,,,,,,
79631,Cano,266,FLU,5,Atacante,6,6.0,0.0,0.0,0,0.0,,,,,,,,,,,,,,,,,,,,
87258,Soteldo,266,FLU,5,Atacante,6,5.12,-0.4,1.17,3,0.8,,3.0,,,,,,,1.0,1.0,,,,,,,,,,
110759,John Kennedy,266,FLU,5,Atacante,7,8.64,-1.12,6.47,6,3.8,,4.0,,,,7.0,9.0,2.0,9.0,3.0,,,,2.0,,,,,,
102928,Canobbio,266,FLU,5,Atacante,7,10.23,0.26,6.76,5,10.4,,5.0,,,1.0,6.0,8.0,1.0,3.0,4.0,2.0,,,2.0,,,1.0,,,
116447,Hércules,266,FLU,4,Meia,7,7.4,1.76,3.67,4,10.1,,,,,1.0,5.0,6.0,,1.0,1.0,,,,1.0,,,,,,
113034,Freytes,266,FLU,3,Zagueiro,7,4.53,-0.87,2.73,6,0.2,,4.0,,2.0,2.0,5.0,9.0,,,2.0,,,,,,,,,,
102137,Vitor Eudes,266,FLU,1,Goleiro,6,2.0,0.0,0.0,0,0.0,,,,,,,,,,,,,,,,,,,,
89493,Igor Rabello,266,FLU,3,Zagueiro,6,5.0,0.0,0.0,0,0.0,,,,,,,,,,,,,,,,,,,,
127932,Júlio Fidelis,266,FLU,2,Lateral,6,2.0,0.0,0.0,0,0.0,,,,,,,,,,,,,,,,,,,,
105807,Luan Freitas,266,FLU,3,Zagueiro,6,3.0,0.0,0.0,0,0.0,,,,,,,,,,,,,,,,,,,,
140484,Riquelme Felipe,266,FLU,5,Atacante,6,4.0,0.0,0.0,0,0.0,,,,,,,,,,,,,,,,,,,,
99366,Luis Zubeldía,266,FLU,6,Técnico,7,10.36,0.11,6.34,6,7.25,,,,,,,,,,,,,,,,,,4.0,,
42135,Willian,284,GRE,4,Meia,6,4.6,-0.02,1.55,4,1.3,,3.0,,,,2.0,1.0,,1.0,1.0,,,,,,,,,,
108474,Santi Moreno,266,FLU,5,Atacante,6,2.49,0.0,-0.1,3,0.0,,,,,,,1.0,,,,,,,,,,,,,
63013,Marcos Rocha,284,GRE,2,Lateral,6,7.36,0.0,0.0,1,0.0,,,,,,,,,,,,,,,,,,,,
63289,Edenílson,263,BOT,4,Meia,6,6.33,-0.58,2.92,4,-0.3,,1.0,,,,2.0,2.0,,,1.0,,,,1.0,,,,,,
87887,Balbuena,284,GRE,3,Zagueiro,7,5.99,-0.83,1.97,3,-0.1,,,,,,4.0,,1.0,,,,,,,,,,,,
132071,Serna,266,FLU,5,Atacante,6,5.59,0.11,1.52,6,1.5,,3.0,,,,2.0,3.0,1.0,2.0,4.0,,,,,,,,,,
130650,Bernal,266,FLU,4,Meia,5,2.9,0.0,0.3,4,0.0,,3.0,,,,1.0,6.0,,,,,,,,,,,,,
102318,Caio Paulista,284,GRE,2,Lateral,6,5.19,-0.02,2.0,2,2.0,,2.0,,,,2.0,,,,,,,,,,,,,,
72018,Tiago Volpi,280,RBB,1,Goleiro,6,8.0,0.0,0.0,0,0.0,,,,,,,,,,,,,,,,,,,,
87342,Kannemann,284,GRE,3,Zagueiro,6,5.0,0.0,0.0,0,0.0,,,,,,,,,,,,,,,,,,,,
89883,Dodi,284,GRE,4,Meia,6,3.26,0.0,0.02,4,0.0,,1.0,,,1.0,1.0,3.0,,,,,,,,,,,,,
88037,Luís Castro,284,GRE,6,Técnico,7,9.26,-0.45,4.81,6,2.15,,,,,,,,,,,,,,,,,,2.0,,
91706,Marlon,284,GRE,2,Lateral,7,8.79,0.0,6.04,5,0.0,,8.0,,,1.0,10.0,9.0,1.0,1.0,1.0,,,1.0,1.0,,,,,,
112616,Gabriel Grando,284,GRE,1,Goleiro,6,4.0,0.0,0.0,0,0.0,,,,,,,,,,,,,,,,,,,,
89273,João Pedro,284,GRE,2,Lateral,6,3.33,0.0,0.6,4,0.0,,2.0,,,,2.0,5.0,1.0,,,,,,,,,,,,
105563,Carlos Vinícius,284,GRE,5,Atacante,7,16.48,-2.04,8.42,6,0.8,,4.0,,,1.0,2.0,7.0,4.0,3.0,3.0,1.0,,,5.0,,,,,,
91908,Pavón,284,GRE,5,Atacante,7,5.24,-0.21,2.75,6,1.7,,2.0,,,1.0,8.0,3.0,,2.0,,1.0,,,,,,,,,
70944,Bruno Henrique,285,INT,4,Meia,6,4.37,-0.4,1.0,4,0.4,,2.0,,,,1.0,4.0,1.0,1.0,2.0,,,,,,,,,,
111309,Gustavo Martins,284,GRE,3,Zagueiro,5,6.3,0.0,2.65,4,0.0,,2.0,,,,3.0,3.0,,1.0,1.0,,1.0,1.0,,,,,,,
142279,Nuno Moreira,267,VAS,4,Meia,7,4.78,-0.35,1.3,6,-0.3,,4.0,,,1.0,3.0,3.0,,2.0,1.0,,,,,,,,,,
97145,Villasanti,284,GRE,4,Meia,6,7.0,0.0,0.0,0,0.0,,,,,,,,,,,,,,,,,,,,
109966,Monsalve,284,GRE,4,Meia,7,3.38,-0.7,0.03,3,-0.8,,3.0,,,1.0,,4.0,,,1.0,,,,,,,,,,
95556,Raniele,264,COR,4,Meia,6,8.47,0.12,4.4,4,4.2,,8.0,,,2.0,11.0,8.0,1.0,,2.0,,,,,,,,,,
90532,Arthur Melo,284,GRE,4,Meia,5,9.87,0.0,5.2,3,0.0,,9.0,,,,8.0,3.0,,,,,,,,,,,,,
121792,André,284,GRE,5,Atacante,6,3.21,0.0,1.2,3,0.0,,,,,2.0,2.0,2.0,,2.0,1.0,,,,,,,,,,
104994,Wagner Leonardo,284,GRE,3,Zagueiro,6,5.73,0.0,2.93,3,0.0,,1.0,,,,8.0,5.0,,,1.0,,,,,,,1.0,,,
118238,Ronald,284,GRE,4,Meia,6,3.0,0.0,0.0,0,0.0,,,,,,,,,,,,,,,,,,,,
109096,Plata,262,FLA,5,Atacante,6,8.96,-0.48,5.9,2,1.2,,1.0,,,,,1.0,,3.0,,,,,1.0,,,,,,
92182,Juninho,285,INT,3,Zagueiro,6,5.0,0.0,0.0,0,0.0,,,,,,,,,,,,,,,,,,,,
92981,Ronaldo,285,INT,4,Meia,7,4.66,0.49,3.8,5,3.4,,3.0,,,1.0,7.0,8.0,,,3.0,,,,1.0,,,,,,
72951,Mercado,285,INT,3,Zagueiro,7,4.9,0.32,2.2,4,3.5,,2.0,,,2.0,6.0,4.0,,1.0,1.0,,,,,,,,,,
110510,Aguirre,285,INT,2,Lateral,6,4.46,-0.15,2.25,6,1.4,,2.0,,,1.0,9.0,8.0,,,3.0,,,,,,,,,,
88136,Ivan,364,REM,1,Goleiro,6,4.0,0.0,0.0,0,0.0,,,,,,,,,,,,,,,,,,,,
86711,Richard,285,INT,4,Meia,6,4.0,0.0,0.0,0,0.0,,,,,,,,,,,,,,,,,,,,
125467,Viery,284,GRE,3,Zagueiro,7,2.65,-0.84,0.73,3,-1.6,,3.0,,,1.0,3.0,6.0,,,,,1.0,,,,,,,,
107989,Carbonero,285,INT,5,Atacante,7,8.35,-0.88,4.72,6,2.1,,11.0,,,,3.0,3.0,2.0,6.0,9.0,,,1.0,,,,,,,
111466,Victor Gabriel,285,INT,3,Zagueiro,7,3.82,-0.45,1.9,5,-0.2,,2.0,,,2.0,9.0,10.0,,,,,,,,,,,,,
101960,Vitinho,285,INT,5,Atacante,2,6.3,0.05,3.37,6,1.4,,11.0,,,1.0,5.0,9.0,1.0,3.0,3.0,,,1.0,,,,,,,
89637,Thiago Maia,285,INT,4,Meia,6,5.62,0.0,1.5,1,0.0,,,,,,1.0,,,,,,,,,,,,,,
115479,Paulo Pezzolano,285,INT,6,Técnico,7,6.34,-0.1,3.82,6,2.74,,,,,,,,,,,,,,,,,,,,
107174,Bruno Tabata,285,INT,4,Meia,6,4.28,0.0,0.9,2,0.0,,1.0,,,,,2.0,1.0,1.0,1.0,,,,,,,,,,
123744,Alan Rodríguez,285,INT,4,Meia,7,4.03,-0.73,0.8,4,0.2,,2.0,,,,1.0,3.0,,,2.0,,,,,,,,,,
137618,Clayton Sampaio,285,INT,3,Zagueiro,6,3.0,0.0,0.0,0,0.0,,,,,,,,,,,,,,,,,,,,
143488,Raykkonen,285,INT,5,Atacante,6,2.63,0.0,0.5,1,0.0,,1.0,,,,,,,,,,,,,,,,,,
71684,Gustavo Gómez,275,PAL,3,Zagueiro,7,11.39,0.57,5.52,6,5.8,,2.0,,1.0,,3.0,5.0,1.0,,4.0,,,1.0,2.0,,,,,,
106202,Bruno Gomes,285,INT,4,Meia,7,6.72,-0.38,4.03,6,0.5,,7.0,,,,11.0,4.0,,,3.0,1.0,,,,,,,,,
124271,Gustavo Prado,285,INT,4,Meia,6,4.0,0.0,0.0,0,0.0,,,,,,,,,,,,,,,,,,,,
111683,Anthoni,285,INT,1,Goleiro,6,3.0,0.0,0.0,0,0.0,,,,,,,,,,,,,,,,,,,,
93790,Marlon Freitas,275,PAL,4,Meia,7,5.99,-0.85,2.2,6,1.5,,,,,1.0,7.0,8.0,1.0,1.0,,,,1.0,,,,,,,
68872,Marcelo Lomba,275,PAL,1,Goleiro,6,4.0,0.0,0.0,0,0.0,,,,,,,,,,,,,,,,,,,,
97653,Murilo,275,PAL,3,Zagueiro,2,7.57,0.0,4.67,4,0.0,,,,,,4.0,5.0,,1.0,,,,1.0,1.0,,,,,,
102130,Piquerez,275,PAL,2,Lateral,7,11.1,0.16,6.44,5,5.5,,7.0,,1.0,,8.0,1.0,,2.0,2.0,1.0,,1.0,,,,,,,
70592,Felipe Anderson,275,PAL,4,Meia,6,7.74,-0.83,2.37,3,1.7,,1.0,,,,4.0,2.0,,1.0,,,,,,,,,,,
84674,Lucas Evangelista,275,PAL,4,Meia,6,5.76,-0.4,1.5,4,1.0,,2.0,,,,,,,,,,,1.0,,,,,,,
92811,Bruno Rodrigues,283,CRU,5,Atacante,5,3.2,0.0,0.25,2,0.0,,1.0,,,,,,,,,,,,,,,,,,
105647,Maurício,275,PAL,4,Meia,2,7.94,0.94,4.26,5,6.6,,4.0,,,1.0,3.0,5.0,1.0,1.0,4.0,,,1.0,1.0,,,,,,
99818,Paulinho,275,PAL,5,Atacante,6,15.0,0.0,0.0,0,0.0,,,,,,,,,,,,,,,,,,,,
71631,Weverton,284,GRE,1,Goleiro,7,5.71,-1.27,1.98,6,-1.0,13.0,,10.0,,1.0,,,,,,,1.0,,,,,,,1.0,
111832,Jefté,275,PAL,2,Lateral,6,2.89,0.0,-0.3,2,0.0,,,,,,,2.0,,,,,,,,,,,,,
104084,Carlos Miguel,275,PAL,1,Goleiro,7,7.78,0.87,3.95,6,7.1,19.0,4.0,7.0,1.0,1.0,,,,,,,,,,,,,,,
108683,Emiliano Martínez,275,PAL,4,Meia,6,4.52,-0.48,0.0,1,0.0,,,,,,,,,,,,,,,,,,,,
110506,Abel Ferreira,275,PAL,6,Técnico,7,12.18,0.64,6.74,6,7.57,,,,,,,,,,,,,,,,,,4.0,,
105175,Khellven,275,PAL,2,Lateral,7,5.35,0.0,2.16,5,0.0,,5.0,,,1.0,10.0,9.0,,,,,,,,,,,,,1.0
104085,Bruno Fuchs,275,PAL,3,Zagueiro,2,8.1,0.41,2.95,2,4.4,,,,1.0,,1.0,2.0,,,,,,,,,,,,,
112863,Ramón Sosa,275,PAL,5,Atacante,6,6.0,0.0,3.06,5,0.0,,2.0,,,,2.0,3.0,,1.0,,1.0,,,1.0,,,,,,
113103,Flaco López,275,PAL,5,Atacante,7,15.67,1.21,7.12,6,12.7,,13.0,,,,6.0,13.0,5.0,3.0,5.0,,,,3.0,,,,,,
141451,Allan,275,PAL,4,Meia,2,13.29,0.09,6.48,6,3.2,,13.0,,,2.0,10.0,7.0,1.0,4.0,1.0,,,,2.0,,,,,,
130612,Luighi,275,PAL,5,Atacante,6,2.63,0.0,0.6,4,0.0,,1.0,,,1.0,2.0,3.0,,,1.0,,,,,,,,,,
136156,Larson,275,PAL,4,Meia,6,2.24,-0.3,-0.15,2,-0.3,,,,,,,1.0,,,,,,,,,,,,,
72279,Thomazella,2305,MIR,1,Goleiro,6,2.0,0.0,0.0,0,0.0,,,,,,,,,,,,,,,,,,,,
73318,Daniel Borges,2305,MIR,2,Lateral,6,4.0,0.0,0.0,0,0.0,,,,,,,,,,,,,,,,,,,,
81005,André Luis,2305,MIR,5,Atacante,6,5.1,0.1,1.5,1,1.5,,3.0,,,,,,,,,,,,,,,,,,
79066,Alex Muralha,2305,MIR,1,Goleiro,6,3.0,0.0,0.0,0,0.0,,,,,,,,,,,,,,,,,,,,
124526,Giay,275,PAL,2,Lateral,6,6.2,1.68,2.62,5,9.7,,3.0,,1.0,,5.0,3.0,,,,,,,,,,,,,
133679,Benedetti,275,PAL,3,Zagueiro,6,3.0,0.0,0.0,0,0.0,,,,,,,,,,,,,,,,,,,,
97321,Alesson,2305,MIR,5,Atacante,7,8.09,-0.88,4.57,4,-0.3,,4.0,,,,6.0,3.0,,2.0,1.0,,,1.0,,,,,,,
97460,João Victor,2305,MIR,3,Zagueiro,7,4.94,-0.52,1.97,4,0.0,,1.0,,,,2.0,2.0,,,,,,1.0,,,,,,,
102667,Nathan Fogaça,2305,MIR,5,Atacante,7,5.81,-0.8,5.15,4,1.7,,,,,1.0,,7.0,1.0,2.0,3.0,1.0,,,2.0,,,,,,
82775,Lucas Ramon,276,SAO,2,Lateral,7,11.42,0.12,8.9,3,6.7,,5.0,,2.0,,5.0,1.0,,1.0,1.0,,,1.0,,,,,,,
87742,Neto Moura,2305,MIR,4,Meia,7,3.1,-0.77,-0.23,3,-1.6,,1.0,,,2.0,1.0,5.0,,,1.0,,,,,,,,,,
83263,Yuri Lara,2305,MIR,4,Meia,6,4.65,0.0,2.2,3,0.0,,3.0,,,,5.0,2.0,,1.0,,,,,,,,1.0,,,
101708,Felipe Jonatan,294,CFC,2,Lateral,6,5.21,0.0,2.0,1,0.0,,1.0,,,,1.0,,,,,,,,,,,,,,
90917,Carlos Eduardo,2305,MIR,5,Atacante,6,4.06,-0.34,1.03,3,0.5,,5.0,,,,1.0,2.0,3.0,,,,,,,,,,,,
104027,Rafael Guanaes,2305,MIR,6,Técnico,7,6.8,-0.2,3.98,4,1.93,,,,,,,,,,,,,,,,,,1.0,,
117403,Renato Marques,2305,MIR,5,Atacante,6,4.01,0.0,2.1,1,0.0,,2.0,,,,,3.0,,1.0,1.0,,,,,,,,,,
97520,Shaylon,2305,MIR,4,Meia,7,4.4,-0.6,-0.3,1,-0.3,,,,,,,1.0,,,,,,,,,,,,,
92180,Jair Ventura,287,VIT,6,Técnico,7,8.8,1.1,6.37,4,8.4,,,,,,,,,,,,,,,,,,2.0,,
81150,Mayke,277,SAN,2,Lateral,6,4.67,0.0,1.2,1,0.0,,3.0,,,,,1.0,,,,,,,,,,,,,
105903,Aldo Filho,2305,MIR,4,Meia,7,3.99,-0.1,1.6,4,1.4,,1.0,,,2.0,2.0,7.0,,1.0,1.0,,,1.0,,,,,,,
77777,João Schmidt,277,SAN,4,Meia,6,4.93,0.0,1.85,4,0.0,,1.0,,,1.0,5.0,4.0,,,2.0,,,,,,,,,,
83257,Gabriel,277,SAN,5,Atacante,7,10.36,1.98,5.75,2,9.4,,3.0,,,,1.0,,3.0,,1.0,,,,1.0,,,,,,
104204,Edson Carioca,2305,MIR,5,Atacante,6,5.0,0.0,0.0,0,0.0,,,,,,,,,,,,,,,,,,,,
91866,Zé Ivaldo,277,SAN,3,Zagueiro,6,7.49,0.15,4.6,2,3.2,,3.0,,,,5.0,,,1.0,,,1.0,,,,,,,,
104754,Juan Vojvoda,277,SAN,6,Técnico,7,8.18,-0.43,4.59,5,3.98,,,,,,,,,,,,,,,,,,1.0,,
82455,Zé Rafael,277,SAN,4,Meia,5,9.52,0.0,6.97,3,0.0,,4.0,,,1.0,4.0,5.0,,,3.0,,,1.0,1.0,,,,,,
74187,Rincón,277,SAN,4,Meia,6,4.0,0.0,0.0,0,0.0,,,,,,,,,,,,,,,,,,,,
84042,Tiquinho Soares,2305,MIR,5,Atacante,6,6.79,-0.21,1.2,1,1.2,,,,,,1.0,1.0,,,,,,,,,,,,,
87470,Thaciano,277,SAN,4,Meia,6,7.73,-0.87,4.37,3,0.0,,5.0,,,,1.0,1.0,2.0,,2.0,,,,1.0,,,,,,
102256,Rollheiser,277,SAN,4,Meia,6,5.41,-0.86,0.3,4,-1.3,,1.0,,,1.0,,1.0,,1.0,1.0,,,,,,,,,,
78478,Willian Arão,277,SAN,4,Meia,7,6.11,-0.2,0.95,2,1.7,,2.0,,,,1.0,2.0,,,,,,,,,,,,,
95466,Igor Vinícius,277,SAN,2,Lateral,7,9.36,0.0,6.33,3,0.0,,3.0,,,1.0,9.0,4.0,,1.0,,,,1.0,,,,,,,
84847,Luan Peres,277,SAN,3,Zagueiro,3,3.1,-1.35,0.42,5,-2.9,,6.0,,,,3.0,8.0,,,,,,,,,,1.0,,,
102975,Escobar,277,SAN,2,Lateral,6,6.97,0.0,5.2,1,0.0,,1.0,,,1.0,4.0,1.0,,,,,,,,,,,,,
118775,Lautaro Díaz,277,SAN,5,Atacante,6,5.43,0.0,2.1,3,0.0,,1.0,,,,1.0,1.0,,,2.0,1.0,,,,,,,,,
141754,Gabriel Bontempo,277,SAN,4,Meia,7,3.76,-0.06,1.6,5,2.4,,3.0,,,1.0,5.0,4.0,,1.0,,,,,,,,,,,
130811,Souza,277,SAN,2,Lateral,6,8.0,0.0,0.0,0,0.0,,,,,,,,,,,,,,,,,,,,
141868,Vinicius Lira,277,SAN,2,Lateral,5,3.79,-0.42,2.42,4,0.9,,,,,1.0,7.0,6.0,,1.0,1.0,,,,,,,,,,
113690,Diógenes,277,SAN,1,Goleiro,6,2.0,0.0,0.0,0,0.0,,,,,,,,,,,,,,,,,,,,
77656,Cédric Soares,276,SAO,2,Lateral,6,5.72,0.0,2.3,1,0.0,,,,,,1.0,,,,1.0,,,,,,,,,,
108469,Adonis Frías,277,SAN,3,Zagueiro,7,5.1,0.55,1.37,3,4.2,,,,,1.0,3.0,2.0,,1.0,,,,,,,,,,,
142867,Robinho Jr.,277,SAN,5,Atacante,6,3.27,0.0,0.0,1,0.0,,,,,,,,,,,,,,,,,,,,
63008,Rafael Tolói,276,SAO,3,Zagueiro,6,8.5,0.0,10.6,1,0.0,,,,1.0,1.0,4.0,2.0,,1.0,,,,,,,,,,,
81845,Alisson,266,FLU,4,Meia,6,5.53,0.0,0.5,1,0.0,,1.0,,,,,,,,,,,,,,,,,,
70164,Lucas Moura,276,SAO,4,Meia,7,8.27,-0.24,3.05,6,1.6,,5.0,,,,,4.0,,2.0,2.0,,,1.0,1.0,,,,,,
104075,Sabino,276,SAO,3,Zagueiro,7,8.7,1.39,6.52,5,10.4,,6.0,,2.0,,9.0,9.0,,,1.0,,,,1.0,,,,,,
99889,Alan Franco,276,SAO,3,Zagueiro,7,5.99,-0.99,3.33,6,0.0,,1.0,,3.0,2.0,5.0,6.0,,,1.0,,,,,,,,,,
85403,Danielzinho,276,SAO,4,Meia,7,8.5,0.26,4.94,5,5.5,,7.0,,,,4.0,4.0,,,3.0,,,1.0,1.0,,1.0,,,,
89840,Calleri,276,SAO,5,Atacante,7,13.68,-0.03,7.88,6,8.8,,9.0,,,1.0,7.0,8.0,3.0,2.0,2.0,,,,4.0,,,,,,
80570,Wendell,276,SAO,2,Lateral,6,9.79,0.0,7.2,2,0.0,,,,2.0,,4.0,8.0,,,1.0,,,,,,,,,,
91573,Arboleda,276,SAO,3,Zagueiro,6,9.16,-1.54,4.62,5,0.0,,1.0,,2.0,,9.0,3.0,,,,,,,,,,,,,
106294,Marcos Antônio,276,SAO,4,Meia,7,7.5,-0.55,3.77,6,3.5,,6.0,,,,10.0,5.0,1.0,1.0,,,,1.0,,,,,,,
107873,Bobadilla,276,SAO,4,Meia,7,8.8,-1.39,4.42,6,2.2,,1.0,,,1.0,11.0,6.0,1.0,3.0,1.0,1.0,,1.0,,,,,,,
101290,Ferreira,276,SAO,5,Atacante,6,6.26,-1.03,1.33,3,0.0,,3.0,,,1.0,1.0,,,1.0,1.0,,,,,,,,,,
105300,Ferraresi,263,BOT,3,Zagueiro,7,7.24,-0.33,2.97,3,2.7,,,,1.0,,3.0,2.0,,,,,,,,,,,,,
131617,André Silva,276,SAO,5,Atacante,6,6.66,-0.84,0.5,2,0.0,,2.0,,,,,,,,,,,,,,,,,,
141611,Maik,276,SAO,2,Lateral,6,6.23,0.0,4.03,3,0.0,,1.0,,1.0,,5.0,3.0,,,,,,,,,,,,,
140542,Ryan Francisco,276,SAO,5,Atacante,5,5.0,0.0,0.0,0,0.0,,,,,,,,,,,,,,,,,,,,
108588,Tapia,276,SAO,5,Atacante,6,5.47,0.0,2.68,4,0.0,,1.0,,,,3.0,5.0,,,4.0,1.0,,,,,1.0,,,,
113359,Pablo Maia,276,SAO,4,Meia,6,4.4,-0.03,1.22,6,0.5,,2.0,,,1.0,5.0,6.0,,,2.0,,,,,,,,,,
106028,Coronel,276,SAO,1,Goleiro,6,5.0,0.0,0.0,0,0.0,,,,,,,,,,,,,,,,,,,,
97095,Carlos Cuesta,267,VAS,3,Zagueiro,6,6.0,0.0,0.7,3,0.0,,1.0,,,,3.0,5.0,,,2.0,,,,,,,,,,1.0
118563,Rodriguinho,280,RBB,4,Meia,6,5.73,-0.72,4.0,2,0.4,,4.0,,,1.0,,3.0,1.0,,,,,,1.0,,,,,,
81091,Jair,267,VAS,4,Meia,6,6.0,0.0,0.0,0,0.0,,,,,,,,,,,,,,,,,,,,
117818,Young,276,SAO,1,Goleiro,6,3.0,0.0,0.0,0,0.0,,,,,,,,,,,,,,,,,,,,
141609,Lucca,276,SAO,5,Atacante,6,3.0,0.0,0.0,0,0.0,,,,,,,,,,,,,,,,,,,,
93716,Paulo Henrique,267,VAS,2,Lateral,7,9.01,-1.63,4.37,4,0.6,,8.0,,,1.0,6.0,5.0,,1.0,1.0,,,1.0,,,,,,,
86410,Victor Luis,2305,MIR,2,Lateral,6,4.12,0.12,1.3,1,1.3,,1.0,,,,,,,,1.0,,,,,,,,,,
90309,David,267,VAS,5,Atacante,7,4.17,-0.82,1.7,4,0.4,,2.0,,,,,1.0,1.0,1.0,,,,1.0,,,,,,,
95936,Daniel Fuzato,267,VAS,1,Goleiro,6,2.0,0.0,0.0,0,0.0,,,,,,,,,,,,,,,,,,,,
71123,Thiago Mendes,267,VAS,4,Meia,7,7.86,0.0,4.16,5,0.0,,12.0,,,3.0,7.0,5.0,,,1.0,,,,1.0,,,,,,
99198,Vegetti,267,VAS,5,Atacante,6,11.0,0.0,0.0,0,0.0,,,,,,,,,,,,,,,,,,,,
115141,Lucas Freitas,267,VAS,3,Zagueiro,6,3.61,-0.39,0.0,1,0.0,,,,,,,,,,,,,,,,,,,,
86686,Tchê Tchê,267,VAS,4,Meia,7,4.45,-0.23,0.4,3,1.2,,1.0,,,1.0,,1.0,,1.0,1.0,,,,,,,,,,
116706,Andrés Gómez,267,VAS,5,Atacante,7,11.7,-0.8,7.87,6,4.7,,12.0,,,2.0,14.0,10.0,2.0,7.0,5.0,1.0,,2.0,,,,,,,
118752,Mateus Carvalho,267,VAS,4,Meia,5,4.0,0.0,0.0,0,0.0,,,,,,,,,,,,,,,,,,,,
92696,Renato Kayzer,287,VIT,5,Atacante,7,8.84,1.21,5.73,3,6.9,,2.0,,,,,5.0,3.0,1.0,1.0,,,,2.0,,,,,,
111682,Adson,267,VAS,4,Meia,6,6.52,0.0,3.1,1,0.0,,,,,,1.0,,,,2.0,,,,,,,,,,
90588,Caíque,287,VIT,4,Meia,2,4.4,-0.69,1.38,4,0.2,,3.0,,,1.0,4.0,6.0,,,1.0,,,,,,,,,,
105584,Lucas Piton,267,VAS,2,Lateral,6,5.04,-0.41,1.12,6,0.0,,,,,,3.0,2.0,,1.0,2.0,,,,,,,,,,
101594,Hugo Moura,267,VAS,4,Meia,7,3.8,0.03,1.6,3,2.3,,2.0,,,,2.0,,,,1.0,,,,,,,,,,
117330,Robert Renan,267,VAS,3,Zagueiro,7,5.31,-0.05,1.73,6,1.5,,3.0,,,,7.0,8.0,,,1.0,,,,,,,,,,
130414,Robert,315,CHA,4,Meia,5,3.51,0.0,3.0,1,0.0,,,,,,2.0,,,,,,,,,,,,,,
42222,Osvaldo,287,VIT,5,Atacante,6,4.37,0.0,0.8,1,0.0,,,,,,,,,,1.0,,,,,,,,,,
83786,Neris,287,VIT,3,Zagueiro,6,3.08,0.0,1.5,1,0.0,,,,,,1.0,,,,,,,,,,,,,,
101597,Ramon,287,VIT,2,Lateral,7,8.8,0.61,7.1,4,7.9,,5.0,,2.0,1.0,7.0,8.0,,,1.0,,,,1.0,,,,,,
122485,Barros,267,VAS,4,Meia,3,11.94,2.23,9.32,6,13.4,,21.0,,,1.0,17.0,11.0,,,4.0,,,,3.0,,,1.0,,,
99440,Baralhas,287,VIT,4,Meia,7,10.85,1.88,7.93,4,12.5,,7.0,,,1.0,11.0,9.0,,,3.0,,,1.0,1.0,,,,,,
99213,Puma Rodríguez,267,VAS,2,Lateral,6,8.06,0.93,5.85,4,5.8,,1.0,,,1.0,1.0,1.0,1.0,2.0,3.0,,,2.0,1.0,,,,,,
90703,Matheuzinho,287,VIT,4,Meia,7,5.59,-0.5,2.5,4,1.8,,6.0,,,,2.0,,,2.0,2.0,,,,,,,,,,
115100,Matheus França,267,VAS,4,Meia,6,3.55,0.0,0.8,1,0.0,,,,,,,,,,1.0,,,,,,,,,,
101752,Claudinho,287,VIT,2,Lateral,5,4.0,0.0,0.0,0,0.0,,,,,,,,,,,,,,,,,,,,
96793,Camutanga,287,VIT,3,Zagueiro,7,7.6,0.73,5.1,3,5.0,,2.0,,2.0,,1.0,,,1.0,2.0,,,,,,,,,,
98384,Negueba,2305,MIR,5,Atacante,7,9.02,-0.37,7.15,4,4.8,,7.0,,,2.0,10.0,1.0,,1.0,4.0,,,,1.0,,,,,,
100969,Ronald Lopes,287,VIT,4,Meia,6,5.0,0.0,0.0,0,0.0,,,,,,,,,,,,,,,,,,,,
93411,Cantalapiedra,287,VIT,4,Meia,6,5.66,0.0,1.83,3,0.0,,3.0,,,,2.0,3.0,1.0,1.0,1.0,,,,,,,,,,
97645,Thiago Couto,287,VIT,1,Goleiro,6,3.0,0.0,0.0,0,0.0,,,,,,,,,,,,,,,,,,,,
104330,Dudu,287,VIT,4,Meia,5,5.01,0.0,3.95,2,0.0,,1.0,,,,,2.0,,,,,,,1.0,,,,,,
104118,Lucas Arcanjo,287,VIT,1,Goleiro,7,9.13,1.57,9.7,2,8.9,8.0,,1.0,1.0,1.0,,,,,,,1.0,,,,,,,1.0,
111879,Mateus Silva,287,VIT,2,Lateral,6,4.95,0.0,4.85,2,0.0,,3.0,,1.0,,2.0,2.0,,,1.0,,,,,,,,,,
109138,Kike Saverio,287,VIT,5,Atacante,6,5.0,0.0,0.0,0,0.0,,,,,,,,,,,,,,,,,,,,
102796,Julimar,293,CAP,5,Atacante,7,7.07,-0.83,6.38,4,1.5,,2.0,,,,4.0,1.0,,1.0,2.0,,,,2.0,,,,,,
116461,Jamerson,287,VIT,2,Lateral,6,4.98,0.0,3.25,2,0.0,,,,1.0,,1.0,,,,,,,,,,,,,,
111951,Renzo López,287,VIT,5,Atacante,6,2.63,-0.37,-0.2,1,-0.2,,2.0,,,,,4.0,,,,,,,,,,,,,
145387,Rúben Ismael,287,VIT,4,Meia,5,4.0,0.0,0.0,0,0.0,,,,,,,,,,,,,,,,,,,,
90031,Mendoza,293,CAP,5,Atacante,7,8.91,1.49,5.73,4,9.5,,1.0,,,,3.0,3.0,,1.0,2.0,,,,2.0,,,,,,
92273,Odair Hellmann,293,CAP,6,Técnico,7,7.89,0.3,5.48,4,4.5,,,,,,,,,,,,,,,,,,2.0,,
130620,Edenílson,287,VIT,4,Meia,2,3.83,0.83,2.9,1,2.9,,1.0,,,,2.0,2.0,,,,,,,,,,,,,
145510,Paulo Roberto,287,VIT,2,Lateral,6,3.0,0.0,0.0,0,0.0,,,,,,,,,,,,,,,,,,,,
85626,Léo,293,CAP,3,Zagueiro,6,5.74,0.0,4.7,1,0.0,,,,1.0,,,1.0,,,,,,,,,,,,,
80129,Jadson,293,CAP,4,Meia,6,4.79,-0.24,1.23,3,1.2,,4.0,,,1.0,2.0,1.0,,,,,,,,,,,,,
110668,Esquivel,293,CAP,2,Lateral,7,7.13,1.6,5.53,3,8.5,,5.0,,,,3.0,4.0,,,1.0,,,2.0,,,,,,,
120433,Léo Derik,293,CAP,2,Lateral,6,4.26,-0.11,3.33,3,0.0,,1.0,,1.0,,3.0,,,,,,,,,,,,,,
105518,Renan Peixoto,293,CAP,5,Atacante,5,3.61,-0.39,0.0,1,0.0,,,,,,,,,,,,,,,,,,,,
115270,Habraão,293,CAP,3,Zagueiro,6,3.0,0.0,0.0,0,0.0,,,,,,,,,,,,,,,,,,,,
123869,Aguirre,293,CAP,3,Zagueiro,7,5.02,-0.37,2.8,3,0.5,,2.0,,1.0,,1.0,1.0,,1.0,,,,,,,,,,,
110698,Mycael,293,CAP,1,Goleiro,6,5.0,0.0,0.0,0,0.0,,,,,,,,,,,,,,,,,,,,
112017,Felipinho,293,CAP,4,Meia,6,4.2,0.2,1.5,1,1.5,,,,,,1.0,,,,,,,,,,,,,,
107985,Terán,293,CAP,3,Zagueiro,6,5.37,0.0,3.1,4,2.5,,3.0,,1.0,,4.0,3.0,,,1.0,,,,,,,,,,
113113,Benavídez,293,CAP,2,Lateral,7,6.25,-0.6,4.32,4,2.0,,3.0,,1.0,,4.0,3.0,1.0,,1.0,,,1.0,,,,,,,
115266,Renan Viana,293,CAP,5,Atacante,6,2.0,0.0,0.0,0,0.0,,,,,,,,,,,,,,,,,,,,
122316,Batata,293,CAP,2,Lateral,6,1.0,0.0,0.0,0,0.0,,,,,,,,,,,,,,,,,,,,
128431,João Cruz,293,CAP,4,Meia,6,5.06,0.0,1.6,1,0.0,,,,,,,,,,2.0,,,,,,,,,,
131832,Portilla,293,CAP,4,Meia,7,2.52,-0.33,-0.28,4,0.0,,1.0,,,1.0,1.0,7.0,,,,,,,,,,,,,
122439,Isaac,293,CAP,5,Atacante,6,2.0,0.0,0.0,0,0.0,,,,,,,,,,,,,,,,,,,,
143532,Carlos Eduardo,293,CAP,1,Goleiro,6,1.0,0.0,0.0,0,0.0,,,,,,,,,,,,,,,,,,,,
130842,Matheus Soares,293,CAP,1,Goleiro,6,1.0,0.0,0.0,0,0.0,,,,,,,,,,,,,,,,,,,,
123101,Leozinho,293,CAP,5,Atacante,6,2.56,0.0,-0.3,1,0.0,,,,,,,1.0,,,,,,,,,,,,,
63354,Rodrigo Moledo,294,CFC,3,Zagueiro,6,3.0,0.0,0.0,0,0.0,,,,,,,,,,,,,,,,,,,,
125746,Dudu,293,CAP,4,Meia,6,0.75,0.0,0.17,3,0.0,,1.0,,,,,,,,,,,,,,,,,,
125926,Zapelli,293,CAP,4,Meia,3,6.33,0.48,3.23,4,4.0,,4.0,,,1.0,6.0,5.0,,,3.0,,,1.0,,,,1.0,,,
143193,Viveros,293,CAP,5,Atacante,7,10.03,-1.2,6.9,4,-0.2,,17.0,,,1.0,1.0,12.0,2.0,3.0,6.0,,,1.0,1.0,,1.0,,,,
128429,Marcão,293,CAP,3,Zagueiro,6,3.0,0.0,0.0,0,0.0,,,,,,,,,,,,,,,,,,,,
127970,Felipe Chiqueti,293,CAP,4,Meia,7,1.94,0.0,1.95,2,0.0,,4.0,,,1.0,1.0,2.0,,1.0,1.0,,,,,,,,,,
50742,Gabriel Leite,294,CFC,1,Goleiro,6,3.0,0.0,0.0,0,0.0,,,,,,,,,,,,,,,,,,,,
71227,Maicon,294,CFC,3,Zagueiro,7,4.91,0.1,2.78,6,5.0,,2.0,,2.0,,4.0,1.0,,,,,,,,,,,,,
81952,Willian Oliveira,294,CFC,4,Meia,6,5.65,0.05,2.86,5,2.7,,2.0,,,,9.0,6.0,,,2.0,,,,,,,,,,
128427,Alejandro García,293,CAP,4,Meia,6,4.0,0.0,0.0,0,0.0,,,,,,,,,,,,,,,,,,,,
145609,Élan Ricardo,293,CAP,4,Meia,6,3.0,0.0,0.0,0,0.0,,,,,,,,,,,,,,,,,,,,
84339,Bruno Melo,294,CFC,2,Lateral,7,6.03,0.94,4.2,5,8.0,,2.0,,2.0,1.0,4.0,2.0,2.0,,1.0,,,1.0,,,,,,,
90302,Pedro Rocha,294,CFC,5,Atacante,7,8.04,1.51,4.67,6,8.9,,9.0,,,1.0,1.0,11.0,5.0,3.0,9.0,,,,2.0,,,,,,
97878,Jacy,294,CFC,3,Zagueiro,7,5.21,0.0,3.54,5,0.0,,3.0,,1.0,1.0,3.0,1.0,,,,,,,1.0,,,,,,
84428,Fernando Sobral,294,CFC,4,Meia,6,4.56,0.0,1.5,2,0.0,,,,,,2.0,,,,,,,,,,,,,,
101405,Wallisson,294,CFC,4,Meia,7,5.55,0.29,4.32,4,3.4,,4.0,,,1.0,12.0,8.0,1.0,,1.0,,,,,,,,,,
110708,Pedro Rangel,294,CFC,1,Goleiro,7,5.17,0.79,4.47,3,6.3,3.0,1.0,1.0,2.0,,,,,,,,,,,,,,,,
82628,Tinga,294,CFC,2,Lateral,6,5.55,0.0,3.17,4,0.0,,2.0,,,,8.0,1.0,,,,,,,,,,,,,
117930,Lavega,294,CFC,5,Atacante,6,4.57,-0.26,3.2,6,1.5,,2.0,,,1.0,6.0,3.0,1.0,,4.0,,,,1.0,,,,,,
126977,Fernando Seabra,294,CFC,6,Técnico,7,7.63,0.25,5.89,6,7.16,,,,,,,,,,,,,,,,,,3.0,,
84626,Josué,294,CFC,4,Meia,7,5.2,-1.47,3.32,5,1.2,,6.0,,,,3.0,5.0,,1.0,3.0,,,2.0,,,,1.0,,,
123648,Lucas Ronier,294,CFC,5,Atacante,7,10.74,-1.66,10.08,6,3.7,,15.0,,,2.0,16.0,6.0,,1.0,7.0,1.0,,3.0,1.0,,,,,,
104811,Sebastián Gómez,294,CFC,4,Meia,7,4.26,0.59,2.15,4,4.3,,5.0,,,1.0,4.0,7.0,,2.0,1.0,,,,,,,,,,
112576,Vini Paulista,294,CFC,4,Meia,6,3.16,-0.15,1.97,6,0.0,,4.0,,,,6.0,,,,1.0,,,,,,,,,,
125803,Pedro Morisco,294,CFC,1,Goleiro,5,8.04,0.0,5.0,4,0.0,20.0,2.0,5.0,,1.0,,,,,,,1.0,,,,,,,,
125551,Jean Gabriel,294,CFC,4,Meia,6,2.0,0.0,0.0,0,0.0,,,,,,,,,,,,,,,,,,,,
133460,Felipe Guimarães,294,CFC,2,Lateral,6,1.0,0.0,0.0,0,0.0,,,,,,,,,,,,,,,,,,,,
124358,João Almeida,294,CFC,2,Lateral,6,1.0,0.0,0.0,0,0.0,,,,,,,,,,,,,,,,,,,,
130283,Matheus Dias,294,CFC,4,Meia,6,1.0,0.0,0.0,0,0.0,,,,,,,,,,,,,,,,,,,,
109127,Tiago Cóser,294,CFC,3,Zagueiro,6,3.0,0.43,2.1,5,4.7,,,,2.0,1.0,2.0,5.0,,,,,,,,,,,,,
124834,Ruan Assis,294,CFC,5,Atacante,6,1.0,0.0,0.0,0,0.0,,,,,,,,,,,,,,,,,,,,
83074,Ygor Vinhas,364,REM,1,Goleiro,6,3.0,0.0,0.0,0,0.0,,,,,,,,,,,,,,,,,,,,
115840,Benassi,294,CFC,1,Goleiro,5,1.0,0.0,0.0,0,0.0,,,,,,,,,,,,,,,,,,,,
141337,Lucas Taverna,294,CFC,2,Lateral,6,1.0,0.0,0.0,0,0.0,,,,,,,,,,,,,,,,,,,,
131279,Thiago Azaf,294,CFC,5,Atacante,6,1.0,0.0,0.0,0,0.0,,,,,,,,,,,,,,,,,,,,
84708,Panagiotis,364,REM,4,Meia,6,3.0,0.0,0.0,0,0.0,,,,,,,,,,,,,,,,,,,,
90846,Klaus,364,REM,3,Zagueiro,6,4.0,0.0,0.0,0,0.0,,,,,,,,,,,,,,,,,,,,
85315,Cantillo,364,REM,4,Meia,6,5.0,0.0,0.0,0,0.0,,,,,,,,,,,,,,,,,,,,
82730,Marcelo Rangel,364,REM,1,Goleiro,7,4.85,-0.38,3.15,6,1.6,23.0,,11.0,,,,,,,,,,,,,,,,,
97795,Marcelinho,364,REM,2,Lateral,7,2.32,0.15,0.4,3,1.5,,,,,,1.0,1.0,,,,,,,,,,,,,
96831,Carlinhos,364,REM,5,Atacante,6,3.5,0.0,-1.0,0,0.0,,,,,1.0,,,,,,,,,,,,,,,
95555,Sávio,364,REM,2,Lateral,7,4.66,-0.63,2.47,3,0.0,,5.0,,,,3.0,1.0,1.0,,1.0,,,,,,,,,,
97735,Giovanni Pavani,364,REM,4,Meia,6,2.98,0.0,1.5,1,0.0,,,,,,1.0,,,,,,,,,,,,,,
104257,João Lucas,364,REM,2,Lateral,3,4.59,-1.1,2.82,6,-0.8,,6.0,,,3.0,11.0,8.0,,1.0,2.0,,,,,,,,,,
98224,Jáderson,364,REM,4,Meia,6,3.58,-0.29,0.85,2,0.0,,4.0,,,,,1.0,,,,,,,,,,,,,
117338,Yago Ferreira,364,REM,4,Meia,6,2.0,0.0,0.0,0,0.0,,,,,,,,,,,,,,,,,,,,
102911,Zé Ricardo,364,REM,4,Meia,6,5.21,1.16,3.73,6,7.0,,4.0,,,1.0,15.0,9.0,,,2.0,,,,,,,,,,
107700,Eduardo Melo,364,REM,5,Atacante,5,2.13,0.0,1.4,1,0.0,,,,,,1.0,,1.0,,,,,,,,,,,,
107172,Patrick de Paula,364,REM,4,Meia,7,7.64,0.0,6.02,5,0.0,,11.0,,,3.0,7.0,7.0,,3.0,7.0,,,2.0,,,,,,,
145782,Tassano,364,REM,3,Zagueiro,6,3.0,0.0,0.0,0,0.0,,,,,,,,,,,,,,,,,,,,
111945,Diego Hernández,364,REM,4,Meia,6,3.92,0.0,1.75,2,0.0,,,,,1.0,2.0,3.0,,2.0,,,,,,,,,,,
143455,PH Gama,364,REM,4,Meia,6,2.0,0.0,0.0,0,0.0,,,,,,,,,,,,,,,,,,,,
141385,João Victor,364,REM,1,Goleiro,6,1.0,0.0,0.0,0,0.0,,,,,,,,,,,,,,,,,,,,
142593,Nicolás Ferreira,364,REM,5,Atacante,6,2.74,0.0,0.2,1,0.0,,,,,,,2.0,,,1.0,,,,,,,,,,
146040,João Pedro,364,REM,5,Atacante,7,3.13,0.0,2.06,5,0.0,,4.0,,,2.0,1.0,9.0,1.0,1.0,3.0,,,,1.0,,,,,,
122441,Kayky Almeida,364,REM,3,Zagueiro,6,2.26,-0.33,1.58,5,0.0,,1.0,,,1.0,5.0,5.0,,2.0,,,,,,,,,,,
83048,Rafael Thyere,315,CHA,3,Zagueiro,6,4.0,0.0,0.0,0,0.0,,,,,,,,,,,,,,,,,,,,
88293,Neto Pessoa,315,CHA,5,Atacante,6,3.74,0.0,2.8,1,0.0,,1.0,,,,1.0,,,,1.0,,,,,,,,,,
141386,Marcos Alexandre,364,REM,1,Goleiro,6,1.0,0.0,0.0,0,0.0,,,,,,,,,,,,,,,,,,,,
70958,Jean Carlos,315,CHA,4,Meia,7,9.04,-0.3,7.0,5,2.0,,4.0,,,,2.0,,,2.0,2.0,,,2.0,2.0,,,,,,
68822,Rafael Santos,315,CHA,1,Goleiro,6,3.0,0.0,0.0,0,0.0,,,,,,,,,,,,,,,,,,,,
73481,Gilmar Dal Pozzo,315,CHA,6,Técnico,7,6.29,0.37,4.74,5,3.85,,,,,,,,,,,,,,,,,,1.0,,
71043,Léo Vieira,315,CHA,1,Goleiro,7,5.29,0.09,4.54,5,3.4,24.0,3.0,9.0,,1.0,,,,,,,,,,,,,,,
97432,Victor Caetano,315,CHA,3,Zagueiro,7,3.73,0.0,2.53,4,0.0,,1.0,,,,7.0,3.0,,,,,,,,,,,,,
95620,Bruno Leonardo,315,CHA,3,Zagueiro,7,3.15,0.11,1.67,4,1.5,,2.0,,,,3.0,,,1.0,,,,,,,,,,,
68938,Giovanni Augusto,315,CHA,4,Meia,6,4.26,0.07,1.58,4,2.5,,6.0,,,,3.0,4.0,,,,,,,,,,,,,
101393,Eduardo Doma,315,CHA,3,Zagueiro,7,3.98,0.25,3.2,5,1.8,,1.0,,,1.0,5.0,2.0,,,2.0,,,,1.0,,,,,,
94286,Perotti,315,CHA,5,Atacante,6,3.69,-0.31,0.2,1,0.2,,1.0,,,,,1.0,,,,,,,,,,,,,
109336,Rafael Carvalheira,315,CHA,4,Meia,7,5.84,1.09,3.18,5,5.7,,,,,1.0,7.0,8.0,,,1.0,,,,1.0,,,,,,
102906,Anderson,315,CHA,1,Goleiro,5,3.0,0.0,0.0,0,0.0,,,,,,,,,,,,,,,,,,,,
107516,Ênio,315,CHA,5,Atacante,6,4.0,0.0,0.0,0,0.0,,,,,,,,,,,,,,,,,,,,
95332,Marcinho,315,CHA,5,Atacante,7,3.74,0.76,2.26,5,4.2,,5.0,,,,4.0,2.0,2.0,1.0,3.0,,,,,,,,,,
105664,Walter Clar,315,CHA,2,Lateral,7,8.54,1.52,6.48,5,8.2,,1.0,,,,2.0,3.0,,,1.0,,,1.0,3.0,,,,,,
97969,Marcos Vinícius,315,CHA,2,Lateral,5,2.0,0.0,-1.3,1,0.0,,,,,1.0,,1.0,,,,,,,,,,,,,
104519,Camilo,315,CHA,4,Meia,7,4.76,0.0,2.88,4,0.0,,4.0,,,1.0,8.0,5.0,,,,,,,,,,,,,
103987,Higor Meritão,315,CHA,4,Meia,6,7.52,0.3,5.33,4,3.6,,1.0,,,1.0,10.0,8.0,,1.0,,,,,1.0,,,,,,
107453,João Paulo,315,CHA,3,Zagueiro,6,4.91,0.0,7.0,1,0.0,,1.0,,,,1.0,,,,,,,1.0,,,,,,,
116066,Rubens,315,CHA,5,Atacante,6,3.01,0.0,2.83,3,0.0,,1.0,,,,,,,,,,,,1.0,,,,,,
121870,Gustavo Talles,315,CHA,2,Lateral,6,2.0,0.0,0.0,0,0.0,,,,,,,,,,,,,,,,,,,,
122138,João Vitor,315,CHA,4,Meia,6,3.67,0.77,2.27,3,4.7,,1.0,,,,3.0,2.0,,,3.0,,,,,,,,,,
111279,Mancha,315,CHA,2,Lateral,6,3.0,0.0,0.0,0,0.0,,,,,,,,,,,,,,,,,,,,
104470,Everton,315,CHA,2,Lateral,7,4.18,-0.14,2.98,5,1.2,,3.0,,,2.0,5.0,5.0,,1.0,4.0,,,1.0,,,,,,,
123625,Ítalo,315,CHA,5,Atacante,6,2.78,0.23,1.76,5,2.7,,3.0,,,,4.0,1.0,2.0,,1.0,,,,,,1.0,,,,
95550,Pedro Henrique,287,VIT,5,Atacante,5,3.0,0.0,0.0,0,0.0,,,,,,,,,,,,,,,,,,,,
